Date,Open,High,Low,Close,Volume,Dividends,Stock Splits
2022-01-03 00:00:00-05:00,174.5429172102293,179.49957387951153,174.4251401333062,178.64564514160156,104487900,0.0,0.0
2022-01-04 00:00:00-05:00,179.25420553725706,179.55847298837972,175.80907606705392,176.37835693359375,99310400,0.0,0.0
2022-01-05 00:00:00-05:00,176.29003276011701,176.83967914737053,171.41189860813105,171.6867218017578,94537600,0.0,0.0
2022-01-06 00:00:00-05:00,169.50770597554322,172.05965199706762,168.46730205155964,168.82064819335938,96904000,0.0,0.0
2022-01-07 00:00:00-05:00,169.69424129913546,170.92113587009246,167.86862157848182,168.987548828125,86709100,0.0,0.0
2022-01-10 00:00:00-05:00,165.95467253383114,169.31145435336728,165.06148967296951,169.00718688964844,106765600,0.0,0.0
2022-01-11 00:00:00-05:00,169.13475736538487,171.94187730471353,167.66248412220457,171.84373474121094,76138300,0.0,0.0
2022-01-12 00:00:00-05:00,172.8645368239584,173.90494104881037,171.58857842094562,172.2854461669922,74805200,0.0,0.0
2022-01-13 00:00:00-05:00,172.53082457713552,173.35529415174287,168.6145716326397,169.00718688964844,84505800,0.0,0.0
2022-01-14 00:00:00-05:00,168.1728627813742,170.56776300627916,167.9274839054903,169.8708953857422,80440800,0.0,0.0
2022-01-18 00:00:00-05:00,168.33972966979056,169.35068950665382,166.27855596311068,166.66134643554688,90956700,0.0,0.0
2022-01-19 00:00:00-05:00,166.85762015573826,167.91765859864194,162.872669976532,163.1573028564453,94815000,0.0,0.0
2022-01-20 00:00:00-05:00,163.8934762825247,166.54356549753263,161.14522951347425,161.46913146972656,91420500,0.0,0.0
2022-01-21 00:00:00-05:00,161.38078458519854,163.25548287606637,159.2999764162496,159.40794372558594,122848900,0.0,0.0
2022-01-24 00:00:00-05:00,157.06212195335075,159.29997620135896,151.84045205683918,158.63253784179688,162294600,0.0,0.0
2022-01-25 00:00:00-05:00,156.04135309194953,159.75148103294072,154.11759081418975,156.82656860351562,115798400,0.0,0.0
2022-01-26 00:00:00-05:00,160.47780767829823,161.3513560017588,154.90280601323298,156.7382354736328,108275300,0.0,0.0
2022-01-27 00:00:00-05:00,159.44720772831658,160.81151382611307,155.35428943492713,156.27691650390625,121954600,0.0,0.0
2022-01-28 00:00:00-05:00,162.64695192499494,167.2011835771804,159.79073801782928,167.18154907226562,179935700,0.0,0.0
2022-01-31 00:00:00-05:00,167.01465914894592,171.76518995088517,166.37666517165817,171.54925537109375,115541600,0.0,0.0
2022-02-01 00:00:00-05:00,170.79353091508946,171.6081906924981,169.12495732448602,171.3824462890625,86213900,0.0,0.0
2022-02-02 00:00:00-05:00,171.51984280427115,172.62896017118422,170.12609251689003,172.58969116210938,84914300,0.0,0.0
2022-02-03 00:00:00-05:00,171.25483696595504,172.98231399971922,168.93845956073986,169.70404052734375,89418100,0.0,0.0
2022-02-04 00:00:00-05:00,168.72125118343195,171.09955797995624,167.73848523293438,169.4190216064453,82465400,0.22,0.0
2022-02-07 00:00:00-05:00,169.88093057527257,170.95214191132882,168.00384392494493,168.7016143798828,77251200,0.0,0.0
2022-02-08 00:00:00-05:00,168.7704203940124,172.32804392038554,168.4755875609354,171.81700134277344,74829200,0.0,0.0
2022-02-09 00:00:00-05:00,173.01597239364082,173.60562304759242,171.88578239754793,173.24200439453125,71285000,0.0,0.0
2022-02-10 00:00:00-05:00,171.13889356700463,172.4557965844286,168.59353288500876,169.15370178222656,90865900,0.0,0.0
2022-02-11 00:00:00-05:00,169.3600979658817,170.09717260247885,165.14402264688573,165.7336883544922,98670700,0.0,0.0
2022-02-14 00:00:00-05:00,164.48557217382995,166.6574920486195,163.68953396046075,165.9695587158203,86185500,0.0,0.0
2022-02-15 00:00:00-05:00,168.02352253075418,169.96939522398472,167.31592973397568,169.81214904785156,62527400,0.0,0.0
2022-02-16 00:00:00-05:00,168.8883606728898,170.35267256794222,167.11937868964532,169.5762939453125,61177400,0.0,0.0
2022-02-17 00:00:00-05:00,168.08250002280826,168.94733906736835,165.5666209795301,165.9695587158203,69589300,0.0,0.0
2022-02-18 00:00:00-05:00,166.893337952625,167.6009157130797,163.32589238939244,164.41676330566406,82772700,0.0,0.0
2022-02-22 00:00:00-05:00,162.13672755479107,163.81726398261975,159.35549802549073,161.4881134033203,91162800,0.0,0.0
2022-02-23 00:00:00-05:00,162.68711897669968,163.2866069910588,156.99690896812956,157.3114013671875,90009200,0.0,0.0
2022-02-24 00:00:00-05:00,149.95045639119465,160.04346864256559,149.38045024208816,159.93536376953125,141147500,0.0,0.0
2022-02-25 00:00:00-05:00,161.0164144612621,162.27435402769208,158.09759757776467,162.00901794433594,91974200,0.0,0.0
2022-02-28 00:00:00-05:00,160.249841950296,162.569170605232,159.63069449285575,162.2743377685547,95056600,0.0,0.0
2022-03-01 00:00:00-05:00,161.86158516779412,163.72884988791748,159.1786377230553,160.38743591308594,83474400,0.0,0.0
2022-03-02 00:00:00-05:00,161.55694370851774,164.47576067919033,160.14175790506158,163.68954467773438,79724800,0.0,0.0
2022-03-03 00:00:00-05:00,165.5665743810418,165.998993781618,162.69689971772982,163.36517333984375,76678400,0.0,0.0
2022-03-04 00:00:00-05:00,161.65518372489828,162.69691327903544,159.30637359945834,160.35792541503906,83737200,0.0,0.0
2022-03-07 00:00:00-05:00,160.54468531235605,162.17608078588069,156.2991281758325,156.55465698242188,96418800,0.0,0.0
2022-03-08 00:00:00-05:00,156.08289108388198,160.07291833180403,153.11493379768748,154.72666931152344,131148300,0.0,0.0
2022-03-09 00:00:00-05:00,158.69707147174915,160.59381791240634,156.66275336768058,160.14173889160156,91454900,0.0,0.0
2022-03-10 00:00:00-05:00,157.43912578291366,157.62585374072557,153.2918516527838,155.7880859375,105342000,0.0,0.0
2022-03-11 00:00:00-05:00,156.19098370126798,156.53495777871652,151.83733778352595,152.06336975097656,96970100,0.0,0.0
2022-03-14 00:00:00-04:00,148.83991330847238,151.4638968278343,147.51318815597864,148.0242156982422,108732100,0.0,0.0
2022-03-15 00:00:00-04:00,148.29939820148408,152.88892907582556,147.78837062747488,152.4171905517578,92964300,0.0,0.0
2022-03-16 00:00:00-04:00,154.34344099306256,157.24259840193366,151.79808003042874,156.83966064453125,102300200,0.0,0.0
2022-03-17 00:00:00-04:00,155.87657371624363,158.22538472821455,154.91346687759844,157.8519287109375,75615400,0.0,0.0
2022-03-18 00:00:00-04:00,157.74380683948462,161.64539008752615,157.00673214520708,161.1540069580078,123511700,0.0,0.0
2022-03-21 00:00:00-04:00,160.692093743218,163.4831611094786,160.20071065000747,162.52987670898438,95811400,0.0,0.0
2022-03-22 00:00:00-04:00,162.6575851247512,166.50020354427738,162.06793455898944,165.91055297851562,81532000,0.0,0.0
2022-03-23 00:00:00-04:00,165.09489967753055,169.6647565186416,164.7607477720155,167.27664184570312,98062700,0.0,0.0
2022-03-24 00:00:00-04:00,168.11196337652208,171.1388847047802,167.27662120536306,171.07009887695312,90131400,0.0,0.0
2022-03-25 00:00:00-04:00,170.88338808927602,172.25925474224047,169.77285750778353,171.7089080810547,80546200,0.0,0.0
2022-03-28 00:00:00-04:00,169.20282003972102,172.70146459251646,169.03575161959526,172.57371520996094,90371900,0.0,0.0
2022-03-29 00:00:00-04:00,173.64492571274934,175.92493501881802,173.30095161685145,175.8758087158203,100589400,0.0,0.0
2022-03-30 00:00:00-04:00,175.4728856845117,176.51461532464543,173.6547624474948,174.70632934570312,92633200,0.0,0.0
2022-03-31 00:00:00-04:00,174.77514559518622,174.9618735812638,171.39442730950734,171.60081481933594,103049300,0.0,0.0
2022-04-01 00:00:00-04:00,171.03079590947166,171.86615315495757,168.9768182066353,171.30596923828125,78751300,0.0,0.0
2022-04-04 00:00:00-04:00,171.56150664678344,175.413948439192,171.43374223920495,175.36480712890625,76468400,0.0,0.0
2022-04-05 00:00:00-04:00,174.44099692209318,175.22721286513178,171.4140752886788,172.0430450439453,73401800,0.0,0.0
2022-04-06 00:00:00-04:00,169.38959355700894,170.63771090886573,167.19802899107668,168.8687286376953,89058800,0.0,0.0
2022-04-07 00:00:00-04:00,168.21021818380677,170.37230020501354,166.92279723009895,169.17332458496094,77594700,0.0,0.0
2022-04-08 00:00:00-04:00,168.81956860456353,168.81956860456353,166.28403012969582,167.15869140625,76575500,0.0,0.0
2022-04-11 00:00:00-04:00,165.80247259982983,166.11694994882637,162.6477868725991,162.8934783935547,72246700,0.0,0.0
2022-04-12 00:00:00-04:00,165.12439582857587,166.94250446300077,163.76817355312954,164.77059936523438,79265200,0.0,0.0
2022-04-13 00:00:00-04:00,164.50518266503607,168.09227218565746,163.89587260842424,167.4633026123047,70618900,0.0,0.0
2022-04-14 00:00:00-04:00,167.67953574643167,168.318342665353,162.1956994829688,162.44139099121094,75329400,0.0,0.0
2022-04-18 00:00:00-04:00,161.09501447518673,163.72883537462482,160.75105534373716,162.22520446777344,69023900,0.0,0.0
2022-04-19 00:00:00-04:00,162.17607195952326,164.92782013945308,161.08520094874402,164.51504516601562,67723800,0.0,0.0
2022-04-20 00:00:00-04:00,165.851592274227,165.9695343967265,163.23744599263426,164.34796142578125,67929800,0.0,0.0
2022-04-21 00:00:00-04:00,165.9990185433864,168.57386081804293,163.05072036783037,163.5519256591797,87227800,0.0,0.0
2022-04-22 00:00:00-04:00,163.59123952892807,164.97692823082195,158.71671343457257,159.001708984375,84882400,0.0,0.0
2022-04-25 00:00:00-04:00,158.34325918812343,160.35793256447772,155.72911292478716,160.07293701171875,96046400,0.0,0.0
2022-04-26 00:00:00-04:00,159.453804965821,159.54225031873102,154.0191094538627,154.0977325439453,95623200,0.0,0.0
2022-04-27 00:00:00-04:00,153.22302925679926,157.03615060702538,152.70216454921916,153.8716583251953,88063200,0.0,0.0
2022-04-28 00:00:00-04:00,156.50549701980856,161.68467841985887,156.19100467866673,160.81983947753906,130216800,0.0,0.0
2022-04-29 00:00:00-04:00,159.05085178561868,163.3357123056005,154.5399592760181,154.9330596923828,131747600,0.0,0.0
2022-05-02 00:00:00-04:00,154.00925923244077,155.50305268536604,150.6285419517243,155.2377166748047,123055300,0.0,0.0
2022-05-03 00:00:00-04:00,155.42445612408045,157.94034999172632,153.62600731797474,156.73153686523438,88966500,0.0,0.0
2022-05-04 00:00:00-04:00,156.91825813151257,163.61089273431188,156.5153204398764,163.15882873535156,108256500,0.0,0.0
2022-05-05 00:00:00-04:00,161.02623866112972,161.25227067537543,152.27961098375334,154.06825256347656,130525300,0.0,0.0
2022-05-06 00:00:00-04:00,153.54658846859752,156.92243639704813,151.74548246293438,154.79653930664062,116124600,0.23,0.0
2022-05-09 00:00:00-04:00,152.4836283339545,153.36942622989235,149.09795898763585,149.65895080566406,131577900,0.0,0.0
2022-05-10 00:00:00-04:00,153.0643590542694,154.2650965784608,150.5152434800802,152.07029724121094,115366700,0.0,0.0
2022-05-11 00:00:00-04:00,151.07625368918983,152.99546042303857,143.5076754500473,144.18678283691406,142689800,0.0,0.0
2022-05-12 00:00:00-04:00,140.51563536508115,143.89146772280242,136.6083213128755,140.30894470214844,182602000,0.0,0.0
2022-05-13 00:00:00-04:00,142.3069263815123,145.7615132406745,140.85029972421802,144.78713989257812,113990900,0.0,0.0
2022-05-16 00:00:00-04:00,143.251795072628,145.1906903336651,141.90341691040302,143.241943359375,86643800,0.0,0.0
2022-05-17 00:00:00-04:00,146.50954021656372,147.40517515935818,144.36395403590544,146.883544921875,78336300,0.0,0.0
2022-05-18 00:00:00-04:00,144.5312355358542,145.03317719827086,137.69096444615863,138.59645080566406,109742900,0.0,0.0
2022-05-19 00:00:00-04:00,137.67130943156462,139.4232021551722,134.4431016025898,135.18125915527344,136095600,0.0,0.0
2022-05-20 00:00:00-04:00,136.89378037255537,138.47835924778758,130.51610307514665,135.41746520996094,137426100,0.0,0.0
2022-05-23 00:00:00-04:00,135.61432090881183,140.99795206536174,135.47653207740234,140.85032653808594,117726300,0.0,0.0
2022-05-24 00:00:00-04:00,138.58658343549627,139.7282704399116,135.1615374401004,138.14369201660156,104132700,0.0,0.0
2022-05-25 00:00:00-04:00,136.24418292623076,139.5511291229351,136.15560763062282,138.3011932373047,92482700,0.0,0.0
2022-05-26 00:00:00-04:00,135.22058906584462,142.0608444375754,134.97453660630143,141.5096893310547,90601500,0.0,0.0
2022-05-27 00:00:00-04:00,143.09432810382737,147.31658348195631,142.96637596520458,147.2772216796875,90978500,0.0,0.0
2022-05-31 00:00:00-04:00,146.71621679774168,148.28110735892756,144.5214173125584,146.48983764648438,103718400,0.0,0.0
2022-06-01 00:00:00-04:00,147.5330747402819,149.3440325752995,145.34812731297455,146.36187744140625,74286600,0.0,0.0
2022-06-02 00:00:00-04:00,145.49576829817823,148.8814531521364,144.5410833823405,148.82240295410156,72348100,0.0,0.0
2022-06-03 00:00:00-04:00,144.58043039547144,145.63354221228246,142.17897081970852,143.08444213867188,88570300,0.0,0.0
2022-06-06 00:00:00-04:00,144.70840485443364,146.2240967666152,142.61203260738884,143.83245849609375,71598400,0.0,0.0
2022-06-07 00:00:00-04:00,142.07072118986648,146.64729173693155,141.82466868695218,146.36187744140625,67808200,0.0,0.0
2022-06-08 00:00:00-04:00,146.23392365623158,147.50354794884595,145.13161326153673,145.62371826171875,53950200,0.0,0.0
2022-06-09 00:00:00-04:00,144.75758953991215,145.61384732144396,140.27943162604245,140.3876953125,69473000,0.0,0.0
2022-06-10 00:00:00-04:00,138.06499277205677,138.53740941897706,134.89583502233484,134.96473693847656,91437900,0.0,0.0
2022-06-13 00:00:00-04:00,130.77198099232118,133.0651921487905,129.3645678675484,129.79762268066406,122207100,0.0,0.0
2022-06-14 00:00:00-04:00,131.0278641513014,131.7758582423787,129.40390886311616,130.6636962890625,84784300,0.0,0.0
2022-06-15 00:00:00-04:00,132.16955091202541,135.1713943388265,130.07319387777778,133.2915496826172,91533000,0.0,0.0
2022-06-16 00:00:00-04:00,129.99444052600703,130.2995431807251,127.00243413205736,128.00633239746094,108123900,0.0,0.0
2022-06-17 00:00:00-04:00,128.0162178037558,130.97868486516475,127.76031356055556,129.48268127441406,134520300,0.0,0.0
2022-06-21 00:00:00-04:00,131.31328286822668,134.8958062983936,131.21487088907804,133.72459411621094,81000500,0.0,0.0
2022-06-22 00:00:00-04:00,132.6616897658164,135.5847953387102,131.79559497900595,133.21286010742188,73409200,0.0,0.0
2022-06-23 00:00:00-04:00,134.65959915763983,136.40163978280717,133.4883870309174,136.08670043945312,72433800,0.0,0.0
2022-06-24 00:00:00-04:00,137.69096810591373,139.66923974712645,137.56303102259437,139.42318725585938,89116800,0.0,0.0
2022-06-27 00:00:00-04:00,140.44675901167543,141.22429329407663,138.74407997710588,139.42318725585938,70207900,0.0,0.0
2022-06-28 00:00:00-04:00,139.88578412525837,141.15540852649434,135.1517360213465,135.26983642578125,67083400,0.0,0.0
2022-06-29 00:00:00-04:00,135.28951427489562,138.4488199898158,134.51197995876558,137.03155517578125,66242400,0.0,0.0
2022-06-30 00:00:00-04:00,135.08283314259847,136.1851436237319,131.65778627775248,134.5612030029297,98964500,0.0,0.0
2022-07-01 00:00:00-04:00,133.89191616880768,136.84454604479996,133.51792659665477,136.7362823486328,71051600,0.0,0.0
2022-07-05 00:00:00-04:00,135.59461869744254,139.3739815709903,134.76787086684834,139.32476806640625,73353800,0.0,0.0
2022-07-06 00:00:00-04:00,139.11806739782315,141.8443178517002,138.8523265350572,140.66326904296875,74064300,0.0,0.0
2022-07-07 00:00:00-04:00,141.02742865411602,144.2359625097589,141.01759196163377,144.03912353515625,66253700,0.0,0.0
2022-07-08 00:00:00-04:00,142.96633860975416,145.22018791054785,142.7104494172261,144.71823120117188,64547800,0.0,0.0
2022-07-11 00:00:00-04:00,143.36985996820178,144.32454481016836,141.50970378477396,142.58248901367188,63141600,0.0,0.0
2022-07-12 00:00:00-04:00,143.4584425008562,146.10596977247354,142.7596618190989,143.55686950683594,77588800,0.0,0.0
2022-07-13 00:00:00-04:00,140.73219350243247,144.13755169717774,139.8759205891,143.19271850585938,71185600,0.0,0.0
2022-07-14 00:00:00-04:00,141.80498974783282,146.5980880188513,140.9880935814835,146.12567138671875,78140700,0.0,0.0
2022-07-15 00:00:00-04:00,147.4149715696043,148.47792016432717,145.85991797831633,147.79881286621094,76259900,0.0,0.0
2022-07-18 00:00:00-04:00,148.35983676190435,149.17673295190042,144.3836195242813,144.74778747558594,81420900,0.0,0.0
2022-07-19 00:00:00-04:00,145.58435379595355,148.8420867705286,144.59030701772662,148.61572265625,82982400,0.0,0.0
2022-07-20 00:00:00-04:00,148.73380801228873,151.29275997844778,147.99565052411046,150.6234893798828,64823400,0.0,0.0
2022-07-21 00:00:00-04:00,152.06044916137068,153.11356109876007,149.54087389527504,152.89703369140625,65086600,0.0,0.0
2022-07-22 00:00:00-04:00,152.93639744167695,153.8123437761435,150.98766576840873,151.65692138671875,66675400,0.0,0.0
2022-07-25 00:00:00-04:00,151.5781876406526,152.59192281243702,149.8755084226827,150.53492736816406,53623900,0.0,0.0
2022-07-26 00:00:00-04:00,149.85582028627226,150.67271644888328,148.4188819899041,149.2062530517578,55138700,0.0,0.0
2022-07-27 00:00:00-04:00,150.17076942758217,154.84576710893515,149.75740301368916,154.3142852783203,78620700,0.0,0.0
2022-07-28 00:00:00-04:00,154.50128008945563,155.1508622874104,151.97186822338708,154.86544799804688,81378700,0.0,0.0
2022-07-29 00:00:00-04:00,158.69403377664,161.04629519406532,156.98150288420325,159.9439697265625,101786900,0.0,0.0
2022-08-01 00:00:00-04:00,158.46762711645877,161.00689040490016,158.34952673676182,158.95973205566406,67829400,0.0,0.0
2022-08-02 00:00:00-04:00,157.57201926429306,159.84554184971918,157.1094393855953,157.48342895507812,59907000,0.0,0.0
2022-08-03 00:00:00-04:00,158.30034109572696,163.95954889245084,158.21176579536746,163.50682067871094,82507500,0.0,0.0
2022-08-04 00:00:00-04:00,163.3887030177202,164.55007867195602,161.83364935538773,163.19186401367188,55474100,0.0,0.0
2022-08-05 00:00:00-04:00,160.85604505164724,163.45796799318663,160.64906724368603,162.96517944335938,56697000,0.23,0.0
2022-08-08 00:00:00-04:00,163.97046163622954,165.38969510382904,161.83176107750737,162.49209594726562,60276900,0.0,0.0
2022-08-09 00:00:00-04:00,161.65436841608152,163.42841029450733,160.89546979944944,162.5413818359375,63135500,0.0,0.0
2022-08-10 00:00:00-04:00,165.26157448955212,166.89763621928432,164.49282549147833,166.79908752441406,70170500,0.0,0.0
2022-08-11 00:00:00-04:00,167.6072235706779,168.5238180082282,165.7641993781453,166.05987548828125,57149200,0.0,0.0
2022-08-12 00:00:00-04:00,167.37071373861576,169.68681094741032,166.95675811414395,169.61782836914062,68039400,0.0,0.0
2022-08-15 00:00:00-04:00,169.04619612673898,170.88922057556053,168.8786498167292,170.69210815429688,54091700,0.0,0.0
2022-08-16 00:00:00-04:00,170.28802952506885,171.2046241525694,169.18418785976604,170.534423828125,56377100,0.0,0.0
2022-08-17 00:00:00-04:00,170.27815992548992,173.60940030005358,170.0810475130616,172.03248596191406,79542000,0.0,0.0
2022-08-18 00:00:00-04:00,171.24403503116682,172.37744277272193,170.6231165953559,171.6382598876953,62290100,0.0,0.0
2022-08-19 00:00:00-04:00,170.53441975425127,171.23418617524862,168.83922578662404,169.04620361328125,70346300,0.0,0.0
2022-08-22 00:00:00-04:00,167.24258643834608,167.41013274664442,164.72936173644348,165.15316772460938,69026800,0.0,0.0
2022-08-23 00:00:00-04:00,164.6702084046216,166.27670374105745,164.24640247078557,164.8180389404297,54147100,0.0,0.0
2022-08-24 00:00:00-04:00,164.90677623350408,165.68537556627746,163.85220146265053,165.11373901367188,53841500,0.0,0.0
2022-08-25 00:00:00-04:00,166.34569590450855,167.68608131507673,165.92190498494463,167.57766723632812,51218200,0.0,0.0
2022-08-26 00:00:00-04:00,168.1099211092857,168.58299398508154,161.20101486509154,161.26014709472656,78961000,0.0,0.0
2022-08-29 00:00:00-04:00,158.82573564976346,160.55049548789057,157.5149314068537,159.05242919921875,73314000,0.0,0.0
2022-08-30 00:00:00-04:00,159.79163221679283,160.21542318351743,155.44523326516241,156.61807250976562,77906200,0.0,0.0
2022-08-31 00:00:00-04:00,157.99788365077418,158.26399371424608,154.87360563007792,154.95245361328125,87991100,0.0,0.0
2022-09-01 00:00:00-04:00,154.3807937267726,156.13511973195193,152.43920566957192,155.6817626953125,74229900,0.0,0.0
2022-09-02 00:00:00-04:00,157.44595106884975,158.04715373707748,152.7348934543625,153.56277465820312,76957800,0.0,0.0
2022-09-06 00:00:00-04:00,154.2132611313819,154.8243141649417,151.47335779942037,152.30123901367188,73714800,0.0,0.0
2022-09-07 00:00:00-04:00,152.587059729615,154.410368411757,151.3945047755551,153.7106170654297,87449600,0.0,0.0
2022-09-08 00:00:00-04:00,152.40966597426606,154.1048600544352,150.47792793917256,152.23226928710938,84923800,0.0,0.0
2022-09-09 00:00:00-04:00,153.2276900777651,155.54380253729465,152.51807328330133,155.10028076171875,68028800,0.0,0.0
2022-09-12 00:00:00-04:00,157.28824820471496,161.8908915280311,157.0024374583422,161.07286071777344,104956000,0.0,0.0
2022-09-13 00:00:00-04:00,157.5937645718297,158.2245332834512,151.15794762648912,151.6211700439453,122656600,0.0,0.0
2022-09-14 00:00:00-04:00,152.557487712131,154.83418366980385,151.3945138382118,153.0699920654297,87965400,0.0,0.0
2022-09-15 00:00:00-04:00,152.41947764718566,153.00097950894386,149.1966516721034,150.17236328125,90481100,0.0,0.0
2022-09-16 00:00:00-04:00,149.02914328242736,149.16712349652025,146.23009244998983,148.5264892578125,162278800,0.0,0.0
2022-09-19 00:00:00-04:00,147.15652109079085,152.33080110123336,146.94955831205283,152.251953125,81474200,0.0,0.0
2022-09-20 00:00:00-04:00,151.18753429290712,155.80004334278618,150.8721574135687,154.63705444335938,107689800,0.0,0.0
2022-09-21 00:00:00-04:00,155.07069875161233,156.4505157277147,151.38464998799563,151.50291442871094,101696800,0.0,0.0
2022-09-22 00:00:00-04:00,150.18225521296424,152.24210790592508,148.73345555804372,150.5370635986328,86652500,0.0,0.0
2022-09-23 00:00:00-04:00,149.00940896271652,149.28536935652284,146.41733629369975,148.26036071777344,96029900,0.0,0.0
2022-09-26 00:00:00-04:00,147.50148298209515,151.55220575538115,147.48176722784044,148.59547424316406,93339400,0.0,0.0
2022-09-27 00:00:00-04:00,150.5370586818527,152.48849721993565,147.78729002305445,149.57118225097656,84442700,0.0,0.0
2022-09-28 00:00:00-04:00,145.5106120290712,148.46734352386844,142.75099295951767,147.6788787841797,146691400,0.0,0.0
2022-09-29 00:00:00-04:00,143.99284886355534,144.6039019742723,138.6510066887834,140.425048828125,128138200,0.0,0.0
2022-09-30 00:00:00-04:00,139.2423359620473,141.03609356030535,136.0096441732016,136.20675659179688,124925300,0.0,0.0
2022-10-03 00:00:00-04:00,136.21663934873945,141.0065454207756,135.7041349641021,140.39547729492188,114311700,0.0,0.0
2022-10-04 00:00:00-04:00,142.9382384476115,144.11107754403744,142.1793399077984,143.99281311035156,87830100,0.0,0.0
2022-10-05 00:00:00-04:00,141.9921012373244,145.25435906019973,140.94737686981628,144.28848266601562,79471000,0.0,0.0
2022-10-06 00:00:00-04:00,143.7070131726072,145.41205756578128,143.12552621752397,143.33248901367188,68402200,0.0,0.0
2022-10-07 00:00:00-04:00,140.4841648717613,141.03610072606975,137.4387349893986,138.0695037841797,85925600,0.0,0.0
2022-10-10 00:00:00-04:00,138.3947296142578,139.84352910239818,136.57142106787293,138.3947296142578,74899000,0.0,0.0
2022-10-11 00:00:00-04:00,137.88223882715224,139.31133774176766,136.22647641502994,136.9755096435547,77033700,0.0,0.0
2022-10-12 00:00:00-04:00,137.12332551389028,138.33558094843937,136.1673146717475,136.34471130371094,70433700,0.0,0.0
2022-10-13 00:00:00-04:00,133.04305662953354,141.51901056988928,132.4319886081597,140.92767333984375,113224000,0.0,0.0
2022-10-14 00:00:00-04:00,142.22863580040965,142.43561361849277,136.19690846794037,136.38417053222656,88598000,0.0,0.0
2022-10-17 00:00:00-04:00,139.0353938988536,140.83898708446822,138.24692906829756,140.35606384277344,85250900,0.0,0.0
2022-10-18 00:00:00-04:00,143.39162165141138,144.58416155365336,138.58200045824861,141.6767120361328,99136600,0.0,0.0
2022-10-19 00:00:00-04:00,139.6464402055219,142.8594165632396,139.4591781255194,141.78514099121094,61758300,0.0,0.0
2022-10-20 00:00:00-04:00,140.95724070036255,143.7858421579012,140.59256694794956,141.3218994140625,64522000,0.0,0.0
2022-10-21 00:00:00-04:00,140.80941666017796,145.71760218486398,140.5925884624425,145.14596557617188,86548600,0.0,0.0
2022-10-24 00:00:00-04:00,145.06709579621315,148.06324356402658,143.89425664068742,147.29449462890625,75981900,0.0,0.0
2022-10-25 00:00:00-04:00,147.92525860269856,150.2906525903393,147.20579155352908,150.14280700683594,74732300,0.0,0.0
2022-10-26 00:00:00-04:00,148.78273318220164,149.7978764436125,145.9048346701109,147.19595336914062,88194300,0.0,0.0
2022-10-27 00:00:00-04:00,145.934419951747,146.900281375259,142.0512434645865,142.71157836914062,109180200,0.0,0.0
2022-10-28 00:00:00-04:00,146.06254411260886,155.22841546191245,145.68803498734457,153.49380493164062,164762400,0.0,0.0
2022-10-31 00:00:00-04:00,150.9510060343384,152.01543120421692,149.7288849047636,151.12840270996094,97943200,0.0,0.0
2022-11-01 00:00:00-04:00,152.84330260142488,153.20796132588728,146.97912170575748,148.47718811035156,80379300,0.0,0.0
2022-11-02 00:00:00-04:00,146.80170816398885,149.97526767506156,142.9086815703328,142.93824768066406,93604600,0.0,0.0
2022-11-03 00:00:00-04:00,140.0110654914598,140.74039788163316,136.7488080444843,136.87693786621094,97918500,0.0,0.0
2022-11-04 00:00:00-04:00,140.27297665062395,140.84556152923415,132.6615790911303,136.6104278564453,140814800,0.23,0.0
2022-11-07 00:00:00-05:00,135.35662722495974,137.37053291778528,133.93503964712596,137.1434783935547,83374600,0.0,0.0
2022-11-08 00:00:00-05:00,138.61443092612598,139.62137625048666,135.73177389359924,137.716064453125,89908500,0.0,0.0
2022-11-09 00:00:00-05:00,136.72887901579847,136.77824263467366,132.8688760001459,133.14529418945312,74917800,0.0,0.0
2022-11-10 00:00:00-05:00,139.43385733276594,144.99185180664062,137.71610267221538,144.99185180664062,118854000,0.0,0.0
2022-11-11 00:00:00-05:00,143.95525706239889,148.0916625737545,142.52378765132767,147.78562927246094,93979700,0.0,0.0
2022-11-14 00:00:00-05:00,147.06499838857653,148.35824392301274,145.54468320886602,146.38381958007812,73374100,0.0,0.0
2022-11-15 00:00:00-05:00,150.2734377369584,151.6259135896167,146.66023757913166,148.12130737304688,89868300,0.0,0.0
2022-11-16 00:00:00-05:00,147.22291630390464,147.95344347331434,145.40643494920303,146.8872528076172,64218300,0.0,0.0
2022-11-17 00:00:00-05:00,144.5574395514813,149.54286294425333,144.28102140876982,148.79258728027344,80389400,0.0,0.0
2022-11-18 00:00:00-05:00,150.36227675012384,150.74728887735557,148.0522039867333,149.35531616210938,74829600,0.0,0.0
2022-11-21 00:00:00-05:00,148.23974797771666,148.44705404870146,145.83094844283528,146.1172332763672,58724100,0.0,0.0
2022-11-22 00:00:00-05:00,146.23573346771818,148.49644255294848,145.05106689456673,148.25950622558594,51804100,0.0,0.0
2022-11-23 00:00:00-05:00,147.53882889151882,149.88839824806996,147.43023497007337,149.13812255859375,58301400,0.0,0.0
2022-11-25 00:00:00-05:00,146.41341229167975,146.97613037369675,145.23862757756845,146.21597290039062,35195900,0.0,0.0
2022-11-28 00:00:00-05:00,143.2839657599813,144.7647839323927,141.54647786060335,142.375732421875,69246000,0.0,0.0
2022-11-29 00:00:00-05:00,142.4448277773216,142.95818228893546,138.55522474324414,139.36473083496094,83763800,0.0,0.0
2022-11-30 00:00:00-05:00,139.59178750228543,146.81818743880567,138.75266623992653,146.1370086669922,111380900,0.0,0.0
2022-12-01 00:00:00-05:00,146.31473995775144,147.22297345584929,144.73519427013358,146.4134521484375,71250400,0.0,0.0
2022-12-02 00:00:00-05:00,144.0934666867535,146.1073724903674,143.78741832063093,145.9197998046875,65447400,0.0,0.0
2022-12-05 00:00:00-05:00,145.8803345082114,148.99004656094093,143.90591033158032,144.75491333007812,68826400,0.0,0.0
2022-12-06 00:00:00-05:00,145.18927938388143,145.41633393123826,140.1051284296616,141.0824737548828,64727200,0.0,0.0
2022-12-07 00:00:00-05:00,140.37169521657745,141.53659829976584,138.20969824104947,139.13768005371094,69721100,0.0,0.0
2022-12-08 00:00:00-05:00,140.53950554386986,141.6846751168045,139.2956238058851,140.82579040527344,62128300,0.0,0.0
2022-12-09 00:00:00-05:00,140.51977775341376,143.70848393310538,139.09818980739163,140.3420867919922,76097000,0.0,0.0
2022-12-12 00:00:00-05:00,140.8751398938642,142.6521243868473,139.25611292551483,142.6422576904297,70462700,0.0,0.0
2022-12-13 00:00:00-05:00,147.58822033452066,148.05221126240446,142.39548971088675,143.60975646972656,93886200,0.0,0.0
2022-12-14 00:00:00-05:00,143.49126458622354,144.78450984521314,139.35484405860026,141.37863159179688,82291200,0.0,0.0
2022-12-15 00:00:00-05:00,139.3055040822211,139.98668286120417,134.29046466082826,134.75445556640625,98931900,0.0,0.0
2022-12-16 00:00:00-05:00,134.94201656134896,135.8897316869335,132.01986228619933,132.78988647460938,160156900,0.0,0.0
2022-12-19 00:00:00-05:00,133.3822123650824,133.47105782876667,129.64068555678134,130.67724609375,79592600,0.0,0.0
2022-12-20 00:00:00-05:00,129.70978773625592,131.54600271059752,128.22896969448558,130.608154296875,77432800,0.0,0.0
2022-12-21 00:00:00-05:00,131.27948005874936,135.06050476290937,131.05242546033497,133.7178955078125,85928000,0.0,0.0
2022-12-22 00:00:00-05:00,132.63194706396897,132.8392531621343,128.63373518479884,130.53904724121094,77852100,0.0,0.0
2022-12-23 00:00:00-05:00,129.24581575552057,130.72663401357696,127.98218538040545,130.17379760742188,63814900,0.0,0.0
2022-12-27 00:00:00-05:00,129.6999298536339,129.72954501138923,127.07394206581392,128.3671875,69007800,0.0,0.0
2022-12-28 00:00:00-05:00,128.01178441919723,129.3543934066322,124.26038315698912,124.42820739746094,85438400,0.0,0.0
2022-12-29 00:00:00-05:00,126.3532816511138,128.81143780896,126.09661191364768,127.95256805419922,75703700,0.0,0.0
2022-12-30 00:00:00-05:00,126.76789648243701,128.28819633379305,125.80042540883515,128.26844787597656,77034200,0.0,0.0
2023-01-03 00:00:00-05:00,128.6139854814398,129.22605213593528,122.58211921528644,123.47061157226562,112117500,0.0,0.0
2023-01-04 00:00:00-05:00,125.26733892869382,127.01470850998557,123.48048749262259,124.7441177368164,89113600,0.0,0.0
2023-01-05 00:00:00-05:00,125.50427521319664,126.1360903730334,123.16458728849297,123.42125701904297,80962700,0.0,0.0
2023-01-06 00:00:00-05:00,124.39859654565812,128.6238555191488,123.29291630250204,127.9624252319336,87754700,0.0,0.0
2023-01-09 00:00:00-05:00,128.8015871566894,131.70399366511808,128.22900222762775,128.4856719970703,70790800,0.0,0.0
2023-01-10 00:00:00-05:00,128.59425187274505,129.5814640429866,126.48161843097465,129.05824279785156,63896200,0.0,0.0
2023-01-11 00:00:00-05:00,129.57162828955828,131.802722904234,128.79173711681887,131.78298950195312,69458900,0.0,0.0
2023-01-12 00:00:00-05:00,132.16795510561155,132.5430854442494,129.75915527463124,131.70396423339844,71379600,0.0,0.0
2023-01-13 00:00:00-05:00,130.3415976184994,133.19463966232263,129.97633400317605,133.03668212890625,57809700,0.0,0.0
2023-01-17 00:00:00-05:00,133.1058234879157,135.53435707802646,132.41477795673228,134.20162963867188,63646600,0.0,0.0
2023-01-18 00:00:00-05:00,135.0703537024429,136.83745656269951,133.30323577852656,133.48094177246094,69672800,0.0,0.0
2023-01-19 00:00:00-05:00,132.36540678256628,134.50765533885576,132.0593734264766,133.54019165039062,58280400,0.0,0.0
2023-01-20 00:00:00-05:00,133.55004278165805,136.25500917828725,132.5036004355903,136.10691833496094,80223600,0.0,0.0
2023-01-23 00:00:00-05:00,136.35374163026458,141.48725702280552,136.1365537453342,139.30551147460938,81760300,0.0,0.0
2023-01-24 00:00:00-05:00,138.5157093840139,141.32926952973608,138.50584268721101,140.7073211669922,66435100,0.0,0.0
2023-01-25 00:00:00-05:00,139.0883015683729,140.60860145852004,137.03489874919626,140.0458984375,65799300,0.0,0.0
2023-01-26 00:00:00-05:00,141.33914314056878,142.40533393014599,140.08537965694651,142.11904907226562,54105100,0.0,0.0
2023-01-27 00:00:00-05:00,141.32927632528882,145.34722141150488,141.25029755609052,144.0638427734375,70555800,0.0,0.0
2023-01-30 00:00:00-05:00,143.10628343226185,143.68873499989203,141.0232651416844,141.1713409423828,64015300,0.0,0.0
2023-01-31 00:00:00-05:00,140.87516062877287,142.49418783542103,140.46053336332577,142.44482421875,65874500,0.0,0.0
2023-02-01 00:00:00-05:00,142.1289302044529,144.7351696002277,139.51282411039048,143.57025146484375,77663600,0.0,0.0
2023-02-02 00:00:00-05:00,146.99586653400996,149.24670877710787,146.27520596359832,148.89132690429688,118339000,0.0,0.0
2023-02-03 00:00:00-05:00,146.13698369670587,155.367421451088,145.93954431951425,152.5242462158203,154357300,0.0,0.0
2023-02-06 00:00:00-05:00,150.6189423816567,151.14216353764462,148.85182446235734,149.7896728515625,69858300,0.0,0.0
2023-02-07 00:00:00-05:00,148.71363285221915,153.24493285853742,148.71363285221915,152.67234802246094,83322600,0.0,0.0
2023-02-08 00:00:00-05:00,151.91222225530666,152.60326780122008,149.23687049310803,149.97727966308594,64120100,0.0,0.0
2023-02-09 00:00:00-05:00,151.81347999768036,152.35644968138112,148.49644664158131,148.94068908691406,56007100,0.0,0.0
2023-02-10 00:00:00-05:00,147.77398527380333,149.63276719897215,147.53668722335993,149.30648803710938,57450700,0.23,0.0
2023-02-13 00:00:00-05:00,149.2471763928944,152.51983488560623,149.21751602061343,152.11447143554688,62199000,0.0,0.0
2023-02-14 00:00:00-05:00,150.40399819813007,152.03539434579272,149.15821711991074,151.47181701660156,61707600,0.0,0.0
2023-02-15 00:00:00-05:00,151.38281594677636,153.745854522139,151.1554147270533,153.57777404785156,65573800,0.0,0.0
2023-02-16 00:00:00-05:00,151.77830301928833,154.5664988468429,151.6201193880744,151.97605895996094,68167900,0.0,0.0
2023-02-17 00:00:00-05:00,150.6313912376096,151.27405274729716,149.14831228910668,150.82913208007812,59144100,0.0,0.0
2023-02-21 00:00:00-05:00,148.50565230235682,149.59324968756485,146.73585119733022,146.8050537109375,58867200,0.0,0.0
2023-02-22 00:00:00-05:00,147.19066738077868,148.25848625294472,145.49996548151248,147.230224609375,51011300,0.0,0.0
2023-02-23 00:00:00-05:00,148.39691004897256,148.64408993049327,145.5790684516341,147.71469116210938,48394200,0.0,0.0
2023-02-24 00:00:00-05:00,145.45053550143152,145.52963487686296,144.07621591246942,145.0550537109375,55469600,0.0,0.0
2023-02-27 00:00:00-05:00,146.04378113773683,147.48730332876505,145.7867043820762,146.25140380859375,44998500,0.0,0.0
2023-02-28 00:00:00-05:00,145.39119175781394,147.3982909462784,145.17367228142913,145.74713134765625,50547000,0.0,0.0
2023-03-01 00:00:00-05:00,145.17366452678502,145.56914623363537,143.37418806129784,143.67080688476562,55479000,0.0,0.0
2023-03-02 00:00:00-05:00,142.7512836503807,145.05500120850633,142.27668756957132,144.26402282714844,52238100,0.0,0.0
2023-03-03 00:00:00-05:00,146.3700174255545,149.4053933099208,145.66803508048022,149.3262939453125,70732300,0.0,0.0
2023-03-06 00:00:00-05:00,152.0551388232703,154.53683399214765,151.72887472127306,152.09469604492188,87558000,0.0,0.0
2023-03-07 00:00:00-05:00,151.96616367909397,152.29244288057856,149.42516275115915,149.88986206054688,56182000,0.0,0.0
2023-03-08 00:00:00-05:00,151.08620232381537,151.73876071934626,150.11726157953802,151.14552307128906,47204800,0.0,0.0
2023-03-09 00:00:00-05:00,151.82774843104707,152.79668921738386,148.53531102339875,148.89125061035156,53833600,0.0,0.0
2023-03-10 00:00:00-05:00,148.51554589298388,149.23730682187812,145.94486944980744,146.8248291015625,68572400,0.0,0.0
2023-03-13 00:00:00-04:00,146.1426312153812,151.41250811707283,146.03387146368914,148.7726287841797,84457100,0.0,0.0
2023-03-14 00:00:00-04:00,149.57347804705336,151.66955846534526,148.40679633095857,150.8686981201172,73695900,0.0,0.0
2023-03-15 00:00:00-04:00,149.4845077659118,151.52126757855024,148.22882974181093,151.2642059326172,77167900,0.0,0.0
2023-03-16 00:00:00-04:00,150.443542077547,154.69503836094123,149.92940378389787,154.0919189453125,76161100,0.0,0.0
2023-03-17 00:00:00-04:00,154.31931404263202,154.9718724178721,152.53961624045886,153.25149536132812,98944600,0.0,0.0
2023-03-20 00:00:00-04:00,153.3207323821306,156.03971087014546,152.4110972116962,155.6244354248047,73641400,0.0,0.0
2023-03-21 00:00:00-04:00,155.54533387337614,157.60185682514813,154.7741189081368,157.48321533203125,73938300,0.0,0.0
2023-03-22 00:00:00-04:00,157.50299444764113,160.31095376257457,156.02979719452793,156.04957580566406,75701800,0.0,0.0
2023-03-23 00:00:00-04:00,157.03831361968307,159.7276317574304,155.90127718884906,157.13717651367188,67622100,0.0,0.0
2023-03-24 00:00:00-04:00,157.06797183296018,158.53127238912836,156.06937062345713,158.44229125976562,59196500,0.0,0.0
2023-03-27 00:00:00-04:00,158.13578467553296,158.9564235953307,156.08912825748425,156.4945068359375,52390300,0.0,0.0
2023-03-28 00:00:00-04:00,156.188025298689,156.70216367834936,154.22046800357577,155.8716278076172,45992200,0.0,0.0
2023-03-29 00:00:00-04:00,157.57220469744664,159.23326112130354,157.5524411719995,158.9564208984375,51305700,0.0,0.0
2023-03-30 00:00:00-04:00,159.70786439805926,160.63726316968356,159.45080275158003,160.52850341796875,49501700,0.0,0.0
2023-03-31 00:00:00-04:00,160.60759915912635,163.1387186836245,160.0835790272574,163.0398406982422,68749800,0.0,0.0
2023-04-03 00:00:00-04:00,162.41694087425697,164.4141432098461,162.36750188667764,164.29550170898438,56976200,0.0,0.0
2023-04-04 00:00:00-04:00,164.72065569074036,164.95793868784338,163.24745837486338,163.7615966796875,46278300,0.0,0.0
2023-04-05 00:00:00-04:00,162.88162976736427,163.18813034939654,159.97479248917713,161.9126739501953,51511700,0.0,0.0
2023-04-06 00:00:00-04:00,160.59766588857192,163.09913955417102,160.17252383849814,162.80252075195312,45390100,0.0,0.0
2023-04-10 00:00:00-04:00,159.59909001148102,160.20220947265625,158.27420958419825,160.20220947265625,47716900,0.0,0.0
2023-04-11 00:00:00-04:00,160.51858667978223,160.52846844172586,158.69933167596588,158.98606872558594,47644200,0.0,0.0
2023-04-12 00:00:00-04:00,159.40132132182822,160.2318418847326,157.97756316447288,158.29396057128906,50133100,0.0,0.0
2023-04-13 00:00:00-04:00,159.8067227797579,163.92968090167284,159.59908506589906,163.6923828125,68445600,0.0,0.0
2023-04-14 00:00:00-04:00,162.73332768738865,164.44382316709542,161.9720245871667,163.34634399414062,49386500,0.0,0.0
2023-04-17 00:00:00-04:00,163.22768401184308,163.52430285260365,162.17964384959518,163.36610412597656,41516200,0.0,0.0
2023-04-18 00:00:00-04:00,164.22629596467013,165.52151594579726,163.78136017187086,164.5921173095703,49923000,0.0,0.0
2023-04-19 00:00:00-04:00,163.92968580784367,166.26306428456468,163.67260909854727,165.73904418945312,47720200,0.0,0.0
2023-04-20 00:00:00-04:00,164.21641532852104,165.97633480151939,163.69239520940707,164.7700958251953,52456400,0.0,0.0
2023-04-21 00:00:00-04:00,163.1881534195007,164.57235465877127,162.63447292379246,163.1584930419922,58337300,0.0,0.0
2023-04-24 00:00:00-04:00,163.13870186497232,163.73193954278202,162.04122272168698,163.46498107910156,41949600,0.0,0.0
2023-04-25 00:00:00-04:00,163.32657200300784,164.4339329839802,161.883034935673,161.92259216308594,48714100,0.0,0.0
2023-04-26 00:00:00-04:00,161.2205734284031,163.41553157370114,160.96351183078312,161.9126739501953,45498800,0.0,0.0
2023-04-27 00:00:00-04:00,163.32657592288362,166.65855579595313,163.32657592288362,166.51025390625,64902300,0.0,0.0
2023-04-28 00:00:00-04:00,166.589321099478,167.9339799574928,165.9862017200745,167.76588439941406,55209200,0.0,0.0
2023-05-01 00:00:00-04:00,167.370409816753,168.52720964209172,166.7376300382773,167.67691040039062,52472900,0.0,0.0
2023-05-02 00:00:00-04:00,168.1712661379265,168.42834281753628,165.65002884530062,166.6387481689453,48425700,0.0,0.0
2023-05-03 00:00:00-04:00,167.58794352434566,168.9919233057137,165.27434367702065,165.56106567382812,65136000,0.0,0.0
2023-05-04 00:00:00-04:00,163.0299431104764,165.15568380990734,162.45648404157697,163.91978454589844,81235400,0.0,0.0
2023-05-05 00:00:00-04:00,169.05123536921852,172.33379095243657,168.8337158986843,171.61203002929688,113316400,0.0,0.0
2023-05-08 00:00:00-04:00,170.53431814830344,171.88887398730245,170.1684967974759,171.54281616210938,55962800,0.0,0.0
2023-05-09 00:00:00-04:00,171.09791142977792,171.58237432630546,169.6642711810136,169.8323516845703,45326900,0.0,0.0
2023-05-10 00:00:00-04:00,171.0682100558016,172.06681107408926,169.9608342291283,171.60211181640625,53724500,0.0,0.0
2023-05-11 00:00:00-04:00,171.88885599180736,172.62049861686478,170.22779972610607,171.78997802734375,49514700,0.0,0.0
2023-05-12 00:00:00-04:00,171.8988778353498,172.33451847611525,169.3048550658258,170.8592987060547,45497800,0.24,0.0
2023-05-15 00:00:00-04:00,171.44346424843133,171.49297161869612,169.77021484316816,170.36427307128906,37266700,0.0,0.0
2023-05-16 00:00:00-04:00,170.28506430037106,171.42365827881974,170.09694535788182,170.36427307128906,42110300,0.0,0.0
2023-05-17 00:00:00-04:00,170.00785308163907,171.2157453771671,168.7306323338431,170.97813415527344,57951600,0.0,0.0
2023-05-18 00:00:00-04:00,171.28506154552485,173.50286200077872,170.86922679282654,173.3147430419922,65496700,0.0,0.0
2023-05-19 00:00:00-04:00,174.6414170849176,174.6414170849176,173.20579418857395,173.42361450195312,55772400,0.0,0.0
2023-05-22 00:00:00-04:00,172.25533943207657,172.97811385055638,171.73059450812943,172.47315979003906,43570900,0.0,0.0
2023-05-23 00:00:00-04:00,171.4137731194303,171.66129487805824,169.58210606257185,169.8593292236328,50747300,0.0,0.0
2023-05-24 00:00:00-04:00,169.39400082609367,170.71081850153183,168.82965902663756,170.13656616210938,45143500,0.0,0.0
2023-05-25 00:00:00-04:00,170.70089424192957,172.1761141248664,169.98803043113716,171.275146484375,56058300,0.0,0.0
2023-05-26 00:00:00-04:00,171.60190965033163,174.02762011184453,171.39398470447364,173.69097900390625,54835000,0.0,0.0
2023-05-30 00:00:00-04:00,175.20579349606086,177.21566879798618,174.81966018947244,175.54241943359375,55964400,0.0,0.0
2023-05-31 00:00:00-04:00,175.57211342872856,177.57209321550437,175.0077566388477,175.49290466308594,99625300,0.0,0.0
2023-06-01 00:00:00-04:00,175.9384564736909,178.33446519527467,175.17608525533697,178.3047637939453,68901800,0.0,0.0
2023-06-02 00:00:00-04:00,179.2354435119536,179.97800874169684,177.48298533965166,179.15623474121094,61945900,0.0,0.0
2023-06-05 00:00:00-04:00,180.81960374527281,183.11659785767154,176.27509267968756,177.79983520507812,121946500,0.0,0.0
2023-06-06 00:00:00-04:00,178.18593224970854,178.3344392347369,175.67110318136787,177.4334716796875,64848400,0.0,0.0
2023-06-07 00:00:00-04:00,176.67113061333816,179.41367589423808,175.56223798316736,176.05728149414062,61944600,0.0,0.0
2023-06-08 00:00:00-04:00,176.1364684949153,179.04732664647344,175.70084291207064,178.78001403808594,50214900,0.0,0.0
2023-06-09 00:00:00-04:00,179.70080859942686,180.423567952115,178.83943765707895,179.16616821289062,48870700,0.0,0.0
2023-06-12 00:00:00-04:00,179.473070311983,182.0670933538608,179.17604119777275,181.96807861328125,54274900,0.0,0.0
2023-06-13 00:00:00-04:00,180.98790470199526,182.32451307330234,180.63147278147434,181.4928436279297,54929100,0.0,0.0
2023-06-14 00:00:00-04:00,181.5522431050323,182.56213604593384,180.21563475820471,182.12649536132812,57462900,0.0,0.0
2023-06-15 00:00:00-04:00,182.13639531405346,184.67101539623405,181.95817181365123,184.1660614013672,65433200,0.0,0.0
2023-06-16 00:00:00-04:00,184.87893857146415,185.1363708565112,182.4433330473612,183.08688354492188,101235600,0.0,0.0
2023-06-20 00:00:00-04:00,182.58192130455032,184.2551705135613,182.58192130455032,183.17596435546875,49799100,0.0,0.0
2023-06-21 00:00:00-04:00,183.06706733943585,183.5720213426237,180.77996894802234,182.1363983154297,49515700,0.0,0.0
2023-06-22 00:00:00-04:00,181.91857754734076,185.1957628610581,181.84926421078353,185.14625549316406,51245300,0.0,0.0
2023-06-23 00:00:00-04:00,183.71066436514266,185.70073399676707,183.17600887110433,184.82945251464844,53079300,0.0,0.0
2023-06-26 00:00:00-04:00,184.9779592329188,186.18586660248252,183.39381396241686,183.4334259033203,48088700,0.0,0.0
2023-06-27 00:00:00-04:00,184.04728315432985,186.5225008066865,183.8294627923201,186.19577026367188,50730800,0.0,0.0
2023-06-28 00:00:00-04:00,186.06704032710473,188.01751290126907,185.7403249158235,187.37396240234375,51216800,0.0,0.0
2023-06-29 00:00:00-04:00,187.2056628454855,188.18585447217086,187.06705126158826,187.71060180664062,46347300,0.0,0.0
2023-06-30 00:00:00-04:00,189.73036510372253,192.55210381756805,189.36402266288647,192.0471649169922,85069600,0.0,0.0
2023-07-03 00:00:00-04:00,191.85904618822673,191.9580609253223,189.85906633761323,190.55213928222656,31458200,0.0,0.0
2023-07-05 00:00:00-04:00,189.6709759307026,191.06698713435688,188.7303811843197,189.433349609375,46920300,0.0,0.0
2023-07-06 00:00:00-04:00,187.95811200082892,190.11650951153766,187.32445692665846,189.90858459472656,45094300,0.0,0.0
2023-07-07 00:00:00-04:00,189.5125387247038,190.76004279032819,188.35413885501103,188.78976440429688,46778000,0.0,0.0
2023-07-10 00:00:00-04:00,187.38384586798722,188.10662020019882,185.18585168727856,186.74029541015625,59922200,0.0,0.0
2023-07-11 00:00:00-04:00,187.28484131741655,187.42345287888426,184.75022127484863,186.21554565429688,46638100,0.0,0.0
2023-07-12 00:00:00-04:00,187.79970514631046,189.79968522544766,186.60170827121757,187.88882446289062,60750200,0.0,0.0
2023-07-13 00:00:00-04:00,188.61158724645796,189.29474974345305,187.89872334590046,188.65118408203125,41342300,0.0,0.0
2023-07-14 00:00:00-04:00,188.34425119556795,189.28483085110778,187.75020804300397,188.79969787597656,41573900,0.0,0.0
2023-07-17 00:00:00-04:00,189.99766254560217,192.3936860433753,189.90855835393603,192.06695556640625,50520200,0.0,0.0
2023-07-18 00:00:00-04:00,191.43333225746687,192.4036133115075,190.51254346863507,191.80955505371094,48353800,0.0,0.0
2023-07-19 00:00:00-04:00,191.18579595006162,196.26493172677777,190.74024473686075,193.1659698486328,80507300,0.0,0.0
2023-07-20 00:00:00-04:00,193.1560618639693,194.52238670645607,190.5917402572243,191.2154998779297,59581200,0.0,0.0
2023-07-21 00:00:00-04:00,192.17589935868594,193.03727024392953,189.33433929774543,190.0373077392578,71917800,0.0,0.0
2023-07-24 00:00:00-04:00,191.4927249435582,192.9778554020486,190.34422042985216,190.83926391601562,45377800,0.0,0.0
2023-07-25 00:00:00-04:00,191.4135192381226,192.51251639930572,191.00757994716116,191.7006378173828,37283200,0.0,0.0
2023-07-26 00:00:00-04:00,191.7501710664306,193.7006439049824,191.40364963831834,192.5719451904297,47471900,0.0,0.0
2023-07-27 00:00:00-04:00,194.076873305403,195.24516880610398,190.64126993533102,191.30462646484375,47460200,0.0,0.0
2023-07-28 00:00:00-04:00,192.7402132321551,194.6807901855661,192.21546838859783,193.8887176513672,48291400,0.0,0.0
2023-07-31 00:00:00-04:00,194.1164606567971,194.54220593555127,193.3243880114047,194.50259399414062,38824100,0.0,0.0
2023-08-01 00:00:00-04:00,194.29467332466547,194.77980627337752,193.34418318178373,193.67091369628906,35175100,0.0,0.0
2023-08-02 00:00:00-04:00,193.1065496196106,193.24516118654293,189.94818497968632,190.6709442138672,50389300,0.0,0.0
2023-08-03 00:00:00-04:00,189.67096144116343,190.46301890335675,188.79968010371752,189.27491760253906,61235200,0.0,0.0
2023-08-04 00:00:00-04:00,183.6809340478131,185.5224963676216,180.11661500704574,180.18592834472656,115799700,0.0,0.0
2023-08-07 00:00:00-04:00,180.32455640774955,181.31464344213896,175.5919415919706,177.0770721435547,97576100,0.0,0.0
2023-08-08 00:00:00-04:00,177.9087289898081,178.48298124186843,175.81964489133262,178.01763916015625,67823000,0.0,0.0
2023-08-09 00:00:00-04:00,179.07704055404358,179.13644336005612,175.25530392276485,176.42361450195312,60378500,0.0,0.0
2023-08-10 00:00:00-04:00,177.70080592181807,178.95822060931928,175.8394526832055,176.20578002929688,54686900,0.0,0.0
2023-08-11 00:00:00-04:00,175.7993034466227,177.0881424893324,175.03590276334816,176.2652587890625,51988100,0.24,0.0
2023-08-14 00:00:00-04:00,176.44373225185288,178.14898275911253,175.78938877461678,177.92095947265625,43675600,0.0,0.0
2023-08-15 00:00:00-04:00,177.34593637648265,177.94078172124355,175.53162857549793,175.92819213867188,43622600,0.0,0.0
2023-08-16 00:00:00-04:00,175.61092006059548,177.0088162608788,174.9863181633248,175.05572509765625,46964900,0.0,0.0
2023-08-17 00:00:00-04:00,175.62083731111454,175.9876593304517,171.9922220355352,172.5077667236328,66062900,0.0,0.0
2023-08-18 00:00:00-04:00,170.82237017622754,173.59836059602029,170.48528962334868,172.99359130859375,61114200,0.0,0.0
2023-08-21 00:00:00-04:00,173.56859991663836,174.61950689363672,172.25000423465377,174.3319854736328,46311900,0.0,0.0
2023-08-22 00:00:00-04:00,175.541512243613,176.15619021692956,174.73846130997606,175.71005249023438,42084200,0.0,0.0
2023-08-23 00:00:00-04:00,176.9890180826326,179.99303161559698,176.80064510070915,179.56671142578125,52722800,0.0,0.0
2023-08-24 00:00:00-04:00,179.12058855477642,179.54690878007156,174.5005486639036,174.8673858642578,54945800,0.0,0.0
2023-08-25 00:00:00-04:00,175.85879974601767,177.6136093916348,174.31218067560857,177.0782470703125,51449600,0.0,0.0
2023-08-28 00:00:00-04:00,178.54552014147254,179.04123207376244,177.0187340463078,178.64466857910156,43820700,0.0,0.0
2023-08-29 00:00:00-04:00,178.15886298414327,183.31426398332457,177.96058123954543,182.54095458984375,53003900,0.0,0.0
2023-08-30 00:00:00-04:00,183.35395983897268,186.23900735465395,183.1556780614674,186.04071044921875,60813900,0.0,0.0
2023-08-31 00:00:00-04:00,186.22907807070516,187.49809956371718,185.8721648302999,186.25881958007812,60794500,0.0,0.0
2023-09-01 00:00:00-04:00,187.86493132785435,188.2912363685708,186.66530168187228,187.83518981933594,45732600,0.0,0.0
2023-09-05 00:00:00-04:00,186.66531506939765,188.35073289401015,186.00106278496517,188.07313537597656,45280000,0.0,0.0
2023-09-06 00:00:00-04:00,186.7842777718091,187.23043067946264,179.91371663144653,181.34136962890625,81755800,0.0,0.0
2023-09-07 00:00:00-04:00,173.6776376395152,176.68166607969957,172.0517029915355,176.0372314453125,112488800,0.0,0.0
2023-09-08 00:00:00-04:00,176.82047189213844,178.69426259870855,176.26526175899272,176.65191650390625,65551300,0.0,0.0
2023-09-11 00:00:00-04:00,178.52572555213936,178.7537488345446,175.81912716109244,177.82180786132812,58953100,0.0,0.0
2023-09-12 00:00:00-04:00,177.95068488711692,178.58519559094336,173.32073699502078,174.7880401611328,90370200,0.0,0.0
2023-09-13 00:00:00-04:00,174.99623588192003,175.77946927367296,172.48793449989455,172.71597290039062,84267900,0.0,0.0
2023-09-14 00:00:00-04:00,172.50776601489048,174.58976234555206,172.09136977434392,174.23284912109375,60895800,0.0,0.0
2023-09-15 00:00:00-04:00,174.9665039932106,174.98633670911127,172.32932763975032,173.5091094970703,109205100,0.0,0.0
2023-09-18 00:00:00-04:00,174.9664984209427,177.84163701778533,174.65915940995401,176.4437255859375,67257600,0.0,0.0
2023-09-19 00:00:00-04:00,175.99757641576028,178.08948146713516,175.6109216966876,177.53428649902344,51826900,0.0,0.0
2023-09-20 00:00:00-04:00,177.72264255589144,178.158871491594,173.8957457034938,173.9849853515625,58436200,0.0,0.0
2023-09-21 00:00:00-04:00,173.05304760725463,174.78803946069445,172.36896268457267,172.4383544921875,63047900,0.0,0.0
2023-09-22 00:00:00-04:00,173.17201907467273,175.56135441857745,172.55734106823024,173.29098510742188,56725400,0.0,0.0
2023-09-25 00:00:00-04:00,172.70604916227998,175.4522977411563,172.65647493916612,174.56993103027344,46172700,0.0,0.0
2023-09-26 00:00:00-04:00,173.32074847329434,173.69747930093746,170.1878450472042,170.4852752685547,64588900,0.0,0.0
2023-09-27 00:00:00-04:00,171.1395892983555,171.55598552227247,167.60021383109716,168.96836853027344,66921800,0.0,0.0
2023-09-28 00:00:00-04:00,167.88772217595067,170.5546549284134,166.18247183150447,169.2261505126953,56294400,0.0,0.0
2023-09-29 00:00:00-04:00,170.54475018871184,171.58574835004075,168.87915010499984,169.74169921875,51814200,0.0,0.0
2023-10-02 00:00:00-04:00,169.75160169254372,172.80518912572896,169.46408028935463,172.25990295410156,52164500,0.0,0.0
2023-10-03 00:00:00-04:00,170.78267952738358,172.14094058886474,169.35504178574476,170.92147827148438,49594600,0.0,0.0
2023-10-04 00:00:00-04:00,169.62273306372262,172.71598631340495,169.5037670214799,172.1707000732422,53020300,0.0,0.0
2023-10-05 00:00:00-04:00,172.299583153516,173.94535074695764,171.19910182632682,173.4099884033203,48527900,0.0,0.0
2023-10-06 00:00:00-04:00,172.30947784007347,176.46354642551725,171.69478473153458,175.96783447265625,57224100,0.0,0.0
2023-10-09 00:00:00-04:00,175.29365932051672,177.51445432768062,174.2923266162491,177.45497131347656,42390800,0.0,0.0
2023-10-10 00:00:00-04:00,176.5726316175604,178.1787337581922,176.42390893139742,176.86013793945312,43698000,0.0,0.0
2023-10-11 00:00:00-04:00,176.6717569025772,178.30761560829964,176.07691156880261,178.25804138183594,47551100,0.0,0.0
2023-10-12 00:00:00-04:00,178.52572180730996,180.77624333047942,177.50454119898205,179.1602325439453,56743100,0.0,0.0
2023-10-13 00:00:00-04:00,179.8641290223829,180.3697497847248,176.61225971587282,177.31617736816406,51427100,0.0,0.0
2023-10-16 00:00:00-04:00,175.23416492964753,177.54418430814493,174.99621776035116,177.18727111816406,52517000,0.0,0.0
2023-10-17 00:00:00-04:00,175.1350405719026,176.88986525789463,173.3009152798367,175.63075256347656,57549400,0.0,0.0
2023-10-18 00:00:00-04:00,174.07422069011992,176.05706860986896,173.60825021874456,174.3319854736328,54764400,0.0,0.0
2023-10-19 00:00:00-04:00,174.53027383635083,176.31484005715805,173.68757251536525,173.95526123046875,59302900,0.0,0.0
2023-10-20 00:00:00-04:00,173.80650673709968,173.91556396196083,171.15940696411764,171.39735412597656,64189300,0.0,0.0
2023-10-23 00:00:00-04:00,169.44428482707696,172.51769024747387,168.47267838425373,171.516357421875,55980100,0.0,0.0
2023-10-24 00:00:00-04:00,171.56593616509952,172.18061423977284,169.97965162202772,171.9525909423828,43816600,0.0,0.0
2023-10-25 00:00:00-04:00,170.40593879918788,171.5758116987713,169.18647655282905,169.63262939453125,57157000,0.0,0.0
2023-10-26 00:00:00-04:00,168.9088912991807,169.91023915738614,164.24920182104776,165.458740234375,70625300,0.0,0.0
2023-10-27 00:00:00-04:00,165.47858075180807,167.5110029440003,165.39926501775972,166.77734375,58499100,0.0,0.0
2023-10-30 00:00:00-04:00,167.57047708446643,169.70203248533966,167.42175441803172,168.82957458496094,51131000,0.0,0.0
2023-10-31 00:00:00-04:00,167.89766069037708,169.43435579022267,166.4600837859852,169.30548095703125,44846000,0.0,0.0
2023-11-01 00:00:00-04:00,169.5334969755198,172.73579212701503,168.66103905073186,172.47802734375,56934900,0.0,0.0
2023-11-02 00:00:00-04:00,174.01475779740764,176.2553707597914,173.95527477340474,176.04718017578125,77334800,0.0,0.0
2023-11-03 00:00:00-04:00,172.74570493436423,175.3035803991637,171.86333827281126,175.13502502441406,79763700,0.0,0.0
2023-11-06 00:00:00-05:00,174.86738260141615,177.89121391765332,174.6988423245846,177.69293212890625,63841300,0.0,0.0
2023-11-07 00:00:00-05:00,177.64335292992328,180.87540499500966,177.43516235233906,180.26072692871094,70530000,0.0,0.0
2023-11-08 00:00:00-05:00,180.78617090399572,181.87672821790486,180.03267898856913,181.321533203125,49340300,0.0,0.0
2023-11-09 00:00:00-05:00,181.3909129702863,182.54095313093342,180.25076647408798,180.8456268310547,53763500,0.0,0.0
2023-11-10 00:00:00-05:00,182.63254933718324,185.21365353801235,182.1957456895483,185.0448760986328,66133400,0.24,0.0
2023-11-13 00:00:00-05:00,184.46913200851657,184.67759686655458,182.87083578949566,183.45654296875,43627500,0.0,0.0
2023-11-14 00:00:00-05:00,186.33546647450402,186.74248951594004,184.9456501718708,186.07736206054688,60108400,0.0,0.0
2023-11-15 00:00:00-05:00,186.4843631662735,188.12236184083608,186.414864785386,186.6431884765625,53790500,0.0,0.0
2023-11-16 00:00:00-05:00,188.19184420357837,189.57173837709286,187.27851922089127,188.33082580566406,54412900,0.0,0.0
2023-11-17 00:00:00-05:00,188.8669158544037,188.99597562451044,187.19913643084107,188.3109893798828,50922700,0.0,0.0
2023-11-20 00:00:00-05:00,188.50952517211448,190.51484429092645,188.4996033239707,190.0581817626953,46505100,0.0,0.0
2023-11-21 00:00:00-05:00,190.01848054916417,190.12768147094766,188.36062302598555,189.2540740966797,38134500,0.0,0.0
2023-11-22 00:00:00-05:00,190.09790401781393,191.52742272571234,189.44269847594794,189.91920471191406,39617700,0.0,0.0
2023-11-24 00:00:00-05:00,189.48239453680722,189.51217522879531,187.87417657801197,188.5889434814453,24048300,0.0,0.0
2023-11-27 00:00:00-05:00,188.53929229982836,189.28383984926063,187.52670339120002,188.4102325439453,40552600,0.0,0.0
2023-11-28 00:00:00-05:00,188.4003202806091,189.690872461515,188.02307798905798,189.01580810546875,38415400,0.0,0.0
2023-11-29 00:00:00-05:00,189.5121772909601,190.69352857887446,187.5962153955331,187.99330139160156,43014200,0.0,0.0
2023-11-30 00:00:00-05:00,188.45989087281944,188.93641225844013,186.82189215984647,188.569091796875,48794400,0.0,0.0
2023-12-01 00:00:00-05:00,188.94632812953898,190.16738195236098,187.85431892352926,189.84971618652344,45679300,0.0,0.0
2023-12-04 00:00:00-05:00,188.5988457293275,188.66834410198348,186.08723998028688,188.05284118652344,43389500,0.0,0.0
2023-12-05 00:00:00-05:00,188.82721483361496,192.98674157750665,188.79741899208386,192.0138702392578,66628400,0.0,0.0
2023-12-06 00:00:00-05:00,193.03636454966008,193.3441084564195,190.71337975554792,190.92185974121094,41089700,0.0,0.0
2023-12-07 00:00:00-05:00,192.22233461466143,193.5823700079149,192.18261692775607,192.85768127441406,47477700,0.0,0.0
2023-12-08 00:00:00-05:00,192.78819916921847,194.56519468567552,192.26205338225554,194.2872314453125,53377300,0.0,0.0
2023-12-11 00:00:00-05:00,191.70612101402028,192.08336332058192,190.02840462687192,191.77560424804688,60943700,0.0,0.0
2023-12-12 00:00:00-05:00,191.6763396332624,193.30441647720014,190.32622602015354,193.29449462890625,52696900,0.0,0.0
2023-12-13 00:00:00-05:00,193.67171305530522,196.56056130389416,193.43346752411227,196.52085876464844,70404200,0.0,0.0
2023-12-14 00:00:00-05:00,196.58042720970235,198.16878635020208,194.73394853732478,196.66976928710938,66831600,0.0,0.0
2023-12-15 00:00:00-05:00,196.09397982207716,196.95765018105735,195.56783406915136,196.13369750976562,128256700,0.0,0.0
2023-12-18 00:00:00-05:00,194.6644701434888,195.2005529586929,192.97683175624098,194.46592712402344,55751900,0.0,0.0
2023-12-19 00:00:00-05:00,194.73392679143802,195.5181768519779,194.46588544128923,195.5082550048828,40714100,0.0,0.0
2023-12-20 00:00:00-05:00,195.46856356116558,196.24289187855894,193.4136199951172,193.4136199951172,52242800,0.0,0.0
2023-12-21 00:00:00-05:00,194.674384326953,195.64725561182692,192.09327993279487,193.2646942138672,46482500,0.0,0.0
2023-12-22 00:00:00-05:00,193.7610508645393,193.98938969071887,191.56712585784612,192.1925506591797,37122800,0.0,0.0
2023-12-26 00:00:00-05:00,192.20248713561688,192.48045036895266,191.42815882163003,191.6465606689453,28919300,0.0,0.0
2023-12-27 00:00:00-05:00,191.09064392317032,192.0932959838613,189.70081253792972,191.74583435058594,48087700,0.0,0.0
2023-12-28 00:00:00-05:00,192.72864072260757,193.24486466881353,191.7656912152772,192.17271423339844,34049900,0.0,0.0
2023-12-29 00:00:00-05:00,192.4903453423781,192.98671035372809,190.33612301086217,191.13031005859375,42628800,0.0,0.0
2024-01-02 00:00:00-05:00,185.78943757371047,187.07006792285642,182.55314280656535,184.29042053222656,82488700,0.0,0.0
2024-01-03 00:00:00-05:00,182.88072651321147,184.5286619910614,182.09646131024977,182.91050720214844,58414500,0.0,0.0
2024-01-04 00:00:00-05:00,180.82578520690032,181.7589539428833,179.5650288616003,180.58753967285156,71983600,0.0,0.0
2024-01-05 00:00:00-05:00,180.66696287937032,181.43135417752765,178.86018676112266,179.8628387451172,62303300,0.0,0.0
2024-01-08 00:00:00-05:00,180.76622380895435,184.2507162227342,180.18051667398524,184.21099853515625,59144500,0.0,0.0
2024-01-09 00:00:00-05:00,182.58293533514995,183.80398923151574,181.40158398145778,183.7940673828125,42841800,0.0,0.0
2024-01-10 00:00:00-05:00,183.00979086506445,185.04487535026095,182.5829090664718,184.83641052246094,46792900,0.0,0.0
2024-01-11 00:00:00-05:00,185.1838742981323,185.69017636593313,182.28510409693843,184.24078369140625,49128400,0.0,0.0
2024-01-12 00:00:00-05:00,184.70737150933715,185.38243589635255,183.84370111575322,184.56838989257812,40444700,0.0,0.0
2024-01-16 00:00:00-05:00,180.83572939974707,182.9204536449405,179.61466039771227,182.2950439453125,65603000,0.0,0.0
2024-01-17 00:00:00-05:00,179.95219077216925,181.6001112377356,178.98924135636386,181.3519287109375,47317400,0.0,0.0
2024-01-18 00:00:00-05:00,184.73716943912152,187.76499974515983,184.47906502616115,187.2587127685547,78005800,0.0,0.0
2024-01-19 00:00:00-05:00,187.95360487861367,190.55455307634924,187.44731794521132,190.16738891601562,68741000,0.0,0.0
2024-01-22 00:00:00-05:00,190.90200101096366,193.90997199821769,190.86228332421425,192.48043823242188,60133900,0.0,0.0
2024-01-23 00:00:00-05:00,193.60223731108647,194.3269260762536,192.42088601370864,193.7610626220703,42355600,0.0,0.0
2024-01-24 00:00:00-05:00,193.9993237123997,194.95235131957728,192.9271733347724,193.0860137939453,53631300,0.0,0.0
2024-01-25 00:00:00-05:00,193.80077725921535,194.84314692565724,191.70611607825748,192.75840759277344,54822100,0.0,0.0
2024-01-26 00:00:00-05:00,192.8576594463704,193.34408744696182,190.54459675135575,191.02110290527344,44594000,0.0,0.0
2024-01-29 00:00:00-05:00,190.6141143586287,190.80273551445788,188.20178731814485,190.33615112304688,47145600,0.0,0.0
2024-01-30 00:00:00-05:00,189.5518847070131,190.4056331853674,186.10711010289756,186.67295837402344,55859400,0.0,0.0
2024-01-31 00:00:00-05:00,185.6802399646441,185.7398164976455,183.00980859435379,183.05943298339844,55467800,0.0,0.0
2024-02-01 00:00:00-05:00,182.6524106894615,185.5908832083414,182.48364839562151,185.5015411376953,64885400,0.0,0.0
2024-02-02 00:00:00-05:00,178.55244241438749,185.96813772334343,177.9468764270477,184.4989013671875,102518000,0.0,0.0
2024-02-05 00:00:00-05:00,186.78216664518396,187.87417583998953,184.48896248395178,186.31558227539062,69668800,0.0,0.0
2024-02-06 00:00:00-05:00,185.50154897397763,187.9337347140823,185.4122068995574,187.92381286621094,43490800,0.0,0.0
2024-02-07 00:00:00-05:00,189.2540738540102,189.66109684812312,187.23883287556598,188.03302001953125,53439000,0.0,0.0
2024-02-08 00:00:00-05:00,188.0131563419714,188.16205980044833,185.98799356738817,186.95094299316406,40962000,0.0,0.0
2024-02-09 00:00:00-05:00,187.5175123353768,188.84947973129314,186.87142040616737,187.71632385253906,45155200,0.24,0.0
2024-02-12 00:00:00-05:00,187.28888476363343,187.537383976275,185.66866504371018,186.02650451660156,41781900,0.0,0.0
2024-02-13 00:00:00-05:00,184.6548126341336,185.09217370700773,182.4083698811328,183.92918395996094,56529500,0.0,0.0
2024-02-14 00:00:00-05:00,184.20749952407863,184.41623036442274,181.34478380471282,183.0445098876953,54630500,0.0,0.0
2024-02-15 00:00:00-05:00,182.44813474883824,183.3824942652778,180.26134459364147,182.7562713623047,65434500,0.0,0.0
2024-02-16 00:00:00-05:00,182.31891336045317,183.7403368438813,180.57941874936438,181.215576171875,49701400,0.0,0.0
2024-02-20 00:00:00-05:00,180.69867728023533,181.33483464555084,178.91942962585208,180.47006225585938,53665600,0.0,0.0
2024-02-21 00:00:00-05:00,180.8478012209779,181.79209525720324,179.57548638259638,181.22552490234375,41529700,0.0,0.0
2024-02-22 00:00:00-05:00,182.37854224114136,183.84966853541172,181.36467634977905,183.26319885253906,52292200,0.0,0.0
2024-02-23 00:00:00-05:00,183.89935895257477,183.92917764586625,181.13604881484736,181.42431640625,45119700,0.0,0.0
2024-02-26 00:00:00-05:00,181.14598235368476,181.66284976948523,179.56551591408572,180.0724639892578,40867400,0.0,0.0
2024-02-27 00:00:00-05:00,180.0128468267154,182.8159102315647,178.482083088638,181.53366088867188,54318900,0.0,0.0
2024-02-28 00:00:00-05:00,181.4143703487687,182.02070906977036,179.0486680197237,180.33091735839844,48953900,0.0,0.0
2024-02-29 00:00:00-05:00,180.18184546980606,181.47404463933898,178.4522851813059,179.6649627685547,136682600,0.0,0.0
2024-03-01 00:00:00-05:00,178.47214167082092,179.44625436004063,176.31517027538303,178.58148193359375,73488000,0.0,0.0
2024-03-04 00:00:00-05:00,175.09254322615726,175.838040881393,172.74670999766127,174.04885864257812,81510100,0.0,0.0
2024-03-05 00:00:00-05:00,169.73491231886675,171.00722719097524,168.60175641192043,169.0987548828125,95132400,0.0,0.0
2024-03-06 00:00:00-05:00,170.03309257401145,170.21201988746688,167.6673753032203,168.104736328125,68587700,0.0,0.0
2024-03-07 00:00:00-05:00,168.13456709874717,169.70508399774383,167.47854068144582,167.9854736328125,71765100,0.0,0.0
2024-03-08 00:00:00-05:00,167.98548292374957,172.65726551008456,167.9258455340773,169.70509338378906,76114600,0.0,0.0
2024-03-11 00:00:00-04:00,171.90181348381185,173.33317133974063,171.01715691552084,171.71295166015625,60139500,0.0,0.0
2024-03-12 00:00:00-04:00,172.1105571632911,172.98527928876703,169.9834044040384,172.19007873535156,59825400,0.0,0.0
2024-03-13 00:00:00-04:00,171.7328613388464,172.15033824760602,169.73491771533728,170.1027069091797,52488700,0.0,0.0
2024-03-14 00:00:00-04:00,171.87198497095238,173.26357438070215,171.01714714290978,171.96144104003906,72913500,0.0,0.0
2024-03-15 00:00:00-04:00,170.14246289166607,171.58375549316406,169.2677406873074,171.58375549316406,121664700,0.0,0.0
2024-03-18 00:00:00-04:00,174.51605499918875,176.6432079045962,172.4783581807999,172.67715454101562,75604200,0.0,0.0
2024-03-19 00:00:00-04:00,173.29340452493878,175.54978158656556,171.99127109820583,175.02296447753906,55215200,0.0,0.0
2024-03-20 00:00:00-04:00,174.66512448913912,177.597412109375,174.0389016316341,177.597412109375,53423100,0.0,0.0
2024-03-21 00:00:00-04:00,175.98714219427453,176.42450322724187,169.81441519205438,170.3412322998047,106181300,0.0,0.0
2024-03-22 00:00:00-04:00,170.7288907150358,172.01115512427612,169.03909913099622,171.2457733154297,71106600,0.0,0.0
2024-03-25 00:00:00-04:00,169.54605342761408,170.90782428626645,168.43276661931924,169.82437133789062,54288300,0.0,0.0
2024-03-26 00:00:00-04:00,168.97946029150032,170.39093396328443,168.56198344496033,168.6912078857422,57388400,0.0,0.0
2024-03-27 00:00:00-04:00,169.3870074763491,172.55785986634996,169.08880538680637,172.26959228515625,60273300,0.0,0.0
2024-03-28 00:00:00-04:00,170.71896018041463,171.1960744249358,169.4863986176142,170.45057678222656,65672700,0.0,0.0
2024-04-01 00:00:00-04:00,170.16233265286536,170.22197004043582,168.46259127116116,169.00929260253906,46240500,0.0,0.0
2024-04-02 00:00:00-04:00,168.0649959882119,168.3234297194346,167.22009256480143,167.82643127441406,49329500,0.0,0.0
2024-04-03 00:00:00-04:00,167.7767233727702,169.6553768320082,167.56799252573734,168.63156127929688,47691700,0.0,0.0
2024-04-04 00:00:00-04:00,169.2677258236611,170.88794562795422,167.8065643310547,167.8065643310547,53704400,0.0,0.0
2024-04-05 00:00:00-04:00,168.5719309687928,169.36713152382467,167.9357735582051,168.56199645996094,42055200,0.0,0.0
2024-04-08 00:00:00-04:00,168.01530178433154,168.1842794442996,167.23005087422234,167.43878173828125,37425500,0.0,0.0
2024-04-09 00:00:00-04:00,167.68726532493085,169.05898582949538,167.33937552823474,168.6514434814453,42451200,0.0,0.0
2024-04-10 00:00:00-04:00,167.78667770328389,168.0749301271986,166.1068205360595,166.77279663085938,49709300,0.0,0.0
2024-04-11 00:00:00-04:00,167.3294357885208,174.4067040844594,167.1505236254001,173.9892120361328,91070300,0.0,0.0
2024-04-12 00:00:00-04:00,173.21389665591335,177.28929006742356,173.16420894399843,175.4901580810547,101593300,0.0,0.0
2024-04-15 00:00:00-04:00,174.30730560539226,175.56968597759519,171.4644737242048,171.65333557128906,73531800,0.0,0.0
2024-04-16 00:00:00-04:00,170.71895735574867,172.71688554496447,167.2598525976239,168.36318969726562,73711200,0.0,0.0
2024-04-17 00:00:00-04:00,168.59180586766368,169.62555591523414,166.99147033691406,166.99147033691406,50901200,0.0,0.0
2024-04-18 00:00:00-04:00,167.02129381245496,167.62763251332663,165.55018268321453,166.0372314453125,43122900,0.0,0.0
2024-04-19 00:00:00-04:00,165.21221853676252,165.40106519259456,163.0950004513954,164.0094757080078,67772100,0.0,0.0
2024-04-22 00:00:00-04:00,164.52635030592455,166.25589498596477,163.7808527253039,164.84442138671875,48116400,0.0,0.0
2024-04-23 00:00:00-04:00,164.3573882766078,166.0471799196536,163.92996173620628,165.8980712890625,49537800,0.0,0.0
2024-04-24 00:00:00-04:00,165.540232667877,168.2836737462142,165.21222704669103,168.00535583496094,48251800,0.0,0.0
2024-04-25 00:00:00-04:00,168.51229295621184,169.58581142644354,167.14057238305094,168.87013244628906,50558300,0.0,0.0
2024-04-26 00:00:00-04:00,168.8601961624801,170.31142312512412,168.16438620722982,168.28367614746094,44838400,0.0,0.0
2024-04-29 00:00:00-04:00,172.3292258757486,174.97326108846298,172.06085765153782,172.4584503173828,68169400,0.0,0.0
2024-04-30 00:00:00-04:00,172.28947031289857,173.9395086711804,168.9794590883409,169.30747985839844,65934800,0.0,0.0
2024-05-01 00:00:00-04:00,168.56199406268553,171.6732091751753,168.0948143120181,168.28367614746094,50383100,0.0,0.0
2024-05-02 00:00:00-04:00,171.47440458209337,172.37894542666191,169.8641344122997,171.9912872314453,94214900,0.0,0.0
2024-05-03 00:00:00-04:00,185.52950301417593,185.87740797297917,181.56346535319665,182.27914428710938,163224100,0.0,0.0
2024-05-06 00:00:00-04:00,181.25534382134734,183.0942290168702,179.33692188523904,180.6191864013672,78569700,0.0,0.0
2024-05-07 00:00:00-04:00,182.34872294128857,183.79001537072006,180.23151991986552,181.30502319335938,77305800,0.0,0.0
2024-05-08 00:00:00-04:00,181.75234564063675,181.97102617972277,180.36074083125402,181.64300537109375,45057100,0.0,0.0
2024-05-09 00:00:00-04:00,181.46406224266897,183.55146169147778,181.01676669426374,183.46200561523438,48983000,0.0,0.0
2024-05-10 00:00:00-04:00,184.039301056681,184.22841905381327,181.28220609270682,182.1979217529297,50759500,0.25,0.0
2024-05-13 00:00:00-04:00,184.57680131825043,186.22907786103977,183.76061103045285,185.4128875732422,72044800,0.0,0.0
2024-05-14 00:00:00-04:00,186.63713980034996,187.4234708736874,185.42281765723527,186.55751037597656,52393600,0.0,0.0
2024-05-15 00:00:00-04:00,187.03529613574696,189.76253191302303,186.49780129168897,188.8368682861328,70400000,0.0,0.0
2024-05-16 00:00:00-04:00,189.58338637309936,190.21045865928463,188.7771592552961,188.95631408691406,52845200,0.0,0.0
2024-05-17 00:00:00-04:00,188.62785068172937,189.9218023921439,188.29938496531759,188.98617553710938,41282900,0.0,0.0
2024-05-20 00:00:00-04:00,188.44869465688268,191.02663488992152,188.1301769262196,190.15072631835938,44361300,0.0,0.0
2024-05-21 00:00:00-04:00,190.20049107683238,191.83285642957057,190.03128423275254,191.4546356201172,42309400,0.0,0.0
2024-05-22 00:00:00-04:00,191.37501623979523,191.92245910983817,189.38432593982932,190.01138305664062,34648500,0.0,0.0
2024-05-23 00:00:00-04:00,190.09100720719516,190.11091836221462,185.76126503778056,186.01010131835938,51005900,0.0,0.0
2024-05-24 00:00:00-04:00,187.94106857836448,189.6928704821682,187.16468542966413,189.0956573486328,36294600,0.0,0.0
2024-05-28 00:00:00-04:00,190.61853495727325,192.10160462638697,188.21976480489596,189.10562133789062,52280100,0.0,0.0
2024-05-29 00:00:00-04:00,188.7273931739324,191.35510374397245,188.6278525845266,189.4042205810547,53068000,0.0,0.0
2024-05-30 00:00:00-04:00,189.8720349370489,191.2854232244703,189.7426503955058,190.39956665039062,49947900,0.0,0.0
2024-05-31 00:00:00-04:00,190.5488754083416,191.67362027294615,189.02599856414395,191.3551025390625,75158300,0.0,0.0
2024-06-03 00:00:00-04:00,192.002040590698,194.08232314185275,191.62381982592728,193.1267852783203,50080500,0.0,0.0
2024-06-04 00:00:00-04:00,193.7339558758535,194.41079839334418,192.13144977133211,193.4453125,47471400,0.0,0.0
2024-06-05 00:00:00-04:00,194.49042328995185,195.9834409155792,193.96289161058436,194.95823669433594,54156800,0.0,0.0
2024-06-06 00:00:00-04:00,194.77908126144504,195.58530834672572,193.2661524862918,193.57470703125,41181800,0.0,0.0
2024-06-07 00:00:00-04:00,193.7439169991778,196.02326577578603,193.23629646745044,195.97349548339844,53103900,0.0,0.0
2024-06-10 00:00:00-04:00,195.98342648408087,196.3815736009198,191.25553768440525,192.2210235595703,97262100,0.0,0.0
2024-06-11 00:00:00-04:00,192.74857122232135,206.19569315156764,192.72867525564521,206.18572998046875,172373300,0.0,0.0
2024-06-12 00:00:00-04:00,206.40472171133436,219.1750019825869,205.9369082694312,212.0782012939453,198134300,0.0,0.0
2024-06-13 00:00:00-04:00,213.74042465409653,215.74106295368526,210.61504146610727,213.2427520751953,97862700,0.0,0.0
2024-06-14 00:00:00-04:00,212.8545395919822,214.16838712685717,210.31640674162668,211.50086975097656,70122700,0.0,0.0
2024-06-17 00:00:00-04:00,212.37678083551464,217.9308083607288,211.72981259041407,215.6614227294922,93728300,0.0,0.0
2024-06-18 00:00:00-04:00,216.5771221156608,217.61228945527094,212.008492058615,213.29248046875,79943300,0.0,0.0
2024-06-20 00:00:00-04:00,212.93418113045576,213.24275088537271,207.87784112226225,208.70396423339844,86172500,0.0,0.0
2024-06-21 00:00:00-04:00,209.41066477171813,210.9036824915187,206.14593390610847,206.524169921875,246421400,0.0,0.0
2024-06-24 00:00:00-04:00,206.75306897426384,211.70988292620214,205.62832424046638,207.17111206054688,80727000,0.0,0.0
2024-06-25 00:00:00-04:00,208.1764007338177,210.39603101963272,207.6389211162797,208.09678649902344,56713900,0.0,0.0
2024-06-26 00:00:00-04:00,210.51548557795786,213.8598456726642,209.65948819693895,212.25733947753906,66213200,0.0,0.0
2024-06-27 00:00:00-04:00,213.69065882378794,214.73577429887092,211.36155475092565,213.10340881347656,49772700,0.0,0.0
2024-06-28 00:00:00-04:00,214.76560832661605,215.0642148828325,209.3210696212814,209.6395721435547,82542700,0.0,0.0
2024-07-01 00:00:00-04:00,211.1027463681721,216.49751518580166,210.9335395174881,215.74105834960938,60402900,0.0,0.0
2024-07-02 00:00:00-04:00,215.1438274713018,219.35414798734178,214.09872731420612,219.24465942382812,58046200,0.0,0.0
2024-07-03 00:00:00-04:00,218.97591935149836,220.51870727539062,218.01043340115498,220.51870727539062,37369800,0.0,0.0
2024-07-05 00:00:00-04:00,220.618221554563,225.3958807735831,220.618221554563,225.28639221191406,60412400,0.0,0.0
2024-07-08 00:00:00-04:00,226.0329238568709,226.78939588229815,222.21080217009418,226.75953674316406,59085900,0.0,0.0
2024-07-09 00:00:00-04:00,226.8690002119573,228.33215871662,225.3162642938077,227.61550903320312,48076100,0.0,0.0
2024-07-10 00:00:00-04:00,228.23262994836378,231.9950331368443,228.1828596567971,231.89549255371094,62627700,0.0,0.0
2024-07-11 00:00:00-04:00,230.31290687462652,231.30825199534104,224.7190721562944,226.5106964111328,64710600,0.0,0.0
2024-07-12 00:00:00-04:00,227.8544036714271,231.55708874298097,227.6155153743793,229.46685791015625,53046500,0.0,0.0
2024-07-15 00:00:00-04:00,235.37920328245679,236.12571210202407,232.00498402552307,233.3088836669922,62631300,0.0,0.0
2024-07-16 00:00:00-04:00,233.90609879782943,235.17019132901206,231.2485291999769,233.72694396972656,43234300,0.0,0.0
2024-07-17 00:00:00-04:00,228.38192926123955,230.38258262455565,225.58501197125685,227.81459045410156,57345900,0.0,0.0
2024-07-18 00:00:00-04:00,229.20805491946456,229.3673137711516,221.2353466054131,223.13644409179688,66034600,0.0,0.0
2024-07-19 00:00:00-04:00,223.773474302542,225.74425318618754,222.24063446922685,223.26583862304688,49151500,0.0,0.0
2024-07-22 00:00:00-04:00,225.95328613844396,226.7197061195605,222.0515351611177,222.91749572753906,48201800,0.0,0.0
2024-07-23 00:00:00-04:00,223.32556522126958,225.88360930378687,221.64342964759248,223.96258544921875,39960300,0.0,0.0
2024-07-24 00:00:00-04:00,222.9572802069956,223.75355924528677,216.11926491073012,217.52268981933594,61777600,0.0,0.0
2024-07-25 00:00:00-04:00,217.91089956980477,219.8219755631398,213.62096453779796,216.4776153564453,51391200,0.0,0.0
2024-07-26 00:00:00-04:00,217.6819649471348,218.46829606182757,215.0044842643322,216.94541931152344,41601300,0.0,0.0
2024-07-29 00:00:00-04:00,215.95008057489312,218.27918447457574,214.74570631572197,217.22412109375,36311800,0.0,0.0
2024-07-30 00:00:00-04:00,218.16969337819762,219.30438617677734,215.11397665237357,217.78150939941406,41643800,0.0,0.0
2024-07-31 00:00:00-04:00,220.40921389598267,222.77814001369308,219.60298682237814,221.04623413085938,50036300,0.0,0.0
2024-08-01 00:00:00-04:00,223.3255700813178,223.43505864730554,216.0097928775357,217.3435516357422,62501000,0.0,0.0
2024-08-02 00:00:00-04:00,218.1298614428512,224.54984915998065,216.69657732981517,218.83656311035156,105568600,0.0,0.0
2024-08-05 00:00:00-04:00,198.16324716744046,212.506173331003,195.0876345333798,208.29586791992188,119548600,0.0,0.0
2024-08-06 00:00:00-04:00,204.34434168651262,209.01251239840335,200.13403637997632,206.26535034179688,69660500,0.0,0.0
2024-08-07 00:00:00-04:00,205.9369016050796,212.64553325809877,205.4292810556757,208.84332275390625,63516400,0.0,0.0
2024-08-08 00:00:00-04:00,212.1179811495676,213.20290359333654,207.85790561211314,212.31704711914062,47161100,0.0,0.0
2024-08-09 00:00:00-04:00,211.11270086651854,215.77090862412464,210.98330114399806,215.23342895507812,42201600,0.0,0.0
2024-08-12 00:00:00-04:00,215.31315848368175,218.7410960979999,214.8448035806853,216.76803588867188,38028100,0.25,0.0
2024-08-13 00:00:00-04:00,218.2428407360094,221.11275746457662,218.2428407360094,220.49493408203125,44155300,0.0,0.0
2024-08-14 00:00:00-04:00,219.7973936824548,222.24876826808693,218.93043078284688,220.943359375,41960600,0.0,0.0
2024-08-15 00:00:00-04:00,223.81327127421198,224.56064415441705,221.97970491871703,223.93284606933594,46414000,0.0,0.0
2024-08-16 00:00:00-04:00,223.1356500786779,226.03546056539557,222.86659157853387,225.25819396972656,44340200,0.0,0.0
2024-08-19 00:00:00-04:00,224.92935218120843,225.19841068626937,222.25873174304007,225.0987548828125,40687800,0.0,0.0
2024-08-20 00:00:00-04:00,224.9791698204466,226.3742597731608,224.66028342820331,225.71656799316406,30299000,0.0,0.0
2024-08-21 00:00:00-04:00,225.7265541171402,227.18143154067607,224.26170199000447,225.60696411132812,34765500,0.0,0.0
2024-08-22 00:00:00-04:00,226.9920904114928,227.5401669123529,223.11571691317775,223.74351501464844,43695300,0.0,0.0
2024-08-23 00:00:00-04:00,224.86955081625499,227.42058109078098,223.544207780358,226.04541015625,38677300,0.0,0.0
2024-08-26 00:00:00-04:00,225.9657045588355,226.48388737170686,223.1057623977585,226.3842315673828,30602200,0.0,0.0
2024-08-27 00:00:00-04:00,225.20835892301574,228.04838192077386,224.1022464634546,227.2312469482422,35934600,0.0,0.0
2024-08-28 00:00:00-04:00,227.1216236092518,229.05483047059747,224.8894645684117,225.69664001464844,38052200,0.0,0.0
2024-08-29 00:00:00-04:00,229.294003797999,232.10411789712717,228.07827604001008,228.98507690429688,51906300,0.0,0.0
2024-08-30 00:00:00-04:00,229.38369482859366,229.59295072736154,226.68318070354871,228.19786071777344,52990800,0.0,0.0
2024-09-03 00:00:00-04:00,227.7494219919808,228.19784265919515,220.39526831044307,221.9896697998047,50190600,0.0,0.0
2024-09-04 00:00:00-04:00,220.88357632692316,221.00315112701452,216.71821006143196,220.076416015625,43840200,0.0,0.0
2024-09-05 00:00:00-04:00,220.85367082984084,224.6901757794695,220.744055533832,221.60104370117188,36615400,0.0,0.0
2024-09-06 00:00:00-04:00,223.16553454066073,224.4510243839852,219.00018373655976,220.0465087890625,48423000,0.0,0.0
2024-09-09 00:00:00-04:00,220.04651885251477,220.49493955114087,215.95091475509392,220.13619995117188,67180000,0.0,0.0
2024-09-10 00:00:00-04:00,218.15315521125123,220.70418549359823,215.97082401031443,219.3389892578125,51591000,0.0,0.0
2024-09-11 00:00:00-04:00,220.6842723421212,222.3085524071335,217.126770108234,221.88006591796875,44587100,0.0,0.0
2024-09-12 00:00:00-04:00,221.72061131734026,222.7669363444001,219.05000630879996,221.9896697998047,37498200,0.0,0.0
2024-09-13 00:00:00-04:00,222.7968456308755,223.25522582753553,221.13269713278441,221.7206268310547,36766600,0.0,0.0
2024-09-16 00:00:00-04:00,215.7815017768951,216.45912779468063,213.1706839207783,215.56228637695312,59357400,0.0,0.0
2024-09-17 00:00:00-04:00,214.99427397716522,216.14023969143096,213.74865245933694,216.03062438964844,45519300,0.0,0.0
2024-09-18 00:00:00-04:00,216.7879611815548,221.9298901997397,216.777986478492,219.91696166992188,59894900,0.0,0.0
2024-09-19 00:00:00-04:00,224.20189972925183,229.014982798629,223.84316014627527,228.06829833984375,66781300,0.0,0.0
2024-09-20 00:00:00-04:00,229.1644542640561,232.27352055331795,226.82267984404155,227.40065002441406,318679900,0.0,0.0
2024-09-23 00:00:00-04:00,226.54367501316779,228.64628476177805,225.01903547850176,225.67672729492188,54146000,0.0,0.0
2024-09-24 00:00:00-04:00,227.8490778167103,228.5466380182851,224.93930782860403,226.5735626220703,43556100,0.0,0.0
2024-09-25 00:00:00-04:00,224.1420985437932,226.49383244586693,223.2352976856936,225.57705688476562,42308700,0.0,0.0
2024-09-26 00:00:00-04:00,226.50380712846774,227.69960067739044,224.62042810744603,226.72303771972656,36636700,0.0,0.0
2024-09-27 00:00:00-04:00,227.65976246799463,228.71604709249937,226.50382203896112,226.99209594726562,34026000,0.0,0.0
2024-09-30 00:00:00-04:00,229.23421467656505,232.18385314941406,228.84558136748996,232.18385314941406,54541900,0.0,0.0
2024-10-01 00:00:00-04:00,228.71603627902877,228.84557057238277,222.9562838134916,225.41763305664062,63285000,0.0,0.0
2024-10-02 00:00:00-04:00,225.09874435066007,226.57355589970402,222.2388023482828,225.98562622070312,32880600,0.0,0.0
2024-10-03 00:00:00-04:00,224.35135909006985,226.0155074417467,222.5377422537936,224.87950134277344,34044200,0.0,0.0
2024-10-04 00:00:00-04:00,227.1017072618697,227.20136306464835,223.3449237414969,226.0055694580078,37245100,0.0,0.0
2024-10-07 00:00:00-04:00,223.7136221153256,224.8994562199718,220.55472780586587,220.91346740722656,39505400,0.0,0.0
2024-10-08 00:00:00-04:00,223.51431968732726,225.1884276449642,222.46799461113406,224.9791717529297,31855700,0.0,0.0
2024-10-09 00:00:00-04:00,224.44106139019914,228.94523301761674,224.0424685900414,228.7359619140625,33591100,0.0,0.0
2024-10-10 00:00:00-04:00,226.98213565099735,228.6961120865482,226.37427173832708,228.2377166748047,28183500,0.0,0.0
2024-10-11 00:00:00-04:00,228.49679970126073,228.60641499605356,226.54365859549918,226.7529296875,31759200,0.0,0.0
2024-10-14 00:00:00-04:00,227.89890830734765,230.91829362955485,227.79926770980506,230.48980712890625,39882100,0.0,0.0
2024-10-15 00:00:00-04:00,232.79170373632726,236.65811760908664,231.5560417756155,233.03086853027344,64751400,0.0,0.0
2024-10-16 00:00:00-04:00,230.78874694170784,231.3069145139278,229.0349022193022,230.96810913085938,34082200,0.0,0.0
2024-10-17 00:00:00-04:00,232.6123377292532,233.0308799404877,229.71254238803704,231.33682250976562,32993800,0.0,0.0
2024-10-18 00:00:00-04:00,235.35269346424636,235.35269346424636,233.19029643777657,234.1768341064453,46431500,0.0,0.0
2024-10-21 00:00:00-04:00,233.62876897482323,236.02037141360947,233.62876897482323,235.6516571044922,36254500,0.0,0.0
2024-10-22 00:00:00-04:00,233.07072804715946,235.3925683333293,231.7852533575211,235.03382873535156,38846600,0.0,0.0
2024-10-23 00:00:00-04:00,233.26006870913344,234.31635331873264,226.96219904424217,229.95169067382812,52287000,0.0,0.0
2024-10-24 00:00:00-04:00,229.17441473320775,230.0114839114603,227.60992208421712,229.76235961914062,31109500,0.0,0.0
2024-10-25 00:00:00-04:00,228.935262581316,232.40306843409212,228.76585988907573,230.5994110107422,38802300,0.0,0.0
2024-10-28 00:00:00-04:00,232.50273684103132,233.9077863541258,231.73542973016842,232.5824432373047,36087100,0.0,0.0
2024-10-29 00:00:00-04:00,232.28350596136286,233.50919327337175,231.50623935322642,232.85150146484375,35417200,0.0,0.0
2024-10-30 00:00:00-04:00,231.79520878623467,232.65219696606212,228.74592985962587,229.29400634765625,47070900,0.0,0.0
2024-10-31 00:00:00-04:00,228.53666090957242,229.02495000446748,224.5805658660821,225.11868286132812,64370100,0.0,0.0
2024-11-01 00:00:00-04:00,220.1959740256502,224.56063636026596,219.4984290694042,222.12918090820312,65276700,0.0,0.0
2024-11-04 00:00:00-05:00,220.21591416091667,222.0095968952219,218.94039900502227,221.23233032226562,44944500,0.0,0.0
2024-11-05 00:00:00-05:00,221.02308305755813,223.1655459656629,220.36539125313263,222.66729736328125,28111300,0.0,0.0
2024-11-06 00:00:00-05:00,221.83023455712816,225.27812143912794,220.41521040716108,221.93984985351562,54561100,0.0,0.0
2024-11-07 00:00:00-05:00,223.8431587611439,227.08177448549134,223.78337136524107,226.68316650390625,42137700,0.0,0.0
2024-11-08 00:00:00-05:00,226.6233197345054,228.10973956989392,225.8651541338214,226.41383361816406,38328800,0.25,0.0
2024-11-11 00:00:00-05:00,224.4585504714927,225.15686291743452,220.96697301971395,223.69039916992188,42005600,0.0,0.0
2024-11-12 00:00:00-05:00,224.00963641496367,225.04712701721013,222.82249764582772,223.69039916992188,40398300,0.0,0.0
2024-11-13 00:00:00-05:00,223.4709176605461,226.10456392944064,222.2239257676591,224.5782470703125,48566200,0.0,0.0
2024-11-14 00:00:00-05:00,224.47849544461576,228.31922131738446,224.45853931227538,227.67079162597656,44923900,0.0,0.0
2024-11-15 00:00:00-05:00,225.8551667084814,226.3739196007606,223.73030286311794,224.4585418701172,47923700,0.0,0.0
2024-11-18 00:00:00-05:00,224.70792952115227,229.18712968944305,224.62812021676072,227.4712677001953,44686000,0.0,0.0
2024-11-19 00:00:00-05:00,226.43377721041003,229.60613257977118,226.11455519341968,227.73065185546875,36211800,0.0,0.0
2024-11-20 00:00:00-05:00,227.51117324017346,229.37666823104936,225.34639715216647,228.44891357421875,35169600,0.0,0.0
2024-11-21 00:00:00-05:00,228.3292117939797,229.60613029336434,225.16684213362325,227.97007751464844,42108300,0.0,0.0
2024-11-22 00:00:00-05:00,227.51117639639193,230.16477882059493,227.51117639639193,229.3168182373047,38168300,0.0,0.0
2024-11-25 00:00:00-05:00,230.9030055193102,232.68869124314412,229.1871434272115,232.30960083007812,90152800,0.0,0.0
2024-11-26 00:00:00-05:00,232.76849125195545,235.00310615337486,232.76849125195545,234.49432373046875,45986200,0.0,0.0
2024-11-27 00:00:00-05:00,233.9057547855541,235.12282010257627,233.24733940643014,234.36463928222656,33498400,0.0,0.0
2024-11-29 00:00:00-05:00,234.24492549364632,237.2377059705746,233.40695061340287,236.7588653564453,28481400,0.0,0.0
2024-12-02 00:00:00-05:00,236.69901868412032,240.21053691361496,236.58928278806928,239.013427734375,48137100,0.0,0.0
2024-12-03 00:00:00-05:00,239.232908507596,242.1758064568113,238.32509471728144,242.06607055664062,38861000,0.0,0.0
2024-12-04 00:00:00-05:00,242.28553892887177,243.5225604021956,240.66944226019712,242.42520141601562,44383900,0.0,0.0
2024-12-05 00:00:00-05:00,243.40284992887905,243.95151419061432,241.54732536132988,242.4551239013672,40033900,0.0,0.0
2024-12-06 00:00:00-05:00,242.32543882662802,244.04130085085734,241.49743440151175,242.25559997558594,36870600,0.0,0.0
2024-12-09 00:00:00-05:00,241.24804586880077,246.64503053466012,241.16823655952678,246.1562042236328,44649200,0.0,0.0
2024-12-10 00:00:00-05:00,246.2958646584201,247.612695417372,244.7495916510093,247.1737518310547,36914800,0.0,0.0
2024-12-11 00:00:00-05:00,247.3632990378159,250.19646101706442,245.66737785476369,245.89683532714844,45205800,0.0,0.0
2024-12-12 00:00:00-05:00,246.2958641332418,248.1414182384854,245.08876927344312,247.36329650878906,32777500,0.0,0.0
2024-12-13 00:00:00-05:00,247.223631137632,248.69007959411312,245.647431564018,247.5328826904297,33155300,0.0,0.0
2024-12-16 00:00:00-05:00,247.3932343641577,250.77507595019196,247.05404098232512,250.43588256835938,51694800,0.0,0.0
2024-12-17 00:00:00-05:00,249.47818331943677,253.21915892963332,249.1789022262073,252.8699951171875,51356400,0.0,0.0
2024-12-18 00:00:00-05:00,251.55318925842403,253.66808268004456,247.14382766353577,247.4530792236328,56774100,0.0,0.0
2024-12-19 00:00:00-05:00,246.90440599607692,251.3935770141874,246.49538898335234,249.1888885498047,60882300,0.0,0.0
2024-12-20 00:00:00-05:00,247.44310326755718,254.3863612366688,245.09876750312787,253.87759399414062,147495300,0.0,0.0
2024-12-23 00:00:00-05:00,254.15691915529422,255.03479114956258,252.8400883307868,254.6557159423828,40858800,0.0,0.0
2024-12-24 00:00:00-05:00,254.87518901917565,257.58862955018265,254.67565812568793,257.57867431640625,23234700,0.0,0.0
2024-12-26 00:00:00-05:00,257.56867823862046,259.47408555117545,257.0100282923795,258.39666748046875,27237100,0.0,0.0
2024-12-27 00:00:00-05:00,257.20952960207876,258.0774615569102,252.4510193654514,254.9749298095703,42355300,0.0,0.0
2024-12-30 00:00:00-05:00,251.62300520062965,252.88995321263158,250.14657107718884,251.59307861328125,35557500,0.0,0.0
2024-12-31 00:00:00-05:00,251.83251072711272,252.67048563095815,248.82974448856297,249.81736755371094,39480700,0.0,0.0
2025-01-02 00:00:00-05:00,248.3309608077005,248.5005651105234,241.23808511721737,243.26319885253906,55740700,0.0,0.0
2025-01-03 00:00:00-05:00,242.7743682861328,243.5923870862029,241.3079045417172,242.7743682861328,40244100,0.0,0.0
2025-01-06 00:00:00-05:00,243.72207367593157,246.73481040856498,242.61474424512696,244.41041564941406,45045600,0.0,0.0
2025-01-07 00:00:00-05:00,242.3952722906863,244.9590949760797,240.76920518354387,241.62713623046875,40856000,0.0,0.0
2025-01-08 00:00:00-05:00,241.33782978685954,243.12353076570005,239.47233471944105,242.11595153808594,37628900,0.0,0.0
2025-01-10 00:00:00-05:00,239.43242868693397,239.58207685657038,232.43930319937854,236.28004455566406,61710900,0.0,0.0
2025-01-13 00:00:00-05:00,232.96802072299363,234.10527676213235,229.16719172961072,233.83592224121094,49630700,0.0,0.0
2025-01-14 00:00:00-05:00,234.1850763475817,235.55177458449063,231.9105643637605,232.71861267089844,39435300,0.0,0.0
2025-01-15 00:00:00-05:00,234.07533889356793,238.38495013235746,233.86583756026477,237.2975616455078,39832000,0.0,0.0
2025-01-16 00:00:00-05:00,236.77883010316478,237.4372302632713,227.4812511099753,227.710693359375,71759100,0.0,0.0
2025-01-17 00:00:00-05:00,231.5614090278119,231.73099810398455,227.93016912923343,229.4265594482422,68488300,0.0,0.0
2025-01-21 00:00:00-05:00,223.46094530610958,223.87993275191027,218.85206818023312,222.10421752929688,98070400,0.0,0.0
2025-01-22 00:00:00-05:00,219.26108010259503,223.58066200952604,219.26108010259503,223.29136657714844,64126500,0.0,0.0
2025-01-23 00:00:00-05:00,224.19918327232872,226.4836658384098,221.76505253825962,223.1217803955078,60234800,0.0,0.0
2025-01-24 00:00:00-05:00,224.23906824814947,225.08702882156655,220.877182986192,222.24388122558594,54697900,0.0,0.0
2025-01-27 00:00:00-05:00,223.4809115633434,231.59133678218907,223.44099929694335,229.30685424804688,94863400,0.0,0.0
2025-01-28 00:00:00-05:00,230.2944737209622,239.61199368769647,230.25456145518996,237.68663024902344,75707600,0.0,0.0
2025-01-29 00:00:00-05:00,233.55658589116152,239.28277807440017,233.446849997024,238.7839813232422,45486100,0.0,0.0
2025-01-30 00:00:00-05:00,238.09563705158317,240.21053038482776,236.63915907674937,237.0182342529297,55658300,0.0,0.0
2025-01-31 00:00:00-05:00,246.59515764263173,246.59515764263173,232.87824601959832,235.4320831298828,101075100,0.0,0.0
2025-02-03 00:00:00-05:00,229.4365345420127,231.27210292869276,225.1568499027089,227.46128845214844,73063300,0.0,0.0
2025-02-04 00:00:00-05:00,226.70312948058964,232.5689843025687,226.10456727432145,232.23977661132812,45067300,0.0,0.0
2025-02-05 00:00:00-05:00,227.98006230899622,232.11009917003332,227.7206934550818,231.91058349609375,39620300,0.0,0.0
2025-02-06 00:00:00-05:00,230.7334042435517,233.23737378273856,229.875473186273,232.6587677001953,29925300,0.0,0.0
2025-02-07 00:00:00-05:00,232.04025529180169,233.43688010961284,226.71309440770742,227.08221435546875,39707200,0.0,0.0
2025-02-10 00:00:00-05:00,229.26935130196645,230.2880044885276,226.90244480659103,227.3518524169922,33115600,0.25,0.0
2025-02-11 00:00:00-05:00,227.90114370319637,234.92193591818142,227.83124330015124,232.3153533935547,53718400,0.0,0.0
2025-02-12 00:00:00-05:00,230.89721134547665,236.64967765066982,230.377888084301,236.55978393554688,45243300,0.0,0.0
2025-02-13 00:00:00-05:00,236.5997394445533,242.02262084431055,235.2614980047627,241.21368408203125,53614100,0.0,0.0
2025-02-14 00:00:00-05:00,240.93404435379279,245.22841586050225,240.67439035154717,244.2796630859375,40896200,0.0,0.0
2025-02-18 00:00:00-05:00,243.83025306858283,244.85890295305822,241.52328070167576,244.14984130859375,48822500,0.0,0.0
2025-02-19 00:00:00-05:00,244.33958470767533,245.68780753699892,242.84154918255663,244.54930114746094,32204200,0.0,0.0
2025-02-20 00:00:00-05:00,244.61922281669615,246.4568094488268,243.9700649298591,245.508056640625,32316900,0.0,0.0
2025-02-21 00:00:00-05:00,245.6278941258364,248.36431123309396,244.89885442060717,245.22842407226562,53197400,0.0,0.0
2025-02-24 00:00:00-05:00,244.609226181644,248.53408727873096,244.09989957647335,246.77639770507812,51326400,0.0,0.0
2025-02-25 00:00:00-05:00,247.67521063757022,249.67259136851834,244.58926106556868,246.71646118164062,48013300,0.0,0.0
2025-02-26 00:00:00-05:00,244.01001367840516,244.65915630674968,238.8168269352331,240.0452117919922,44433600,0.0,0.0
2025-02-27 00:00:00-05:00,239.09646458024955,242.14247324939222,236.74953612071198,236.98922729492188,41153600,0.0,0.0
2025-02-28 00:00:00-05:00,236.63967447024518,241.77294223985544,229.89851463379637,241.5232696533203,56833400,0.0,0.0
2025-03-03 00:00:00-05:00,241.47333193183624,243.71040379171194,235.80077808405883,237.71826171875,47184000,0.0,0.0
2025-03-04 00:00:00-05:00,237.39870037793833,239.75561031847352,234.3726544629493,235.6210174560547,53798100,0.0,0.0
2025-03-05 00:00:00-05:00,235.11168617953675,236.2402111793479,228.92979032203158,235.4312744140625,47227600,0.0,0.0
2025-03-06 00:00:00-05:00,234.13297099659667,237.54849020730907,232.8546485518437,235.0218048095703,45170400,0.0,0.0
2025-03-07 00:00:00-05:00,234.80209169163373,241.05388787370777,234.45254396930395,238.7569122314453,46273600,0.0,0.0
2025-03-10 00:00:00-04:00,235.23152514577004,235.85072354308846,223.92635798057333,227.1820831298828,72071200,0.0,0.0
2025-03-11 00:00:00-04:00,223.51689291637274,225.54423318142804,217.16522145004404,220.55078125,76137400,0.0,0.0
2025-03-12 00:00:00-04:00,219.85169651198805,221.4595886104368,214.6285501658544,216.69583129882812,62547500,0.0,0.0
2025-03-13 00:00:00-04:00,215.6671885752157,216.55602242060417,208.14705109128238,209.4053955078125,61368300,0.0,0.0
2025-03-14 00:00:00-04:00,210.97334672214788,213.66980775083542,209.30553558500114,213.21041870117188,60107600,0.0,0.0
2025-03-17 00:00:00-04:00,213.0306430192638,214.93814530685134,209.69502079955336,213.71974182128906,48073400,0.0,0.0
2025-03-18 00:00:00-04:00,213.87952928252258,214.8682229774316,211.21302787332291,212.4114532470703,42432400,0.0,0.0
2025-03-19 00:00:00-04:00,213.93944620866878,218.47349365471302,213.470060528986,214.95811462402344,54385400,0.0,0.0
2025-03-20 00:00:00-04:00,213.70975404736055,217.20517028159983,211.94206785632258,213.81961059570312,48862900,0.0,0.0
2025-03-21 00:00:00-04:00,211.2829271905112,218.5533916912833,211.0032951126973,217.98414611816406,94127800,0.0,0.0
2025-03-24 00:00:00-04:00,220.71056863168138,221.1899357355996,218.29373979930335,220.44091796875,44299500,0.0,0.0
2025-03-25 00:00:00-04:00,220.48087718007702,223.80651793975238,219.79177838679217,223.45697021484375,34493600,0.0,0.0
2025-03-26 00:00:00-04:00,223.21727075576553,224.7253029108424,220.18125884970436,221.2398681640625,34466100,0.0,0.0
2025-03-27 00:00:00-04:00,221.1000540446544,224.69534536875565,220.271139232742,223.5568389892578,37094800,0.0,0.0
2025-03-28 00:00:00-04:00,221.3796909591809,223.51688772665744,217.39491092445158,217.6146240234375,39818600,0.0,0.0
2025-03-31 00:00:00-04:00,216.72579102857173,225.32451569687797,215.9468137615173,221.83909606933594,65299300,0.0,0.0
2025-04-01 00:00:00-04:00,219.5221267668628,223.3870536043053,218.61331487709137,222.897705078125,36412700,0.0,0.0
2025-04-02 00:00:00-04:00,221.03016017035932,224.89508702876748,220.73055001137135,223.59678649902344,35905900,0.0,0.0
2025-04-03 00:00:00-04:00,205.27081771109022,207.2182761783418,200.9864426085102,202.9239044189453,103419000,0.0,0.0
2025-04-04 00:00:00-04:00,193.6360793511012,199.61824028069563,187.09465424061224,188.13330078125,125910900,0.0,0.0
2025-04-07 00:00:00-04:00,176.967935484531,193.89573468350994,174.39131242893686,181.2223663330078,160466300,0.0,0.0
2025-04-08 00:00:00-04:00,186.4554964395268,190.09072892121037,168.9884109270566,172.19419860839844,120859500,0.0,0.0
2025-04-09 00:00:00-04:00,171.72480450043201,200.3472738997123,171.6648855169899,198.58958435058594,184395900,0.0,0.0
2025-04-10 00:00:00-04:00,188.82240088513313,194.52491452460524,182.76034285398336,190.17062377929688,121880000,0.0,0.0
2025-04-11 00:00:00-04:00,185.856281088865,199.27866665425725,185.81632494094944,197.89048767089844,87435900,0.0,0.0
2025-04-14 00:00:00-04:00,211.1630921847052,212.6611277249045,200.8965565016436,202.25477600097656,101352900,0.0,0.0
2025-04-15 00:00:00-04:00,201.59564256833872,203.24347561495443,199.53834280484799,201.87527465820312,51343900,0.0,0.0
2025-04-16 00:00:00-04:00,198.10021911176236,200.4371508814261,192.11805840887246,194.0155792236328,59732400,0.0,0.0
2025-04-17 00:00:00-04:00,196.94174374665747,198.56961397436802,194.16538565496842,196.72203063964844,51334300,0.0,0.0
2025-04-21 00:00:00-04:00,193.01688474432112,193.54618940120912,189.56140949031536,192.9070281982422,46742500,0.0,0.0
2025-04-22 00:00:00-04:00,195.8631544964882,201.32599215129426,195.71335703344474,199.47842407226562,52976400,0.0,0.0
2025-04-23 00:00:00-04:00,205.7302222309065,207.7276030292648,202.5344160012944,204.33206176757812,52929200,0.0,0.0
2025-04-24 00:00:00-04:00,204.62166872266098,208.5565112075726,202.67422555441442,208.09710693359375,47311000,0.0,0.0
2025-04-25 00:00:00-04:00,206.0997277622984,209.47530610539675,205.92995222724628,209.00592041015625,38222300,0.0,0.0
2025-04-28 00:00:00-04:00,209.72497582911666,211.2230113707532,207.1883090170199,209.8647918701172,38743100,0.0,0.0
2025-04-29 00:00:00-04:00,208.41669143858087,211.96204522644123,208.09710321217068,210.9333953857422,36827600,0.0,0.0
2025-04-30 00:00:00-04:00,209.02590396975114,213.30029766677714,206.399343338795,212.22171020507812,52286500,0.0,0.0
2025-05-01 00:00:00-04:00,208.80618155790114,214.2790004444518,208.62640936955898,213.04063415527344,57365700,0.0,0.0
2025-05-02 00:00:00-04:00,205.82009105417706,206.71892151455646,201.89524528415058,205.08106994628906,101010600,0.0,0.0
2025-05-05 00:00:00-04:00,202.83402512431957,203.83271551835597,197.9504297070337,198.62953186035156,69018500,0.0,0.0
2025-05-06 00:00:00-04:00,197.9504203457911,200.38721199140494,196.7619763948813,198.25001525878906,51216500,0.0,0.0
2025-05-07 00:00:00-04:00,198.90915494694545,199.1788056079939,192.99690991055434,195.99298095703125,68536700,0.0,0.0
2025-05-08 00:00:00-04:00,197.46106353953903,199.78801395815432,194.42503624466005,197.2313690185547,50478900,0.0,0.0
2025-05-09 00:00:00-04:00,198.739389980464,200.2773664943336,197.28129528859796,198.27000427246094,36453900,0.0,0.0
2025-05-12 00:00:00-04:00,210.97000122070312,211.27000427246094,206.75,210.7899932861328,63775800,0.26,0.0
2025-05-13 00:00:00-04:00,210.42999267578125,213.39999389648438,209.0,212.92999267578125,51909300,0.0,0.0
2025-05-14 00:00:00-04:00,212.42999267578125,213.94000244140625,210.5800018310547,212.3300018310547,49325800,0.0,0.0
2025-05-15 00:00:00-04:00,210.9499969482422,212.9600067138672,209.5399932861328,211.4499969482422,45029500,0.0,0.0
2025-05-16 00:00:00-04:00,212.36000061035156,212.57000732421875,209.77000427246094,211.25999450683594,54737900,0.0,0.0
2025-05-19 00:00:00-04:00,207.91000366210938,209.47999572753906,204.25999450683594,208.77999877929688,46140500,0.0,0.0
2025-05-20 00:00:00-04:00,207.6699981689453,208.47000122070312,205.02999877929688,206.86000061035156,42496600,0.0,0.0
2025-05-21 00:00:00-04:00,205.1699981689453,207.0399932861328,200.7100067138672,202.08999633789062,59211800,0.0,0.0
2025-05-22 00:00:00-04:00,200.7100067138672,202.75,199.6999969482422,201.36000061035156,46742400,0.0,0.0
2025-05-23 00:00:00-04:00,193.6699981689453,197.6999969482422,193.4600067138672,195.27000427246094,78432900,0.0,0.0
2025-05-27 00:00:00-04:00,198.3000030517578,200.74000549316406,197.42999267578125,200.2100067138672,56288500,0.0,0.0
2025-05-28 00:00:00-04:00,200.58999633789062,202.72999572753906,199.89999389648438,200.4199981689453,45339700,0.0,0.0
2025-05-29 00:00:00-04:00,203.5800018310547,203.80999755859375,198.50999450683594,199.9499969482422,51396800,0.0,0.0
2025-05-30 00:00:00-04:00,199.3699951171875,201.9600067138672,196.77999877929688,200.85000610351562,70819900,0.0,0.0
2025-06-02 00:00:00-04:00,200.27999877929688,202.1300048828125,200.1199951171875,201.6999969482422,35423300,0.0,0.0
2025-06-03 00:00:00-04:00,201.35000610351562,203.77000427246094,200.9600067138672,203.27000427246094,46381600,0.0,0.0
2025-06-04 00:00:00-04:00,202.91000366210938,206.24000549316406,202.10000610351562,202.82000732421875,43604000,0.0,0.0
2025-06-05 00:00:00-04:00,203.5,204.75,200.14999389648438,200.6300048828125,55126100,0.0,0.0
2025-06-06 00:00:00-04:00,203.0,205.6999969482422,202.0500030517578,203.9199981689453,46607700,0.0,0.0
2025-06-09 00:00:00-04:00,204.38999938964844,206.0,200.02000427246094,201.4499969482422,72862600,0.0,0.0
2025-06-10 00:00:00-04:00,200.60000610351562,204.35000610351562,200.57000732421875,202.6699981689453,54672600,0.0,0.0
2025-06-11 00:00:00-04:00,203.5,204.5,198.41000366210938,198.77999877929688,60989900,0.0,0.0
2025-06-12 00:00:00-04:00,199.0800018310547,199.67999267578125,197.36000061035156,199.1999969482422,43904600,0.0,0.0
2025-06-13 00:00:00-04:00,199.72999572753906,200.3699951171875,195.6999969482422,196.4499969482422,51447300,0.0,0.0
2025-06-16 00:00:00-04:00,197.3000030517578,198.69000244140625,196.55999755859375,198.4199981689453,43020700,0.0,0.0
2025-06-17 00:00:00-04:00,197.1999969482422,198.38999938964844,195.2100067138672,195.63999938964844,38856200,0.0,0.0
2025-06-18 00:00:00-04:00,195.94000244140625,197.57000732421875,195.07000732421875,196.5800018310547,45394700,0.0,0.0
2025-06-20 00:00:00-04:00,198.24000549316406,201.6999969482422,196.86000061035156,201.0,96813500,0.0,0.0
2025-06-23 00:00:00-04:00,201.6300048828125,202.3000030517578,198.9600067138672,201.5,55814300,0.0,0.0
2025-06-24 00:00:00-04:00,202.58999633789062,203.44000244140625,200.1999969482422,200.3000030517578,54064000,0.0,0.0
2025-06-25 00:00:00-04:00,201.4499969482422,203.6699981689453,200.6199951171875,201.55999755859375,39525700,0.0,0.0
2025-06-26 00:00:00-04:00,201.42999267578125,202.63999938964844,199.4600067138672,201.0,50799100,0.0,0.0
2025-06-27 00:00:00-04:00,201.88999938964844,203.22000122070312,200.0,201.0800018310547,73188600,0.0,0.0
2025-06-30 00:00:00-04:00,202.00999450683594,207.38999938964844,199.25999450683594,205.1699981689453,91912800,0.0,0.0
2025-07-01 00:00:00-04:00,206.6699981689453,210.19000244140625,206.13999938964844,207.82000732421875,78788900,0.0,0.0
2025-07-02 00:00:00-04:00,208.91000366210938,213.33999633789062,208.13999938964844,212.44000244140625,67941800,0.0,0.0
2025-07-03 00:00:00-04:00,212.14999389648438,214.64999389648438,211.80999755859375,213.5500030517578,34955800,0.0,0.0
2025-07-07 00:00:00-04:00,212.67999267578125,216.22999572753906,208.8000030517578,209.9499969482422,50229000,0.0,0.0
2025-07-08 00:00:00-04:00,210.10000610351562,211.42999267578125,208.4499969482422,210.00999450683594,42848900,0.0,0.0
2025-07-09 00:00:00-04:00,209.52999877929688,211.3300018310547,207.22000122070312,211.13999938964844,48749400,0.0,0.0
2025-07-10 00:00:00-04:00,210.50999450683594,213.47999572753906,210.02999877929688,212.41000366210938,44443600,0.0,0.0
2025-07-11 00:00:00-04:00,210.57000732421875,212.1300048828125,209.86000061035156,211.16000366210938,39719300,0.0,0.0
