Date,Open,High,Low,Close,Volume,Dividends,Stock Splits
2022-01-03 00:00:00-05:00,144.19023428076133,144.98149407284546,142.85623946691334,144.1271209716797,28646000,0.0,0.0
2022-01-04 00:00:00-05:00,144.52920029280338,145.61171257737956,142.8597236345001,143.5386505126953,28400000,0.0,0.0
2022-01-05 00:00:00-05:00,143.5590176679192,143.63804201848822,136.8671567890613,136.95362854003906,54618000,0.0,0.0
2022-01-06 00:00:00-05:00,136.18177233612653,139.1057340622468,135.74439301975394,136.92630004882812,37348000,0.0,0.0
2022-01-07 00:00:00-05:00,137.32193148421084,137.6231341143324,134.95711619252725,136.20016479492188,29760000,0.0,0.0
2022-01-10 00:00:00-05:00,134.27272325689333,137.99191881727012,132.3706328222007,137.84280395507812,44408000,0.0,0.0
2022-01-11 00:00:00-05:00,137.18425777729487,139.38008818359495,135.87759542546866,138.90293884277344,28730000,0.0,0.0
2022-01-12 00:00:00-05:00,140.30851123755903,141.7578269611901,139.85573658432193,140.58734130859375,26108000,0.0,0.0
2022-01-13 00:00:00-05:00,140.69618631751152,141.9983893426326,137.5838554108027,137.76080322265625,31436000,0.0,0.0
2022-01-14 00:00:00-05:00,136.26178386352225,139.9029560886818,136.18177360151284,138.6489715576172,29662000,0.0,0.0
2022-01-18 00:00:00-05:00,135.36317206696742,136.31396693483958,134.6310668442254,135.18722534179688,34872000,0.0,0.0
2022-01-19 00:00:00-05:00,135.70961451103514,137.13705841659865,134.21060881239492,134.31100463867188,28648000,0.0,0.0
2022-01-20 00:00:00-05:00,135.43775010187215,136.80555416095493,132.17182934295488,132.51278686523438,29908000,0.0,0.0
2022-01-21 00:00:00-05:00,131.80304038371057,134.0614836836018,129.31098227824953,129.57440185546875,55652000,0.0,0.0
2022-01-24 00:00:00-05:00,125.22696709031449,130.42082382606242,123.75778148192607,130.02420043945312,76622000,0.0,0.0
2022-01-25 00:00:00-05:00,127.97250798721907,128.6275758896515,125.746357067885,126.17826080322266,46960000,0.0,0.0
2022-01-26 00:00:00-05:00,130.3373127663746,132.20709555584364,126.38401742271589,128.46255493164062,49130000,0.0,0.0
2022-01-27 00:00:00-05:00,130.52122172280093,131.86167804427959,128.163853903532,128.23593139648438,31950000,0.0,0.0
2022-01-28 00:00:00-05:00,128.88600900432954,132.56147533916607,127.71901204024903,132.55599975585938,34362000,0.0,0.0
2022-01-31 00:00:00-05:00,133.36219746273952,134.6653865636506,131.42133787378867,134.49688720703125,39986000,0.0,0.0
2022-02-01 00:00:00-05:00,136.77422087518204,136.97153908448766,133.56745490599226,136.82342529296875,68644000,0.0,0.0
2022-02-02 00:00:00-05:00,150.34831601220208,150.64304198235166,144.65496744664003,147.11769104003906,123200000,0.0,0.0
2022-02-03 00:00:00-05:00,144.83685466191287,148.7826874373517,141.81496969833225,142.2369384765625,71518000,0.0,0.0
2022-02-04 00:00:00-05:00,142.58935253590573,144.01132078033405,139.67731252149167,142.43875122070312,57998000,0.0,0.0
2022-02-07 00:00:00-05:00,143.39003526596414,143.39003526596414,138.07192390474245,138.3711395263672,54974000,0.0,0.0
2022-02-08 00:00:00-05:00,138.19768576489463,139.16537766922627,136.19718649446398,138.56796264648438,54284000,0.0,0.0
2022-02-09 00:00:00-05:00,140.123131603112,141.67483014140282,139.35125630336145,140.7478790283203,40144000,0.0,0.0
2022-02-10 00:00:00-05:00,138.87066160001436,140.64103479433624,137.13456768686495,137.79360961914062,39330000,0.0,0.0
2022-02-11 00:00:00-05:00,137.77374555304485,138.32691610031569,132.60473309175262,133.4819793701172,39958000,0.0,0.0
2022-02-14 00:00:00-05:00,132.46206223355594,135.48742052806296,132.46206223355594,134.71803283691406,34302000,0.0,0.0
2022-02-15 00:00:00-05:00,136.75035324045336,137.28515547751059,135.01178714340094,135.79409790039062,26680000,0.0,0.0
2022-02-16 00:00:00-05:00,135.83187026783972,137.26278747790528,134.11963545323007,136.9168701171875,25022000,0.0,0.0
2022-02-17 00:00:00-05:00,135.43075288338343,136.29606186664606,131.68869992433548,131.74884033203125,38950000,0.0,0.0
2022-02-18 00:00:00-05:00,132.6713242741991,133.27074146885232,129.42032894496498,129.62559509277344,45620000,0.0,0.0
2022-02-22 00:00:00-05:00,129.0639409096522,131.39247438984478,127.45906414945327,129.0395965576172,44990000,0.0,0.0
2022-02-23 00:00:00-05:00,130.86366373256033,131.26376055099263,126.76722927425091,126.8273696899414,32786000,0.0,0.0
2022-02-24 00:00:00-05:00,124.20858028871129,132.20711169927176,124.20858028871129,131.8999481201172,54456000,0.0,0.0
2022-02-25 00:00:00-05:00,132.75582212087886,134.46506889287124,130.9660493781838,133.6579132080078,36406000,0.0,0.0
2022-02-28 00:00:00-05:00,132.25680755246233,134.9421945520576,131.8020307532934,134.25184631347656,38864000,0.0,0.0
2022-03-01 00:00:00-05:00,134.0743987504672,135.44318849556387,132.42430658177463,133.26226806640625,26496000,0.0,0.0
2022-03-02 00:00:00-05:00,133.8254077789069,134.4561161649119,132.27818373169396,133.7692413330078,23520000,0.0,0.0
2022-03-03 00:00:00-05:00,135.19914893630838,135.6260927709551,132.23244442777408,133.1012420654297,24604000,0.0,0.0
2022-03-04 00:00:00-05:00,132.13502627711011,133.0535136251189,129.56045565596136,131.12010192871094,30430000,0.0,0.0
2022-03-07 00:00:00-05:00,130.70412780420082,130.94964934342582,125.54207801591977,125.62508392333984,45112000,0.0,0.0
2022-03-08 00:00:00-05:00,125.49735033485614,130.46754242732567,124.92528073964256,126.34675598144531,40428000,0.0,0.0
2022-03-09 00:00:00-05:00,130.46754173493875,132.93822833664126,129.1260843481061,132.62460327148438,37026000,0.0,0.0
2022-03-10 00:00:00-05:00,130.4834530154013,132.47749079965467,130.13206007166875,131.6400146484375,27102000,0.0,0.0
2022-03-11 00:00:00-05:00,132.69269500928414,132.99787160510658,128.85869409083313,129.0962677001953,31526000,0.0,0.0
2022-03-14 00:00:00-04:00,129.47350129922808,129.63155000686874,124.5281617874985,125.20012664794922,38812000,0.0,0.0
2022-03-15 00:00:00-04:00,126.21901155597463,129.08036041319235,124.97099561794094,128.42776489257812,30920000,0.0,0.0
2022-03-16 00:00:00-04:00,129.95363304530028,132.53812396756078,127.9670425512533,132.48594665527344,35576000,0.0,0.0
2022-03-17 00:00:00-04:00,132.35523344907776,133.28118358212942,131.39697585155773,133.04112243652344,28264000,0.0,0.0
2022-03-18 00:00:00-04:00,132.62907833291945,135.43177341231217,131.4700291742391,135.31398010253906,44566000,0.0,0.0
2022-03-21 00:00:00-04:00,135.35174221676303,136.23296233262303,133.29308959145584,135.2901153564453,26832000,0.0,0.0
2022-03-22 00:00:00-04:00,135.29013871910533,140.20914004487872,135.29013871910533,139.0341796875,35496000,0.0,0.0
2022-03-23 00:00:00-04:00,137.8756282677668,138.7563479806744,137.01330712562918,137.451171875,25154000,0.0,0.0
2022-03-24 00:00:00-04:00,138.37014375246187,140.77472897804753,136.92929162847878,140.72801208496094,26396000,0.0,0.0
2022-03-25 00:00:00-04:00,141.06994721627316,141.18824105648594,138.90443733459907,140.82839965820312,24126000,0.0,0.0
2022-03-28 00:00:00-04:00,140.0605139005608,141.1559492617767,138.9780015247336,140.61221313476562,35050000,0.0,0.0
2022-03-29 00:00:00-04:00,141.7970964844151,142.93626058492885,141.19171837433169,141.6559295654297,34318000,0.0,0.0
2022-03-30 00:00:00-04:00,141.61072161056262,141.86966668046006,140.75584795284888,141.0923309326172,19884000,0.0,0.0
2022-03-31 00:00:00-04:00,141.20612430564725,141.26080430245935,138.19569091666554,138.23843383789062,37524000,0.0,0.0
2022-04-01 00:00:00-04:00,138.6683525128137,139.6335568528457,137.48295690375926,139.31497192382812,25942000,0.0,0.0
2022-04-04 00:00:00-04:00,139.5217421932521,142.85525028889145,139.47402422501693,142.11915588378906,25942000,0.0,0.0
2022-04-05 00:00:00-04:00,142.0172882097169,142.1380544214497,139.54561551027928,139.75286865234375,21418000,0.0,0.0
2022-04-06 00:00:00-04:00,137.92283149938373,138.52969608362878,134.7091035718488,135.7339630126953,32468000,0.0,0.0
2022-04-07 00:00:00-04:00,135.19916586671314,136.34679370749257,133.427291093324,135.07839965820312,26234000,0.0,0.0
2022-04-08 00:00:00-04:00,134.77520697165542,134.86119335955522,132.17281809687512,132.49290466308594,25142000,0.0,0.0
2022-04-11 00:00:00-04:00,131.03764238363178,131.30503596272297,127.90145197156235,128.05552673339844,36884000,0.0,0.0
2022-04-12 00:00:00-04:00,130.8154592073854,130.8154592073854,126.03313586492538,126.95311737060547,32710000,0.0,0.0
2022-04-13 00:00:00-04:00,127.23690781797103,129.55699294493664,126.97944921777155,129.11961364746094,27928000,0.0,0.0
2022-04-14 00:00:00-04:00,129.70165398779974,129.70165398779974,125.84626619710755,125.97450256347656,31598000,0.0,0.0
2022-04-18 00:00:00-04:00,126.24288641630555,127.4481520009854,125.42976215444064,126.91535186767578,20808000,0.0,0.0
2022-04-19 00:00:00-04:00,126.93025878807966,129.55600614086566,126.24238284464272,129.23394775390625,26490000,0.0,0.0
2022-04-20 00:00:00-04:00,130.11167490638292,130.61565614591467,126.73989829141833,127.27667236328125,31696000,0.0,0.0
2022-04-21 00:00:00-04:00,128.4794624420053,129.32289952975387,123.78411899307085,124.07040405273438,36446000,0.0,0.0
2022-04-22 00:00:00-04:00,124.25480030947274,124.65440417196703,118.21602004799682,118.92227935791016,56884000,0.0,0.0
2022-04-25 00:00:00-04:00,118.39096451696345,122.5425642855984,117.80448550569228,122.34027862548828,46128000,0.0,0.0
2022-04-26 00:00:00-04:00,121.56543900497064,121.77965417231077,117.80449381447244,117.94266510009766,73054000,0.0,0.0
2022-04-27 00:00:00-04:00,113.78708083866559,116.5430515019605,112.06441810822078,113.61312866210938,91820000,0.0,0.0
2022-04-28 00:00:00-04:00,115.72098381439348,118.93619817833041,113.43469241008683,117.81591796875,48884000,0.0,0.0
2022-04-29 00:00:00-04:00,116.03857291186468,117.21700652937484,113.13598259851811,113.4292221069336,42676000,0.0,0.0
2022-05-02 00:00:00-04:00,112.72891478535892,116.04949968137838,111.92871363213679,115.88796997070312,35534000,0.0,0.0
2022-05-03 00:00:00-04:00,115.7363890953695,117.73590251845792,115.34275375517872,116.63450622558594,24968000,0.0,0.0
2022-05-04 00:00:00-04:00,116.33380387873802,122.12208739664607,114.42971894184117,121.5321273803711,49916000,0.0,0.0
2022-05-05 00:00:00-04:00,119.48739626697366,120.31741743526412,114.31988597771957,115.81094360351562,45840000,0.0,0.0
2022-05-06 00:00:00-04:00,114.4978114880864,116.87058205109199,113.33578193586037,115.05645751953125,39710000,0.0,0.0
2022-05-09 00:00:00-04:00,112.57484853572669,114.39096014652678,111.3328010767772,111.84025573730469,40802000,0.0,0.0
2022-05-10 00:00:00-04:00,114.81889108696211,115.5569649081188,112.2274307129591,113.71302032470703,39900000,0.0,0.0
2022-05-11 00:00:00-04:00,112.56142420609959,115.6707744440897,112.56142420609959,112.92523956298828,37534000,0.0,0.0
2022-05-12 00:00:00-04:00,110.71351561460774,113.61361843345463,109.1697725659564,112.17127227783203,53836000,0.0,0.0
2022-05-13 00:00:00-04:00,113.85020267247533,117.17228201605276,112.92774118153335,115.35865783691406,35038000,0.0,0.0
2022-05-16 00:00:00-04:00,114.27018049824444,115.47744057508254,113.21054125348216,113.76272583007812,25990000,0.0,0.0
2022-05-17 00:00:00-04:00,116.14395018327838,116.20309710957926,114.1852002558248,115.77864074707031,23054000,0.0,0.0
2022-05-18 00:00:00-04:00,114.31441707721152,114.71203395774059,110.89044801452674,111.2323989868164,35126000,0.0,0.0
2022-05-19 00:00:00-04:00,110.76719271537465,112.33628116950564,109.34422347633978,109.72593688964844,34144000,0.0,0.0
2022-05-20 00:00:00-04:00,111.28359390397131,111.51471360522497,105.16578905256166,108.25873565673828,48962000,0.0,0.0
2022-05-23 00:00:00-04:00,108.9341891203505,111.47892510130204,108.09273139410739,110.82335662841797,37184000,0.0,0.0
2022-05-24 00:00:00-04:00,105.14143916230839,105.8238471112457,101.27711009811304,105.3382568359375,76780000,0.0,0.0
2022-05-25 00:00:00-04:00,104.35961425816333,105.8650888627425,103.23734709654535,105.17423248291016,40258000,0.0,0.0
2022-05-26 00:00:00-04:00,105.04698998415688,108.00176496078848,104.59768120311492,107.1498794555664,37948000,0.0,0.0
2022-05-27 00:00:00-04:00,108.83031513832036,111.64841328108155,108.48786360817178,111.64691925048828,37914000,0.0,0.0
2022-05-31 00:00:00-04:00,112.07435232839093,115.04503867354312,111.41033538306635,113.08380126953125,50012000,0.0,0.0
2022-06-01 00:00:00-04:00,114.17028434444956,116.4033897404966,112.57484936748612,113.21302032470703,36606000,0.0,0.0
2022-06-02 00:00:00-04:00,113.3203782106732,117.19662897020942,112.27316142016656,116.92127990722656,37992000,0.0,0.0
2022-06-03 00:00:00-04:00,115.37059110988803,115.6280497458005,112.84175849031968,113.85816192626953,26136000,0.0,0.0
2022-06-06 00:00:00-04:00,116.00876346384166,118.6355119984797,115.47148881394793,116.12407684326172,33542000,0.0,0.0
2022-06-07 00:00:00-04:00,114.79205434263507,116.989378903984,114.36611154434145,116.45110321044922,31590000,0.0,0.0
2022-06-08 00:00:00-04:00,116.0654140945456,117.8636352933108,115.90487786100226,116.4953384399414,26108000,0.0,0.0
2022-06-09 00:00:00-04:00,115.63399617564801,117.5937469795458,114.09174724477081,114.15089416503906,25798000,0.0,0.0
2022-06-10 00:00:00-04:00,111.77465117988051,112.6036788681185,109.7080429136277,110.4988021850586,41452000,0.0,0.0
2022-06-13 00:00:00-04:00,106.14988045477023,108.14292471325601,105.48636407086114,105.75823211669922,47252000,0.0,0.0
2022-06-14 00:00:00-04:00,105.89987976534218,107.28109193364297,105.16926096787583,106.07929992675781,33706000,0.0,0.0
2022-06-15 00:00:00-04:00,107.89789521513327,110.7592366013652,107.02761866972331,109.1101303100586,39698000,0.0,0.0
2022-06-16 00:00:00-04:00,106.5817954556789,108.00078319480663,104.51121321843314,105.40137481689453,51684000,0.0,0.0
2022-06-17 00:00:00-04:00,105.40137744768128,108.05148433932787,104.41976143736362,106.5047607421875,51376000,0.0,0.0
2022-06-21 00:00:00-04:00,108.28011274049477,111.81889493043958,107.9525787560507,110.8790283203125,47416000,0.0,0.0
2022-06-22 00:00:00-04:00,109.89741119699634,112.67077169829913,109.72444493334895,110.82286071777344,30774000,0.0,0.0
2022-06-23 00:00:00-04:00,111.56242525550843,112.07038048195209,109.84174948806732,111.57286071777344,28362000,0.0,0.0
2022-06-24 00:00:00-04:00,112.32136827738151,117.37505898324034,112.27911830976241,117.27167510986328,41164000,0.0,0.0
2022-06-27 00:00:00-04:00,117.56790757654245,117.87257604180955,114.49284392810239,115.14295196533203,36420000,0.0,0.0
2022-06-28 00:00:00-04:00,115.11213387147164,116.61015355627484,111.18121057476169,111.33975982666016,35792000,0.0,0.0
2022-06-29 00:00:00-04:00,110.88697675313786,112.48588519971345,110.21152327242217,111.03558349609375,24716000,0.0,0.0
2022-06-30 00:00:00-04:00,109.34422060554833,110.22692716271615,106.11359590583895,108.31340026855469,43170000,0.0,0.0
2022-07-01 00:00:00-04:00,107.28954043231975,108.59869028058489,106.09420991717995,108.08924865722656,35476000,0.0,0.0
2022-07-05 00:00:00-04:00,106.46200139291493,112.70107971450967,105.10115967832077,112.58776092529297,39342000,0.0,0.0
2022-07-06 00:00:00-04:00,112.62654395425987,114.90040534240629,110.81142577972525,113.88896942138672,37432000,0.0,0.0
2022-07-07 00:00:00-04:00,114.39394751201293,118.4789456409862,114.1489189130433,118.07486724853516,40936000,0.0,0.0
2022-07-08 00:00:00-04:00,116.55100754274733,118.97148872669813,116.20458205082575,118.6419677734375,38238000,0.0,0.0
2022-07-11 00:00:00-04:00,117.29454795960358,117.29454795960358,114.64294710603728,114.98688507080078,31196000,0.0,0.0
2022-07-12 00:00:00-04:00,115.5221805714548,116.27665846206226,113.01223942751324,113.34076690673828,29960000,0.0,0.0
2022-07-13 00:00:00-04:00,111.03508353081534,113.51521215372361,110.53856485199321,110.68965911865234,43722000,0.0,0.0
2022-07-14 00:00:00-04:00,109.55347958626427,110.43071823411985,107.7269323778648,109.70954132080078,37004000,0.0,0.0
2022-07-15 00:00:00-04:00,111.33280749541423,112.46601072737333,110.23886617356108,111.11112976074219,46770000,0.0,0.0
2022-07-18 00:00:00-04:00,111.96849197381802,113.00229288640651,107.72395106962702,108.38001251220703,43164600,0.0,20.0
2022-07-19 00:00:00-04:00,110.18914768873115,113.34024738398708,108.90683732917958,113.13150024414062,36530900,0.0,0.0
2022-07-20 00:00:00-04:00,112.49533397871468,114.71204314608073,111.8094525783725,113.22098541259766,35600400,0.0,0.0
2022-07-21 00:00:00-04:00,113.59870820578736,113.86710282329905,110.44760826832274,113.6583480834961,32676200,0.0,0.0
2022-07-22 00:00:00-04:00,110.33826189384762,111.67026970346,105.86508911436731,107.25674438476562,48901200,0.0,0.0
2022-07-25 00:00:00-04:00,107.7637080493946,109.21500322305656,105.66628639016591,106.86907196044922,34690900,0.0,0.0
2022-07-26 00:00:00-04:00,105.9644880747459,106.56090957630254,103.44957222750966,104.39390563964844,47991000,0.0,0.0
2022-07-27 00:00:00-04:00,108.60864471476322,113.23092508976809,107.36609663459588,112.385986328125,59858500,0.0,0.0
2022-07-28 00:00:00-04:00,111.70010055972485,113.65834988670439,110.79552195259807,113.53907012939453,32816600,0.0,0.0
2022-07-29 00:00:00-04:00,112.4058738251079,116.01423079933933,112.38598880839588,115.62655639648438,37223400,0.0,0.0
2022-08-01 00:00:00-04:00,114.61262649976445,116.02415915770047,113.65834299567526,114.17524719238281,26034300,0.0,0.0
2022-08-02 00:00:00-04:00,113.32038096742687,115.65636976006085,113.04205142058181,114.44364166259766,20236000,0.0,0.0
2022-08-03 00:00:00-04:00,115.02019413570888,117.91284981628748,114.79156952728057,117.37606811523438,28499000,0.0,0.0
2022-08-04 00:00:00-04:00,116.77963100646649,118.07187633669885,116.19314442472393,117.48539733886719,21602900,0.0,0.0
2022-08-05 00:00:00-04:00,115.53708598105194,117.40587543333527,115.30845381329435,116.76969146728516,19159500,0.0,0.0
2022-08-08 00:00:00-04:00,117.68421392990444,119.43372376168966,116.18321371577406,116.60071563720703,19138300,0.0,0.0
2022-08-09 00:00:00-04:00,116.44165407509466,116.62058128508184,115.02017890239398,115.9346923828125,19086500,0.0,0.0
2022-08-10 00:00:00-04:00,118.07188325599472,120.19912488505013,117.70409389136421,118.98639678955078,30930400,0.0,0.0
2022-08-11 00:00:00-04:00,120.55697153723173,120.76571868354137,117.85318597451685,118.13151550292969,24293700,0.0,0.0
2022-08-12 00:00:00-04:00,119.54305717056714,120.95458984375,118.74782343653995,120.95458984375,19096300,0.0,0.0
2022-08-15 00:00:00-04:00,120.4078775280463,121.57090830545873,119.89098085890542,121.35221862792969,19494800,0.0,0.0
2022-08-16 00:00:00-04:00,120.7955448278805,121.70012342561321,119.92079375307682,120.97447204589844,19041200,0.0,0.0
2022-08-17 00:00:00-04:00,119.4039047911211,120.5669279910561,118.66831085646993,118.8373031616211,22847000,0.0,0.0
2022-08-18 00:00:00-04:00,118.71801169722914,120.09972452798992,118.01224531189828,119.45359802246094,17987700,0.0,0.0
2022-08-19 00:00:00-04:00,118.35020759207129,118.43967499028004,116.06392385883379,116.51123809814453,21809500,0.0,0.0
2022-08-22 00:00:00-04:00,114.51322834966717,114.94066519377702,113.17127793617725,113.55895233154297,21456600,0.0,0.0
2022-08-23 00:00:00-04:00,112.80348911921683,114.32436676767776,112.7537841620611,113.18122100830078,15870400,0.0,0.0
2022-08-24 00:00:00-04:00,112.82335257693548,114.09572044983996,112.19711114746521,113.01222229003906,17734600,0.0,0.0
2022-08-25 00:00:00-04:00,113.5589460024437,116.02416459980168,113.42972373916109,115.95458221435547,16956800,0.0,0.0
2022-08-26 00:00:00-04:00,114.03609078144194,114.43370767328705,109.53309787228136,109.68219757080078,37245700,0.0,0.0
2022-08-29 00:00:00-04:00,109.33427887822451,110.28855480933758,108.15137836756828,108.7676773071289,21191200,0.0,0.0
2022-08-30 00:00:00-04:00,109.5132055523187,109.84124003500528,107.15733946590437,108.29054260253906,27513300,0.0,0.0
2022-08-31 00:00:00-04:00,109.99035034338391,110.18915498957834,107.48536933143176,107.57483673095703,28627000,0.0,0.0
2022-09-01 00:00:00-04:00,107.63448958496375,109.79155135027467,106.7199759679534,109.08578491210938,28360900,0.0,0.0
2022-09-02 00:00:00-04:00,109.93070194538042,110.07980922071086,106.62055986938213,107.20703887939453,24160700,0.0,0.0
2022-09-06 00:00:00-04:00,106.66032494530609,107.38596874114498,105.14938230776735,106.1732406616211,25068300,0.0,0.0
2022-09-07 00:00:00-04:00,106.42174942438324,109.32434733653615,106.26270722290033,108.79750061035156,23167000,0.0,0.0
2022-09-08 00:00:00-04:00,107.39590967354634,108.94660715109153,106.52115861153055,107.73387908935547,24238300,0.0,0.0
2022-09-09 00:00:00-04:00,108.41976634749524,110.32831822653726,108.37006139468133,109.99034881591797,23197700,0.0,0.0
2022-09-12 00:00:00-04:00,110.3283189403643,110.95456798066284,109.27464067230916,110.1990966796875,22966800,0.0,0.0
2022-09-13 00:00:00-04:00,107.15734670246523,107.65436592170875,103.46945742183634,103.69808959960938,38172900,0.0,0.0
2022-09-14 00:00:00-04:00,103.94659425535939,104.65236060298048,103.04202326308005,104.37403106689453,26395100,0.0,0.0
2022-09-15 00:00:00-04:00,103.40981937681985,104.64242493891439,101.73983446718047,102.29650115966797,34188300,0.0,0.0
2022-09-16 00:00:00-04:00,101.46149768962303,102.51517595124567,100.33823704438211,102.18714904785156,42797200,0.0,0.0
2022-09-19 00:00:00-04:00,101.14341305743453,102.71399564052905,100.94460839948577,102.4555435180664,23036800,0.0,0.0
2022-09-20 00:00:00-04:00,101.47144691075083,101.75971897164582,99.92074176993948,100.53704833984375,26517100,0.0,0.0
2022-09-21 00:00:00-04:00,101.0638844596154,102.2666700391546,98.6781907320393,98.6881332397461,31487300,0.0,0.0
2022-09-22 00:00:00-04:00,98.23086895545558,100.63643993036179,98.2010490185295,99.54299926757812,34298600,0.0,0.0
2022-09-23 00:00:00-04:00,99.03605321811953,99.06588074366374,96.88893399756233,98.15135955810547,31625400,0.0,0.0
2022-09-26 00:00:00-04:00,97.5151649302327,99.28455205804735,97.21695796239275,97.58474731445312,27072700,0.0,0.0
2022-09-27 00:00:00-04:00,98.83724920237617,99.40385084885818,96.29251304749722,96.91875457763672,30072800,0.0,0.0
2022-09-28 00:00:00-04:00,97.06785839437818,100.09967118634215,96.5310767089488,99.45355224609375,32466300,0.0,0.0
2022-09-29 00:00:00-04:00,98.05195391388744,98.05195391388744,95.38793051528353,96.83922576904297,31047200,0.0,0.0
2022-09-30 00:00:00-04:00,96.47142820364247,98.31039769731512,94.99030555102236,95.07977294921875,32941500,0.0,0.0
2022-10-03 00:00:00-04:00,96.18316654329084,98.69808271289597,95.94459184495832,98.05195617675781,27982000,0.0,0.0
2022-10-04 00:00:00-04:00,99.84122216617615,101.23286989867923,99.7815747034179,101.03406524658203,28850800,0.0,0.0
2022-10-05 00:00:00-04:00,99.23484991635907,101.3223289264933,98.21099163324959,100.82530975341797,22176900,0.0,0.0
2022-10-06 00:00:00-04:00,100.07978996315707,102.31637644244343,99.99032256035169,100.81537628173828,22324000,0.0,0.0
2022-10-07 00:00:00-04:00,99.25473609907833,99.93068253742511,97.71398107702072,98.09171295166016,27502800,0.0,0.0
2022-10-10 00:00:00-04:00,98.40981464765778,98.5092169840548,96.43168009288208,97.276611328125,18225100,0.0,0.0
2022-10-11 00:00:00-04:00,96.84916420870518,98.65831384179268,95.73583844068543,96.60065460205078,26507100,0.0,0.0
2022-10-12 00:00:00-04:00,96.71994900531315,98.16130179558228,96.16328228870344,96.9783935546875,21876400,0.0,0.0
2022-10-13 00:00:00-04:00,94.58275063585123,99.1851454718156,93.81733685841787,98.46943664550781,34574500,0.0,0.0
2022-10-14 00:00:00-04:00,99.39389646244369,100.08972788557917,95.79548234543871,95.98434448242188,25410700,0.0,0.0
2022-10-17 00:00:00-04:00,98.27064771398422,100.3283071265093,98.2408277721075,99.37403106689453,28419200,0.0,0.0
2022-10-18 00:00:00-04:00,102.51518181869643,102.85315883269428,99.37402428483074,100.16925048828125,24060700,0.0,0.0
2022-10-19 00:00:00-04:00,99.41378835708981,100.41776173974847,98.33028249370157,99.03604888916016,23811100,0.0,0.0
2022-10-20 00:00:00-04:00,99.40385100877126,101.71002004881827,98.79748691090478,99.37403106689453,25323200,0.0,0.0
2022-10-21 00:00:00-04:00,97.2666475229877,100.70601917988424,97.13742527235571,100.52709197998047,32458700,0.0,0.0
2022-10-24 00:00:00-04:00,101.19311219872841,102.13744564558543,99.38396261327742,101.9088134765625,27176400,0.0,0.0
2022-10-25 00:00:00-04:00,102.28654951745078,104.19510136263077,102.10762230797071,103.85713195800781,40611400,0.0,0.0
2022-10-26 00:00:00-04:00,95.8551169507949,97.72390629045313,94.12549237132873,94.36405944824219,88114100,0.0,0.0
2022-10-27 00:00:00-04:00,93.95650311522053,94.86108166949953,91.25272512737067,91.67021942138672,60710900,0.0,0.0
2022-10-28 00:00:00-04:00,91.71992637107249,95.97441739691986,91.58076159186237,95.7159652709961,43697300,0.0,0.0
2022-10-31 00:00:00-04:00,94.85114235087407,95.45750638186193,93.41973221128453,93.94657135009766,31675000,0.0,0.0
2022-11-01 00:00:00-04:00,94.88097153197215,95.45751568053437,89.83126172955421,89.9306640625,47161400,0.0,0.0
2022-11-02 00:00:00-04:00,90.39785657830541,90.6364236762348,86.36205542548035,86.45152282714844,57038300,0.0,0.0
2022-11-03 00:00:00-04:00,85.80539521394677,86.00419986230375,82.84315741639604,82.93262481689453,61288000,0.0,0.0
2022-11-04 00:00:00-04:00,84.89088473417668,86.12349028269047,83.21095733499016,86.06385040283203,51124900,0.0,0.0
2022-11-07 00:00:00-05:00,86.75967019753632,88.37001513312653,86.33223338287472,87.96245574951172,34078900,0.0,0.0
2022-11-08 00:00:00-05:00,88.3700180053711,89.78155075681613,87.06782250410382,88.3700180053711,30429000,0.0,0.0
2022-11-09 00:00:00-05:00,87.92268375576175,88.90678712371174,86.75966077608665,86.79942321777344,31769100,0.0,0.0
2022-11-10 00:00:00-05:00,91.70004695886526,93.82728863390814,91.06386295795029,93.37997436523438,51620100,0.0,0.0
2022-11-11 00:00:00-05:00,94.12550350261131,96.35214751291798,93.36008964712646,95.83525085449219,33090500,0.0,0.0
2022-11-14 00:00:00-05:00,94.52310680099191,96.21297661319738,93.94657029895365,95.12947082519531,30179500,0.0,0.0
2022-11-15 00:00:00-05:00,97.67422218610528,99.54301177950492,96.13345952403415,97.8531494140625,41640800,0.0,0.0
2022-11-16 00:00:00-05:00,97.31636294463138,99.04598767388859,97.05791083164448,98.26069641113281,29105200,0.0,0.0
2022-11-17 00:00:00-05:00,96.39191531572092,98.68814184190923,96.21298808095872,97.77362823486328,26052600,0.0,0.0
2022-11-18 00:00:00-05:00,98.18116702378596,98.31039686632052,95.79548098940924,96.84915924072266,28342300,0.0,0.0
2022-11-21 00:00:00-05:00,96.71000249420625,97.81338578935984,94.79150796680432,95.03007507324219,21647400,0.0,0.0
2022-11-22 00:00:00-05:00,95.37797963116253,96.64041262212561,93.48931277423732,96.47142791748047,23438500,0.0,0.0
2022-11-23 00:00:00-05:00,96.51119611573037,98.17124620530981,96.51119611573037,97.87303161621094,18868100,0.0,0.0
2022-11-25 00:00:00-05:00,97.65433898089753,98.05195589305609,96.8193502908852,96.87899017333984,9701400,0.0,0.0
2022-11-28 00:00:00-05:00,96.4614977328894,96.998279437315,95.04002236299714,95.47740173339844,26237500,0.0,0.0
2022-11-29 00:00:00-05:00,95.15929443562403,95.54696878481313,93.54894958090036,94.62251281738281,20061700,0.0,0.0
2022-11-30 00:00:00-05:00,94.25471696445149,100.43763677528035,93.85710010378487,100.38793182373047,43647500,0.0,0.0
2022-12-01 00:00:00-05:00,100.41775176109607,101.64042228046151,99.65234556103928,100.38793182373047,28687100,0.0,0.0
2022-12-02 00:00:00-05:00,98.45950430330707,100.16924394174623,98.31039702993264,99.84121704101562,21480700,0.0,0.0
2022-12-05 00:00:00-05:00,98.80742273626903,100.77561460612553,98.40980584234595,98.88694763183594,24405100,0.0,0.0
2022-12-06 00:00:00-05:00,98.70801663525297,99.18515082259113,95.8451811755794,96.40184783935547,24910700,0.0,0.0
2022-12-07 00:00:00-05:00,95.83525358852569,96.30244530408564,94.15532612887091,94.37401580810547,31045400,0.0,0.0
2022-12-08 00:00:00-05:00,94.81137896202935,95.0101911904893,92.89288456487947,93.15133666992188,32213300,0.0,0.0
2022-12-09 00:00:00-05:00,93.21097939860525,93.6980636853028,92.1970635461241,92.2765884399414,28225400,0.0,0.0
2022-12-12 00:00:00-05:00,92.15729402511153,93.00222510130644,91.06385336274687,92.75371551513672,29420000,0.0,0.0
2022-12-13 00:00:00-05:00,97.17719742140095,98.93664207626901,94.46346921578849,95.05989074707031,40593700,0.0,0.0
2022-12-14 00:00:00-05:00,94.63244949137042,96.29249932779648,93.0419896211789,94.50322723388672,28733600,0.0,0.0
2022-12-15 00:00:00-05:00,92.57479266918149,93.08175437233609,89.47339774143826,90.31832885742188,40107000,0.0,0.0
2022-12-16 00:00:00-05:00,90.21892777189433,90.78552935945446,88.98631468913348,89.72190856933594,58011800,0.0,0.0
2022-12-19 00:00:00-05:00,89.72190744481648,90.02011441226728,87.68412570630292,87.91275787353516,29493000,0.0,0.0
2022-12-20 00:00:00-05:00,87.58472494961606,88.64834574541868,86.91872103476729,88.48929595947266,23453800,0.0,0.0
2022-12-21 00:00:00-05:00,88.54894028504452,89.68214342608638,87.79346899637963,89.04595947265625,24745600,0.0,0.0
2022-12-22 00:00:00-05:00,87.63442563845696,88.01215748582743,85.80539110865442,87.23680877685547,27658300,0.0,0.0
2022-12-23 00:00:00-05:00,86.59068727442555,89.01614344331847,86.55092482760142,88.69805145263672,23003000,0.0,0.0
2022-12-27 00:00:00-05:00,88.27061639358696,88.40978116829751,86.4912866781748,86.8690185546875,20097300,0.0,0.0
2022-12-28 00:00:00-05:00,86.46146279172514,87.51514106183947,85.42766195255722,85.5071792602539,19523200,0.0,0.0
2022-12-29 00:00:00-05:00,86.10361435200618,88.32031587639192,86.09367184388593,87.92269897460938,23333500,0.0,0.0
2022-12-30 00:00:00-05:00,86.46146202902148,87.77359239333086,86.05390265106011,87.70401000976562,23986300,0.0,0.0
2023-01-03 00:00:00-05:00,89.05589865844571,90.50720142957682,87.99227784940533,88.58870697021484,28131200,0.0,0.0
2023-01-04 00:00:00-05:00,89.81136487760658,90.10957942105821,86.7497248892918,87.55490112304688,34854800,0.0,0.0
2023-01-05 00:00:00-05:00,86.94854453006714,87.04794685839362,85.38790446521591,85.68611145019531,27194400,0.0,0.0
2023-01-06 00:00:00-05:00,86.27258888046856,87.16722490783211,84.35409457108759,86.81930541992188,41381500,0.0,0.0
2023-01-09 00:00:00-05:00,87.83323150806754,89.51315879032069,87.33621232007889,87.49525451660156,29003900,0.0,0.0
2023-01-10 00:00:00-05:00,85.46741965388519,88.1413776265379,85.31831238637562,87.89286804199219,30467800,0.0,0.0
2023-01-11 00:00:00-05:00,88.64834941552648,91.05392064821854,88.47936469889615,90.97439575195312,26862000,0.0,0.0
2023-01-12 00:00:00-05:00,90.93462754297335,91.32230187548615,89.21493793718011,90.58670806884766,30258100,0.0,0.0
2023-01-13 00:00:00-05:00,90.30839060576042,91.64040605676044,89.59268171673492,91.5708236694336,26329200,0.0,0.0
2023-01-17 00:00:00-05:00,91.51117191070365,91.70004163197335,89.51316020385387,90.74576568603516,32602400,0.0,0.0
2023-01-18 00:00:00-05:00,91.59069806310823,92.24676705092286,90.09964045506904,90.5767822265625,29116700,0.0,0.0
2023-01-19 00:00:00-05:00,90.17916608131551,93.05193648946374,90.08969868047147,92.49527740478516,37000400,0.0,0.0
2023-01-20 00:00:00-05:00,94.53305558762652,97.71398319511445,94.45353069105923,97.4356460571289,63191100,0.0,0.0
2023-01-23 00:00:00-05:00,97.36606416611731,99.44360849206205,96.91874989248586,99.19509887695312,40005100,0.0,0.0
2023-01-24 00:00:00-05:00,97.51517060845472,99.01617079422424,96.62053448501887,97.1175537109375,33078500,0.0,0.0
2023-01-25 00:00:00-05:00,95.00025569559745,95.58674233295737,93.20104850271382,94.65234375,42330000,0.0,0.0
2023-01-26 00:00:00-05:00,95.92471323857248,96.98833410791313,94.81138741170932,96.93862915039062,30114000,0.0,0.0
2023-01-27 00:00:00-05:00,96.72987879276118,99.72193663993366,96.72987879276118,98.77760314941406,33879800,0.0,0.0
2023-01-30 00:00:00-05:00,96.89886507284024,97.70403373755718,95.82530179727696,96.3620834350586,27226200,0.0,0.0
2023-01-31 00:00:00-05:00,96.29251344022988,98.29052539002429,96.24280848103794,98.25076293945312,29870700,0.0,0.0
2023-02-01 00:00:00-05:00,98.121536192239,100.58675492794167,96.998275454454,99.83128356933594,35531100,0.0,0.0
2023-02-02 00:00:00-05:00,105.16927256257381,107.20704686415942,104.98040282749419,107.09770202636719,69883800,0.0,0.0
2023-02-03 00:00:00-05:00,102.31637258300907,107.16727723378527,101.96846066058136,104.15534210205078,65309300,0.0,0.0
2023-02-06 00:00:00-05:00,101.78952563905142,103.73783983913496,101.27262146487813,102.28654479980469,31999600,0.0,0.0
2023-02-07 00:00:00-05:00,102.60464317977393,107.53507265289669,102.50524085818532,106.998291015625,49010200,0.0,0.0
2023-02-08 00:00:00-05:00,101.44162648913434,102.52512475543763,97.45553019555744,98.77760314941406,94743500,0.0,0.0
2023-02-09 00:00:00-05:00,99.40383763113448,99.43365756899807,93.07181044382328,94.44358825683594,119455000,0.0,0.0
2023-02-10 00:00:00-05:00,94.88095368057328,96.17320651747302,93.68811074182773,94.0062026977539,54980700,0.0,0.0
2023-02-13 00:00:00-05:00,94.17519699474974,94.63245375403223,93.28056090749652,94.04597473144531,50076100,0.0,0.0
2023-02-14 00:00:00-05:00,93.86705282200347,94.28454715835977,91.70999116691762,94.11556243896484,54726100,0.0,0.0
2023-02-15 00:00:00-05:00,93.92668484231352,96.54101064765247,93.58871543180898,96.3620834350586,50169000,0.0,0.0
2023-02-16 00:00:00-05:00,94.80144040094763,97.09766656819714,94.1751913852172,94.94060516357422,42462600,0.0,0.0
2023-02-17 00:00:00-05:00,94.28454056145195,94.99030691417171,92.65431819496185,93.78752136230469,34284100,0.0,0.0
2023-02-21 00:00:00-05:00,92.44556810645479,92.54497042634621,91.17320021045835,91.24278259277344,33629300,0.0,0.0
2023-02-22 00:00:00-05:00,91.1533121734712,91.56087153059548,90.06981402993513,91.1036148071289,30884000,0.0,0.0
2023-02-23 00:00:00-05:00,91.37201052858497,91.39189554414554,89.22489146663528,90.34815216064453,41206400,0.0,0.0
2023-02-24 00:00:00-05:00,88.90679750497178,89.35411175433613,88.05192386866158,88.59864044189453,36585100,0.0,0.0
2023-02-27 00:00:00-05:00,89.33423614501953,89.62250819885539,88.80738940834006,89.33423614501953,27502300,0.0,0.0
2023-02-28 00:00:00-05:00,88.79745040601516,90.68612484693443,88.78750789870884,89.5230941772461,30142000,0.0,0.0
2023-03-01 00:00:00-05:00,89.44358008249957,90.48731586981515,89.1354230162253,89.8213119506836,31111200,0.0,0.0
2023-03-02 00:00:00-05:00,89.12548430042554,91.72985998798497,89.05589433365411,91.45153045654297,32204400,0.0,0.0
2023-03-03 00:00:00-05:00,91.92867458480876,93.1712225850235,91.89884706231825,93.0916976928711,35160100,0.0,0.0
2023-03-06 00:00:00-05:00,93.45948302749099,95.39786237480197,93.4396055972634,94.5628662109375,32639300,0.0,0.0
2023-03-07 00:00:00-05:00,94.41377130351091,95.09965264778786,92.97241106194967,93.30044555664062,27835500,0.0,0.0
2023-03-08 00:00:00-05:00,93.55889572084645,95.38792271277032,93.43960838419056,93.68811798095703,34103300,0.0,0.0
2023-03-09 00:00:00-05:00,93.4893203068792,94.96049298242464,91.35213609857506,91.7696304321289,28813500,0.0,0.0
2023-03-10 00:00:00-05:00,91.62051886016795,92.23682540747255,89.86107420311967,90.0896987915039,35941000,0.0,0.0
2023-03-13 00:00:00-04:00,89.55291768928547,92.01813630978192,88.88691376749047,90.56684112548828,37335600,0.0,0.0
2023-03-14 00:00:00-04:00,92.00819224911878,93.7974644099169,91.88891249433968,93.4097900390625,36050200,0.0,0.0
2023-03-15 00:00:00-04:00,92.66426265612834,96.35214428148515,92.08771855282328,95.53703308105469,50622100,0.0,0.0
2023-03-16 00:00:00-04:00,95.62648322489386,100.58673989559743,94.93065943537157,99.721923828125,65492000,0.0,0.0
2023-03-17 00:00:00-04:00,99.66229023906546,102.22690349921263,99.50324045776992,101.0141830444336,61028500,0.0,0.0
2023-03-20 00:00:00-04:00,99.52312877998469,101.14340866524942,99.27461917638456,100.61656951904297,32960400,0.0,0.0
2023-03-21 00:00:00-04:00,100.64639068259812,104.47343710782083,100.6165707432291,104.29450988769531,42110300,0.0,0.0
2023-03-22 00:00:00-04:00,103.64838986406843,105.95455885414532,102.71399884189253,102.7537612915039,43427400,0.0,0.0
2023-03-23 00:00:00-04:00,104.43366971999873,105.66628277095427,103.83724820910045,104.97045135498047,40797800,0.0,0.0
2023-03-24 00:00:00-04:00,104.36409477299682,104.86111399814442,103.22094903837505,104.81141662597656,30393300,0.0,0.0
2023-03-27 00:00:00-04:00,103.99630110372327,104.1354658743024,101.32233535604627,101.84917449951172,31120900,0.0,0.0
2023-03-28 00:00:00-04:00,101.8292939828493,101.83922890622448,99.14538580890651,100.42769622802734,32057900,0.0,0.0
2023-03-29 00:00:00-04:00,101.67023885327414,101.87898599183615,100.0499591107725,100.7855453491211,28779600,0.0,0.0
2023-03-30 00:00:00-04:00,100.30841345635649,100.5569230436523,99.18514526807657,100.28852844238281,33086200,0.0,0.0
2023-03-31 00:00:00-04:00,100.69609670719845,103.27065261889246,100.43764459006906,103.11161041259766,36863400,0.0,0.0
2023-04-03 00:00:00-04:00,101.77958954435002,103.90683107967517,101.32233279771957,103.73784637451172,25035400,0.0,0.0
2023-04-04 00:00:00-04:00,103.70802115226054,104.95056906911239,103.41974912548164,104.09569549560547,24420100,0.0,0.0
2023-04-05 00:00:00-04:00,105.14938643400981,105.46747843588288,103.04202976556758,103.84719848632812,28290500,0.0,0.0
2023-04-06 00:00:00-04:00,104.63248603540852,108.51917230738914,103.70803000301844,107.77364349365234,48711500,0.0,0.0
2023-04-10 00:00:00-04:00,106.34223208915799,106.9485885400665,104.49332004592274,105.80545043945312,27067400,0.0,0.0
2023-04-11 00:00:00-04:00,105.91479737847038,106.0937245985991,104.05594279068394,104.7219467163086,26311800,0.0,0.0
2023-04-12 00:00:00-04:00,105.94461117895013,106.11359588152682,103.71795977216782,104.01617431640625,24370300,0.0,0.0
2023-04-13 00:00:00-04:00,105.20902570515906,106.84919066128349,105.20902570515906,106.78955078125,24843600,0.0,0.0
2023-04-14 00:00:00-04:00,106.25276317029352,108.29054490853437,106.20305821710284,108.22096252441406,26578000,0.0,0.0
2023-04-17 00:00:00-04:00,104.03606887998757,105.52712657021846,103.89689651836736,105.3382568359375,37571200,0.0,0.0
2023-04-18 00:00:00-04:00,105.85514847856264,105.90485343277793,103.44957733920299,103.87701416015625,26596400,0.0,0.0
2023-04-19 00:00:00-04:00,102.96250028499584,104.35415557519765,102.45553857261214,103.55892181396484,20905700,0.0,0.0
2023-04-20 00:00:00-04:00,103.29053742906055,105.61658372686173,103.25077498158814,104.66230773925781,27820800,0.0,0.0
2023-04-21 00:00:00-04:00,104.84124083474273,105.36808002142396,104.15535184926094,104.78160095214844,25800100,0.0,0.0
2023-04-24 00:00:00-04:00,104.86111503814251,105.99431827600507,104.07582374455153,105.3382568359375,23542800,0.0,0.0
2023-04-25 00:00:00-04:00,105.19908777458112,106.05396142221645,103.22094585900729,103.23088836669922,46664100,0.0,0.0
2023-04-26 00:00:00-04:00,104.2945138420424,105.71598914918194,102.01816484899174,103.09172821044922,53347600,0.0,0.0
2023-04-27 00:00:00-04:00,103.82731301498328,107.72394950073121,102.9227419695873,106.94859313964844,50089200,0.0,0.0
2023-04-28 00:00:00-04:00,106.40187389450608,106.71002337932462,104.46349441591141,106.70008087158203,36139800,0.0,0.0
2023-05-01 00:00:00-04:00,106.20305865643525,107.34620432935017,106.18318122542338,106.5609130859375,26681700,0.0,0.0
2023-05-02 00:00:00-04:00,106.5012729878526,106.56091286467543,103.09172099111031,104.69212341308594,30997200,0.0,0.0
2023-05-03 00:00:00-04:00,104.90088071733705,106.8491952491732,104.33427908095567,104.78160095214844,21795400,0.0,0.0
2023-05-04 00:00:00-04:00,104.86111365848528,104.97045849437649,103.35017855585177,104.06588745117188,23419500,0.0,0.0
2023-05-05 00:00:00-04:00,104.19510686625813,105.248785164457,103.48934049822763,104.94063568115234,26625100,0.0,0.0
2023-05-08 00:00:00-04:00,104.55296182032677,107.31638742775263,104.53308438875243,107.12751770019531,26511400,0.0,0.0
2023-05-09 00:00:00-04:00,107.74382283083008,109.49333255880973,106.55097977042786,106.71002197265625,36360100,0.0,0.0
2023-05-10 00:00:00-04:00,107.32632961902368,112.2667017889728,107.2865671720809,111.08379364013672,63153400,0.0,0.0
2023-05-11 00:00:00-04:00,114.7120303237843,117.21700369911343,113.72793445318118,115.87505340576172,78900000,0.0,0.0
2023-05-12 00:00:00-04:00,115.98440216980849,117.3263525086974,115.41780057854822,116.80945587158203,41073800,0.0,0.0
2023-05-15 00:00:00-04:00,115.41779755769231,117.77367126175112,115.3183952359154,115.81541442871094,36266800,0.0,0.0
2023-05-16 00:00:00-04:00,115.79553091747705,120.03013661857146,115.73589104041876,118.79753112792969,45035600,0.0,0.0
2023-05-17 00:00:00-04:00,118.89693538561576,120.94465209298824,118.18122651362621,120.11959838867188,33323600,0.0,0.0
2023-05-18 00:00:00-04:00,120.22894310190469,122.57487436491942,120.10966334596542,122.09774017333984,35234200,0.0,0.0
2023-05-19 00:00:00-04:00,122.81345136694647,125.2190225534187,121.42179604468677,122.02816009521484,41330300,0.0,0.0
2023-05-22 00:00:00-04:00,122.20708277325107,125.676274650154,122.0082705437985,124.30450439453125,35253000,0.0,0.0
2023-05-23 00:00:00-04:00,123.41980550509645,123.88699716035613,121.4814261670857,121.82933807373047,34046300,0.0,0.0
2023-05-24 00:00:00-04:00,120.39792701493634,121.18321821715338,119.14543657738291,120.17923736572266,34182600,0.0,0.0
2023-05-25 00:00:00-04:00,123.77765923735954,124.57289299738905,121.23292333952305,122.74386596679688,42317000,0.0,0.0
2023-05-26 00:00:00-04:00,122.43571627358159,124.51326061516868,121.72000736325325,123.86713409423828,35635900,0.0,0.0
2023-05-30 00:00:00-04:00,124.89099631278093,124.91088132973648,121.2726967858823,122.9327392578125,35076700,0.0,0.0
2023-05-31 00:00:00-04:00,122.01821723587422,123.32040515182499,121.76970762846918,122.13750457763672,37325800,0.0,0.0
2023-06-01 00:00:00-04:00,122.08779344621344,123.67825333636262,121.8889888039114,122.98242950439453,30772700,0.0,0.0
2023-06-02 00:00:00-04:00,123.25081902689789,125.39794561003231,123.02219444200982,123.92676544189453,26963100,0.0,0.0
2023-06-05 00:00:00-04:00,123.27071213306576,126.67032186225953,123.10171983029102,125.2587890625,32305500,0.0,0.0
2023-06-06 00:00:00-04:00,125.258787581513,127.52518645693398,124.61266107030399,126.55103302001953,26638300,0.0,0.0
2023-06-07 00:00:00-04:00,126.21305968697392,128.27071133377126,121.3919748558259,121.76970672607422,52539000,0.0,0.0
2023-06-08 00:00:00-04:00,121.5013250105357,122.49536347632653,120.51722146898638,121.41185760498047,29389200,0.0,0.0
2023-06-09 00:00:00-04:00,121.52119731681012,123.02219746033296,121.18322789297535,121.5013198852539,23762500,0.0,0.0
2023-06-12 00:00:00-04:00,122.05797719403091,123.31046771330577,120.9347165216746,122.90290832519531,28306400,0.0,0.0
2023-06-13 00:00:00-04:00,124.23493503711357,124.41386227042713,122.44566270397812,123.09178924560547,22278300,0.0,0.0
2023-06-14 00:00:00-04:00,122.36613761716936,123.31047874084918,120.72597257828284,122.9327392578125,30592300,0.0,0.0
2023-06-15 00:00:00-04:00,122.40588930189539,124.71205811164573,121.67030300138232,124.3442611694336,35246300,0.0,0.0
2023-06-16 00:00:00-04:00,125.17925754877999,125.35818476632826,122.54505423972924,122.79356384277344,45514000,0.0,0.0
2023-06-20 00:00:00-04:00,122.19714230423988,123.82736469339007,121.41185104860234,122.36612701416016,26097500,0.0,0.0
2023-06-21 00:00:00-04:00,121.6703065723082,121.9287586902024,119.38401512675253,119.83133697509766,30306300,0.0,0.0
2023-06-22 00:00:00-04:00,119.28460999049842,122.50529233674672,118.12158686322977,122.41583251953125,26952200,0.0,0.0
2023-06-23 00:00:00-04:00,120.65637319502927,122.05797092044887,120.33828122374346,121.61064910888672,34885300,0.0,0.0
2023-06-26 00:00:00-04:00,120.04006946125264,121.27267485265352,117.56490858786078,117.63449096679688,33969900,0.0,0.0
2023-06-27 00:00:00-04:00,116.38201713050795,118.37009392091399,115.40785616628811,117.62456512451172,39535900,0.0,0.0
2023-06-28 00:00:00-04:00,116.39194899018476,119.67227864156895,116.15338190511109,119.46353149414062,27091400,0.0,0.0
2023-06-29 00:00:00-04:00,118.52914127613357,119.34425249229822,117.5947503010594,118.38997650146484,24090900,0.0,0.0
2023-06-30 00:00:00-04:00,119.45359606410328,120.35817467379623,118.97646186568765,118.98639678955078,29519700,0.0,0.0
2023-07-03 00:00:00-04:00,118.52913457966352,119.47347559317684,118.11164027924423,119.1852035522461,14467900,0.0,0.0
2023-07-05 00:00:00-04:00,118.52913899530057,121.879051198591,118.51920407152356,121.02417755126953,27584800,0.0,0.0
2023-07-06 00:00:00-04:00,119.08580194251844,119.58282113662928,117.69414668222592,119.39395141601562,24745200,0.0,0.0
2023-07-07 00:00:00-04:00,119.38401442959689,120.3283554924255,118.68819055922752,118.76771545410156,21692600,0.0,0.0
2023-07-10 00:00:00-04:00,117.59473716570076,117.60467208855921,115.4476107382266,115.7557601928711,35315200,0.0,0.0
2023-07-11 00:00:00-04:00,115.59673446756477,117.00826727337527,114.66233587987337,116.44166564941406,23078800,0.0,0.0
2023-07-12 00:00:00-04:00,118.09177077383134,119.61264838736349,117.70409638543734,118.22099304199219,30404400,0.0,0.0
2023-07-13 00:00:00-04:00,120.20906706496888,124.08581844010132,119.73192528394326,123.79754638671875,44297900,0.0,0.0
2023-07-14 00:00:00-04:00,124.0560032525554,126.02419516288542,122.75380770858142,124.67230224609375,33266800,0.0,0.0
2023-07-17 00:00:00-04:00,125.18920134410803,126.34228197046,123.45956902871312,123.90689086914062,25716200,0.0,0.0
2023-07-18 00:00:00-04:00,123.85718252034981,123.9367074121014,122.22696015899771,123.0221939086914,26226400,0.0,0.0
2023-07-19 00:00:00-04:00,123.85718389369957,124.43372798942477,121.07388090673209,121.30250549316406,37224000,0.0,0.0
2023-07-20 00:00:00-04:00,120.69613867772544,123.35021934094455,117.51521888479368,118.48937225341797,37906800,0.0,0.0
2023-07-21 00:00:00-04:00,119.90091059385597,120.26869993605376,118.02217868637307,119.30448150634766,72937900,0.0,0.0
2023-07-24 00:00:00-04:00,120.9347184353893,122.26672628471773,120.25877200297913,120.80548858642578,29686100,0.0,0.0
2023-07-25 00:00:00-04:00,120.63650652003999,122.41583625002411,120.29852950446688,121.48143768310547,52509600,0.0,0.0
2023-07-26 00:00:00-04:00,129.29457759875808,130.19914098464145,127.55501045755061,128.4993438720703,61682100,0.0,0.0
2023-07-27 00:00:00-04:00,130.88502657960586,132.44567405601035,128.02219130294213,128.62855529785156,44952100,0.0,0.0
2023-07-28 00:00:00-04:00,130.00033967744673,132.9426999912715,129.79160010913102,131.78961181640625,36591200,0.0,0.0
2023-07-31 00:00:00-04:00,131.93870689581183,132.7339406150858,130.99437349009594,131.92877197265625,28055500,0.0,0.0
2023-08-01 00:00:00-04:00,130.00033329912412,131.83931030101502,129.9009233976841,130.7657470703125,23166800,0.0,0.0
2023-08-02 00:00:00-04:00,128.67826774087553,129.31445170964074,126.79953577312962,127.61465454101562,26273300,0.0,0.0
2023-08-03 00:00:00-04:00,127.20709281391656,128.6186254946195,126.66036867087126,127.6842269897461,20089500,0.0,0.0
2023-08-04 00:00:00-04:00,128.50927547995624,130.72597673285983,127.14744780681863,127.34625244140625,26130000,0.0,0.0
2023-08-07 00:00:00-04:00,128.3900137818678,130.82540502553206,128.25084900131048,130.74588012695312,22746300,0.0,0.0
2023-08-08 00:00:00-04:00,129.8412742857668,130.7259677414803,128.7677111314481,130.6166229248047,23535200,0.0,0.0
2023-08-09 00:00:00-04:00,130.8751007464739,131.25282502828625,128.23095493467528,128.88702392578125,24912900,0.0,0.0
2023-08-10 00:00:00-04:00,130.5371424591405,131.2627863135843,128.67828015915416,128.91685485839844,20857800,0.0,0.0
2023-08-11 00:00:00-04:00,127.8929692677222,129.15538696765046,127.40588504811633,128.78759765625,19569200,0.0,0.0
2023-08-14 00:00:00-04:00,128.61863631625639,130.58682822899598,128.19120705707218,130.5470733642578,24695600,0.0,0.0
2023-08-15 00:00:00-04:00,130.31845525776006,130.63653969498435,128.50929788165192,129.00631713867188,19770700,0.0,0.0
2023-08-16 00:00:00-04:00,127.9327392578125,129.50332175254619,127.10769314822178,127.9327392578125,25216100,0.0,0.0
2023-08-17 00:00:00-04:00,129.02618228652022,131.20312872387996,128.51921301502338,129.1454620361328,33446300,0.0,0.0
2023-08-18 00:00:00-04:00,127.74387005295644,128.47946393357242,125.62657097907541,126.70013427734375,30491300,0.0,0.0
2023-08-21 00:00:00-04:00,126.42180525996095,127.96256024478278,125.8054987156855,127.60470581054688,25248700,0.0,0.0
2023-08-22 00:00:00-04:00,127.74386144743474,129.50331355394454,127.5550069040494,128.3104705810547,22067500,0.0,0.0
2023-08-23 00:00:00-04:00,129.40392483702382,132.61468011751114,129.09577532842894,131.58087158203125,27819700,0.0,0.0
2023-08-24 00:00:00-04:00,133.15145592207938,133.44967050985613,128.79757754470495,129.00631713867188,28500700,0.0,0.0
2023-08-25 00:00:00-04:00,128.76771308654853,129.98044101070192,126.49137208205629,129.10569763183594,26762900,0.0,0.0
2023-08-28 00:00:00-04:00,130.52717266697422,131.74983558444546,129.36414962335698,130.2289581298828,20543300,0.0,0.0
2023-08-29 00:00:00-04:00,131.45164982644576,135.7558381265067,131.45164982644576,133.76776123046875,43075600,0.0,0.0
2023-08-30 00:00:00-04:00,133.97648281717633,135.46754028895185,133.27072410784902,135.06993103027344,28315800,0.0,0.0
2023-08-31 00:00:00-04:00,135.19918077894982,137.17732299854873,134.9804910795841,135.3582305908203,30053800,0.0,0.0
2023-09-01 00:00:00-04:00,136.64052953536765,136.64052953536765,134.04608862115742,134.85125732421875,21524600,0.0,0.0
2023-09-05 00:00:00-04:00,134.63256730479986,135.6067207186216,133.77769364880288,134.96060180664062,19403100,0.0,0.0
2023-09-06 00:00:00-04:00,135.20911430420693,135.7160684536214,132.87311787805362,133.65841674804688,18684500,0.0,0.0
2023-09-07 00:00:00-04:00,132.79357116157937,134.77171281374333,132.15738726441325,134.45361328125,18844300,0.0,0.0
2023-09-08 00:00:00-04:00,134.10573306698214,135.84530038220512,134.04609318588336,135.5669708251953,23558300,0.0,0.0
2023-09-11 00:00:00-04:00,135.72597460438712,136.66037297676002,134.98044592444958,136.1037139892578,20763400,0.0,0.0
2023-09-12 00:00:00-04:00,135.44767088322882,136.054034931668,134.38405765140297,134.5331573486328,18405500,0.0,0.0
2023-09-13 00:00:00-04:00,134.28465165631675,136.08385883851705,133.35025307890763,135.89500427246094,20749500,0.0,0.0
2023-09-14 00:00:00-04:00,136.7796989069456,137.87313211819787,135.427805987281,137.27671813964844,24751000,0.0,0.0
2023-09-15 00:00:00-04:00,137.1574003572556,137.69418953311876,135.66634290757906,136.5808563232422,38908400,0.0,0.0
2023-09-18 00:00:00-04:00,135.7955799322636,138.33038076452607,135.7955799322636,137.38604736328125,21861300,0.0,0.0
2023-09-19 00:00:00-04:00,136.60074211992554,137.58484550277345,135.80550844197154,137.217041015625,20353700,0.0,0.0
2023-09-20 00:00:00-04:00,137.2568105792809,137.2568105792809,132.82339307790664,132.94268798828125,29927500,0.0,0.0
2023-09-21 00:00:00-04:00,130.65640715487683,131.44169080160074,129.29457942734587,129.66236877441406,31488700,0.0,0.0
2023-09-22 00:00:00-04:00,129.98044958303285,131.24288253838307,128.82737662105137,129.47349548339844,26397300,0.0,0.0
2023-09-25 00:00:00-04:00,129.056001261507,130.38800901498652,128.19119274762159,130.328369140625,20094600,0.0,0.0
2023-09-26 00:00:00-04:00,128.99637091079285,129.5828499424091,126.46156988853527,127.80352783203125,25718700,0.0,0.0
2023-09-27 00:00:00-04:00,127.80353788445824,130.11963425371414,127.80353788445824,129.76177978515625,22746500,0.0,0.0
2023-09-28 00:00:00-04:00,129.0659338151782,132.50531312916033,129.0162288648489,131.52120971679688,22513100,0.0,0.0
2023-09-29 00:00:00-04:00,132.4854511299106,133.25086502804453,129.5828605067531,130.0798797607422,30848100,0.0,0.0
2023-10-02 00:00:00-04:00,130.42778722909262,133.61864205027362,130.38801719847447,133.37013244628906,22288000,0.0,0.0
2023-10-03 00:00:00-04:00,133.1415106769451,133.4595950895132,131.0540238921424,131.6405029296875,22989400,0.0,0.0
2023-10-04 00:00:00-04:00,131.9983553295183,134.76179609594416,131.7399108003202,134.4337615966797,26752300,0.0,0.0
2023-10-05 00:00:00-04:00,134.2647705078125,134.6822648049127,132.654418027201,134.2647705078125,19832600,0.0,0.0
2023-10-06 00:00:00-04:00,133.21108686390718,137.33635552094708,133.21108686390718,136.7598114013672,27583200,0.0,0.0
2023-10-09 00:00:00-04:00,136.12363017147987,138.11170710655549,134.8015571895158,137.5948028564453,19278100,0.0,0.0
2023-10-10 00:00:00-04:00,137.67433310491938,138.88706129587598,136.51130987283616,137.23695373535156,27786600,0.0,0.0
2023-10-11 00:00:00-04:00,137.75387043822255,140.26878687239181,137.75387043822255,139.71212768554688,25884300,0.0,0.0
2023-10-12 00:00:00-04:00,140.20911158737982,140.37809628588107,137.43573611101667,138.14151000976562,24765500,0.0,0.0
2023-10-13 00:00:00-04:00,138.5490688742982,139.16536779224674,135.80551334470252,136.54110717773438,23420500,0.0,0.0
2023-10-16 00:00:00-04:00,137.34628832413196,138.79759110863935,137.16736868693363,138.270751953125,28501900,0.0,0.0
2023-10-17 00:00:00-04:00,137.80355616536733,139.06597408508733,136.36218826827314,138.88705444335938,23515800,0.0,0.0
2023-10-18 00:00:00-04:00,138.61863479219352,139.88106765186672,136.5609834446138,137.1375274658203,23375000,0.0,0.0
2023-10-19 00:00:00-04:00,137.67431601854938,138.8274041828809,136.56099788351034,136.9287872314453,26066000,0.0,0.0
2023-10-20 00:00:00-04:00,136.51130832576152,137.04808243916904,134.27472171222004,134.7916259765625,26315200,0.0,0.0
2023-10-23 00:00:00-04:00,134.23496106024592,136.83935241304653,133.15146266534796,135.68626403808594,26317900,0.0,0.0
2023-10-24 00:00:00-04:00,137.0082991168891,138.52917648478848,136.6007397783486,137.98245239257812,44814300,0.0,0.0
2023-10-25 00:00:00-04:00,127.39596893998613,127.54506863748685,124.32438624497817,124.86116790771484,84366200,0.0,0.0
2023-10-26 00:00:00-04:00,122.53511368144571,123.58879957217516,120.54703682546507,121.55101776123047,57061100,0.0,0.0
2023-10-27 00:00:00-04:00,122.14743965465438,122.57487648328338,119.49335886437983,121.4416732788086,44566500,0.0,0.0
2023-10-30 00:00:00-04:00,122.47546958591673,124.65241609511718,122.0182128348534,123.718017578125,28940100,0.0,0.0
2023-10-31 00:00:00-04:00,124.31443963801871,124.62259669848551,121.95857348825355,123.34028625488281,26292300,0.0,0.0
2023-11-01 00:00:00-04:00,123.33034308879131,125.73591417917893,122.9824311681007,125.69615173339844,30082400,0.0,0.0
2023-11-02 00:00:00-04:00,127.65441362574401,128.2110727208492,126.17329848546123,126.7299575805664,27124600,0.0,0.0
2023-11-03 00:00:00-04:00,127.25680471191657,128.75779728854175,127.09775492201882,128.3303680419922,26380100,0.0,0.0
2023-11-06 00:00:00-05:00,128.28065249331533,129.56295529489483,127.9029130654574,129.47349548339844,19052700,0.0,0.0
2023-11-07 00:00:00-05:00,129.93076446372316,131.12360749662543,129.1057107809451,130.189208984375,29757300,0.0,0.0
2023-11-08 00:00:00-05:00,130.18919242003892,131.42180532564163,130.0003227233606,131.0540008544922,26425800,0.0,0.0
2023-11-09 00:00:00-05:00,131.17330921154067,131.75978820613193,129.2945773099461,129.46356201171875,23747800,0.0,0.0
2023-11-10 00:00:00-05:00,129.32439942696027,132.00830002192427,128.6385105172626,131.79954528808594,26913300,0.0,0.0
2023-11-13 00:00:00-05:00,130.99438651623862,131.79955523873454,130.4675473479926,131.3025360107422,18324800,0.0,0.0
2023-11-14 00:00:00-05:00,133.3900192192855,134.89101178671473,132.52521063972685,132.8234100341797,32395200,0.0,0.0
2023-11-15 00:00:00-05:00,134.06595344634397,134.22500322978144,132.77371566742562,133.81744384765625,23861500,0.0,0.0
2023-11-16 00:00:00-05:00,134.38406077910298,136.4019576236331,133.51925217939663,136.11367797851562,28013200,0.0,0.0
2023-11-17 00:00:00-05:00,135.1892153028595,135.248855176877,132.85321911836533,134.50332641601562,37240600,0.0,0.0
2023-11-20 00:00:00-05:00,132.8930080353667,135.84530356143594,132.82341806057397,135.437744140625,27815500,0.0,0.0
2023-11-21 00:00:00-05:00,135.47747319295723,136.36216667298189,135.14945390173682,136.15342712402344,22635300,0.0,0.0
2023-11-22 00:00:00-05:00,136.6504443771656,138.58881600112161,136.6504443771656,137.66436767578125,17813900,0.0,0.0
2023-11-24 00:00:00-05:00,137.20711458302074,137.30652448684904,135.17928298819064,135.87510681152344,12514300,0.0,0.0
2023-11-27 00:00:00-05:00,135.21904704018618,137.59479829207896,135.18922710057512,135.59678649902344,23436500,0.0,0.0
2023-11-28 00:00:00-05:00,135.26873153593016,136.43175450832166,134.61266262807223,136.38204956054688,18730000,0.0,0.0
2023-11-29 00:00:00-05:00,136.74987800078372,137.4655717364247,134.03614208855595,134.1852569580078,23967200,0.0,0.0
2023-11-30 00:00:00-05:00,134.24489506954276,134.74191429218615,130.49736588382123,131.7399139404297,38988300,0.0,0.0
2023-12-01 00:00:00-05:00,131.07391357421875,131.32242319231275,129.89100536523952,131.07391357421875,31431200,0.0,0.0
2023-12-04 00:00:00-05:00,129.1057078822898,129.25480757012173,127.13750857988855,128.4993438720703,36669900,0.0,0.0
2023-12-05 00:00:00-05:00,128.18125944450495,131.35224463448228,127.48543553945275,130.2091064453125,27384800,0.0,0.0
2023-12-06 00:00:00-05:00,130.65642113683515,131.0540304644409,129.10572352421968,129.24488830566406,23576200,0.0,0.0
2023-12-07 00:00:00-05:00,134.23494591057988,137.73396550929698,133.89697647711108,136.11367797851562,56767100,0.0,0.0
2023-12-08 00:00:00-05:00,133.39995808190153,135.58683965678716,133.2309733641146,134.1852569580078,32233900,0.0,0.0
2023-12-11 00:00:00-05:00,131.59081313683703,132.54508154232602,130.57688968416,132.49537658691406,31138000,0.0,0.0
2023-12-12 00:00:00-05:00,131.0241913139364,132.2070993667004,130.47746719276546,131.72996520996094,29032800,0.0,0.0
2023-12-13 00:00:00-05:00,132.58486237619306,132.70414214464185,130.78565508557824,131.77969360351562,30104800,0.0,0.0
2023-12-14 00:00:00-05:00,132.58484482724248,132.92281423832972,128.91684075469922,131.15342712402344,38722400,0.0,0.0
2023-12-15 00:00:00-05:00,130.8353103484466,132.7140420448189,130.39793108913113,131.80947875976562,50815200,0.0,0.0
2023-12-18 00:00:00-05:00,131.83931757898233,136.33236021706054,131.64049776512675,134.99041748046875,32258000,0.0,0.0
2023-12-19 00:00:00-05:00,136.02421213162756,136.65046118246826,135.26874840184595,135.83534240722656,25476800,0.0,0.0
2023-12-20 00:00:00-05:00,138.14152311829278,140.85524381049996,137.24689459008206,137.51527404785156,49107200,0.0,0.0
2023-12-21 00:00:00-05:00,138.65842205079056,139.8512650987262,138.3502574054323,139.58287048339844,27488300,0.0,0.0
2023-12-22 00:00:00-05:00,139.9307907674915,141.14351883717225,139.8711508899371,140.64649963378906,26514600,0.0,0.0
2023-12-26 00:00:00-05:00,140.74589010671386,141.82938829696292,140.34828082319078,140.6763153076172,16780300,0.0,0.0
2023-12-27 00:00:00-05:00,140.74588534047876,141.2329695889485,139.05602319099845,139.5331573486328,19628600,0.0,0.0
2023-12-28 00:00:00-05:00,139.94072133264086,140.29857575464416,138.91686301898574,139.3939971923828,16045700,0.0,0.0
2023-12-29 00:00:00-05:00,138.79758363488747,139.52322740415647,137.95264494608708,138.8572235107422,18727200,0.0,0.0
2024-01-02 00:00:00-05:00,137.72402240207782,138.61865088876826,135.66635564773884,137.34628295898438,23711200,0.0,0.0
2024-01-03 00:00:00-05:00,136.43175475747015,138.79757073192155,136.26277006898368,138.091796875,24212100,0.0,0.0
2024-01-04 00:00:00-05:00,137.59478566159066,138.3303794960598,135.53713417819472,135.57688903808594,27137700,0.0,0.0
2024-01-05 00:00:00-05:00,135.9347608896078,136.34232030293649,134.34429326910825,134.92083740234375,22506000,0.0,0.0
2024-01-08 00:00:00-05:00,135.47748245410608,138.18126802755836,135.4476625165021,138.0122833251953,21404000,0.0,0.0
2024-01-09 00:00:00-05:00,137.67433461881012,140.64651524536572,137.32641507069434,140.10972595214844,24759600,0.0,0.0
2024-01-10 00:00:00-05:00,140.15941005497154,142.14748679333994,140.0699502420222,141.43177795410156,21320200,0.0,0.0
2024-01-11 00:00:00-05:00,142.6345843213877,144.3542666130374,139.8015686385795,141.2329864501953,24008700,0.0,0.0
2024-01-12 00:00:00-05:00,141.8194455603022,142.34628465746482,140.9745220874098,141.799560546875,18768600,0.0,0.0
2024-01-16 00:00:00-05:00,141.1534491833298,143.4894454306052,140.60672504377365,141.64053344726562,22670500,0.0,0.0
2024-01-17 00:00:00-05:00,140.50735291999237,140.99442209449427,138.0719463761856,140.6266326904297,20968600,0.0,0.0
2024-01-18 00:00:00-05:00,141.20315096714583,143.3502774482293,141.14351109286378,142.62461853027344,25746400,0.0,0.0
2024-01-19 00:00:00-05:00,143.87711717959903,145.57691427522653,143.51926276454773,145.50733947753906,33300700,0.0,0.0
2024-01-22 00:00:00-05:00,146.22305793770767,147.50536082819642,144.97055981862937,145.1196746826172,32200400,0.0,0.0
2024-01-23 00:00:00-05:00,145.02026822672127,146.30257114774605,144.63259383963722,146.1634063720703,21636100,0.0,0.0
2024-01-24 00:00:00-05:00,147.6544572957646,148.95666034103166,147.21709314063574,147.81350708007812,25233500,0.0,0.0
2024-01-25 00:00:00-05:00,149.17535778862543,152.13758812892124,148.6485034546102,150.96461486816406,29149100,0.0,0.0
2024-01-26 00:00:00-05:00,150.19921656843243,151.63061920219218,150.1097415799662,151.28271484375,26115500,0.0,0.0
2024-01-29 00:00:00-05:00,151.153480689329,152.86322799613788,150.52723162700286,152.59483337402344,27784300,0.0,0.0
2024-01-30 00:00:00-05:00,151.88906033844475,152.70416388435834,150.28865801536503,150.5570526123047,36331800,0.0,0.0
2024-01-31 00:00:00-05:00,142.7637900102388,143.14152945556077,139.03614601400025,139.26478576660156,71910000,0.0,0.0
2024-02-01 00:00:00-05:00,141.2727499327197,142.2071485705147,139.95067687794852,140.3184814453125,40466500,0.0,0.0
2024-02-02 00:00:00-05:00,138.42979383903815,141.7697637524161,135.68625308326554,141.5312042236328,62470600,0.0,0.0
2024-02-05 00:00:00-05:00,141.96856685843989,144.60276246391584,141.9287968297789,142.82342529296875,38505400,0.0,0.0
2024-02-06 00:00:00-05:00,143.78766056974678,144.49343456686728,142.33637287783208,143.24095153808594,29128200,0.0,0.0
2024-02-07 00:00:00-05:00,143.8969992519434,144.75187291787591,143.07194552581365,144.67234802246094,25208900,0.0,0.0
2024-02-08 00:00:00-05:00,144.9606362326969,145.45765548255142,144.23499237490003,145.0401611328125,22563800,0.0,0.0
2024-02-09 00:00:00-05:00,145.8055634555038,148.54911948982377,145.30854419338198,148.1117401123047,26829500,0.0,0.0
2024-02-12 00:00:00-05:00,147.5351757363989,148.44968923327963,146.49143239536673,146.65048217773438,21564100,0.0,0.0
2024-02-13 00:00:00-05:00,144.0560448330256,145.79561205385804,142.83338183337364,144.2747344970703,27837700,0.0,0.0
2024-02-14 00:00:00-05:00,145.20912631236618,145.64650562021833,143.23098450378816,145.06996154785156,22704200,0.0,0.0
2024-02-15 00:00:00-05:00,142.28664308074758,142.6643824922345,139.6226276906128,141.91885375976562,37590700,0.0,0.0
2024-02-16 00:00:00-05:00,142.13755757805077,142.33636222630687,139.30454204497832,139.68228149414062,31451100,0.0,0.0
2024-02-20 00:00:00-05:00,138.8274141332904,141.2329853719594,138.6584294162402,140.27870178222656,25144700,0.0,0.0
2024-02-21 00:00:00-05:00,140.60673172265933,141.83934482604272,139.84131789092322,141.70018005371094,23315700,0.0,0.0
2024-02-22 00:00:00-05:00,144.0659761536674,144.13556612131504,141.94868470338366,143.23098754882812,27191900,0.0,0.0
2024-02-23 00:00:00-05:00,142.8134812622258,143.8174544884755,142.57490660893936,143.1017608642578,19493800,0.0,0.0
2024-02-26 00:00:00-05:00,141.29262579488392,141.59084036580944,136.5709431200029,136.7498779296875,53641800,0.0,0.0
2024-02-27 00:00:00-05:00,137.19717416142294,138.4198370568381,136.2727106298984,138.0520477294922,33099200,0.0,0.0
2024-02-28 00:00:00-05:00,137.07789837244195,137.18724321039747,134.602752299903,135.5669708251953,37328600,0.0,0.0
2024-02-29 00:00:00-05:00,136.4616091584946,138.0321918672381,135.5868503921503,137.63458251953125,42133000,0.0,0.0
2024-03-01 00:00:00-05:00,137.60473640817094,138.0421157563767,136.1037437975768,136.3224334716797,31119500,0.0,0.0
2024-03-04 00:00:00-05:00,134.85124940963942,134.85124940963942,131.12360550845185,132.55502319335938,55999400,0.0,0.0
2024-03-05 00:00:00-05:00,131.09379042625164,132.44568327120132,129.89099727574325,131.8790740966797,40194800,0.0,0.0
2024-03-06 00:00:00-05:00,132.32636996673963,132.78363424587957,130.06991400924693,130.6166229248047,35318600,0.0,0.0
2024-03-07 00:00:00-05:00,131.99835532166875,134.1355470286606,130.82539726481338,133.57888793945312,37738200,0.0,0.0
2024-03-08 00:00:00-05:00,133.4099095566839,137.26676850108,133.20115480441683,134.60275268554688,39343100,0.0,0.0
2024-03-11 00:00:00-04:00,135.31844603099825,138.27074115683538,135.31844603099825,136.84925842285156,32437800,0.0,0.0
2024-03-12 00:00:00-04:00,136.21309386282178,138.54909039502593,136.21309386282178,137.67433166503906,27563400,0.0,0.0
2024-03-13 00:00:00-04:00,138.17133561183664,140.24887219766538,138.16140068839562,138.9566192626953,23347200,0.0,0.0
2024-03-14 00:00:00-04:00,140.34828546340808,142.73397157906638,139.6226416714672,142.2469024658203,42753400,0.0,0.0
2024-03-15 00:00:00-04:00,141.65047109000807,142.326409917111,139.19519504435547,140.3383331298828,49460600,0.0,0.0
2024-03-18 00:00:00-04:00,147.72405471052974,151.24294415086234,146.29263691520018,146.79959106445312,69273700,0.0,0.0
2024-03-19 00:00:00-04:00,147.27674120882173,147.90297512167407,145.20913940121957,146.15347290039062,24070400,0.0,0.0
2024-03-20 00:00:00-04:00,147.1176776357803,147.97255123416053,145.86519475956715,147.853271484375,21311500,0.0,0.0
2024-03-21 00:00:00-04:00,148.5789245146502,149.47355302951823,146.0242384832815,146.72007751464844,24755600,0.0,0.0
2024-03-22 00:00:00-04:00,148.2310127163205,150.67635404159964,148.0918479363663,149.87118530273438,29175700,0.0,0.0
2024-03-25 00:00:00-04:00,149.04612415470731,149.48350348939044,146.9387675434042,149.17535400390625,19229300,0.0,0.0
2024-03-26 00:00:00-04:00,149.32446001454298,151.3522918172969,149.08588532158586,149.7717742919922,22149100,0.0,0.0
2024-03-27 00:00:00-04:00,150.2787152673791,150.73597959681047,148.01230897049075,149.97056579589844,22879200,0.0,0.0
2024-03-28 00:00:00-04:00,149.95070267592294,150.52723161549852,149.27474865876468,150.03021240234375,24485400,0.0,0.0
2024-04-01 00:00:00-04:00,149.79164677254744,154.81154365404976,149.71212188155036,154.5630340576172,31730800,0.0,0.0
2024-04-02 00:00:00-04:00,152.58490199268573,153.77774509847762,151.24294401878046,153.63858032226562,24586000,0.0,0.0
2024-04-03 00:00:00-04:00,152.6843066227274,154.15547923004885,151.8194828874924,153.99642944335938,24705000,0.0,0.0
2024-04-04 00:00:00-04:00,152.5849096930665,153.84734283458613,149.553089235633,149.6326141357422,34724700,0.0,0.0
2024-04-05 00:00:00-04:00,149.13557485238817,152.5053643067505,148.70814563552008,151.59085083007812,23449300,0.0,0.0
2024-04-08 00:00:00-04:00,151.8691826360064,154.34434366511644,151.70019793137476,153.92684936523438,20702000,0.0,0.0
2024-04-09 00:00:00-04:00,155.15944308540702,157.61471903400118,154.26481463364837,155.66641235351562,31113000,0.0,0.0
2024-04-10 00:00:00-04:00,155.2787421889128,155.6763514742328,153.75784951139988,155.2091522216797,22838600,0.0,0.0
2024-04-11 00:00:00-04:00,155.97457492584263,158.72805047789922,155.52726066236747,158.4596710205078,27166400,0.0,0.0
2024-04-12 00:00:00-04:00,157.01831260478323,159.26483393218646,156.20319383484278,156.7896728515625,25329200,0.0,0.0
2024-04-15 00:00:00-04:00,157.91295197634344,158.29069144870775,153.66840346176937,153.93679809570312,27136500,0.0,0.0
2024-04-16 00:00:00-04:00,153.270783135314,154.7220707035578,152.51530424483212,153.47952270507812,20779500,0.0,0.0
2024-04-17 00:00:00-04:00,154.69225154891296,156.14355429233336,153.658458282781,154.54315185546875,21763100,0.0,0.0
2024-04-18 00:00:00-04:00,154.41392162833105,156.00438913764984,153.69821276591983,155.07992553710938,19883000,0.0,0.0
2024-04-19 00:00:00-04:00,155.268793063893,155.42784284613953,151.39204942052194,153.17137145996094,32239100,0.0,0.0
2024-04-22 00:00:00-04:00,153.39007067825332,156.70022053442347,153.14156106593867,155.34832763671875,26446200,0.0,0.0
2024-04-23 00:00:00-04:00,156.02426013134158,158.02227167812262,155.34830619188878,157.31649780273438,21151600,0.0,0.0
2024-04-24 00:00:00-04:00,156.55112818142686,158.61873007306042,156.23302858217997,158.1813507080078,22779100,0.0,0.0
2024-04-25 00:00:00-04:00,150.42783450771225,155.55707634707693,149.9705701649595,155.0699920654297,57109700,0.0,0.0
2024-04-26 00:00:00-04:00,173.33049824442045,173.66848288117959,168.63863504428147,170.9249267578125,64665300,0.0,0.0
2024-04-29 00:00:00-04:00,168.05212491015862,168.53920917333764,164.22508627485573,165.1594696044922,45610000,0.0,0.0
2024-04-30 00:00:00-04:00,164.62271634216353,167.09787766382803,161.6306659221157,161.80958557128906,33562900,0.0,0.0
2024-05-01 00:00:00-04:00,163.32049695793827,166.1236770978579,162.11770393200646,162.88311767578125,33493200,0.0,0.0
2024-05-02 00:00:00-04:00,163.8075712273067,165.73600803202226,162.91294278924056,165.6266632080078,24294500,0.0,0.0
2024-05-03 00:00:00-04:00,166.5610500573049,166.95867446590864,162.07794292101727,166.2429656982422,34662400,0.0,0.0
2024-05-06 00:00:00-04:00,166.46170107108068,167.13763999970993,165.0402180674376,167.09788513183594,21871300,0.0,0.0
2024-05-07 00:00:00-04:00,167.49547453274693,170.7360343362878,167.3861296993361,170.2290802001953,28039700,0.0,0.0
2024-05-08 00:00:00-04:00,167.99249978919846,169.13563795140396,167.7340552499391,168.3702392578125,19569100,0.0,0.0
2024-05-09 00:00:00-04:00,168.38016816108964,169.67242114682458,167.17737499330448,168.94677734375,15346700,0.0,0.0
2024-05-10 00:00:00-04:00,167.02829324927558,168.83745065732106,165.19926599143182,167.64459228515625,29799900,0.0,0.0
2024-05-13 00:00:00-04:00,163.2807406306808,168.27081760004594,163.02229610945983,168.13165283203125,31327600,0.0,0.0
2024-05-14 00:00:00-04:00,168.75791462861076,170.22908731137696,167.7936961031146,169.3245086669922,25127100,0.0,0.0
2024-05-15 00:00:00-04:00,169.61278541274416,171.62073215896464,169.49349048474016,171.4815673828125,26948400,0.0,0.0
2024-05-16 00:00:00-04:00,172.25690799152133,174.07600008713817,171.66049405107432,173.1416015625,27867900,0.0,0.0
2024-05-17 00:00:00-04:00,173.14160936069476,175.21916124178375,172.65454022923242,175.01040649414062,24479300,0.0,0.0
2024-05-20 00:00:00-04:00,175.1396363323436,177.70425734469626,175.03029149650527,175.8652801513672,22554400,0.0,0.0
2024-05-21 00:00:00-04:00,175.8453852811166,177.08793326972773,174.761887075325,176.78973388671875,16989400,0.0,0.0
2024-05-22 00:00:00-04:00,175.58695100602287,176.09390515454282,174.1654833046587,175.32850646972656,17880000,0.0,0.0
2024-05-23 00:00:00-04:00,176.01438498002162,177.18734299954818,171.9189364995175,172.51536560058594,21024900,0.0,0.0
2024-05-24 00:00:00-04:00,173.93682725278606,174.7221260478567,172.6147544194191,173.94677734375,16572500,0.0,0.0
2024-05-28 00:00:00-04:00,173.41000150341682,176.21319716341736,173.33047660868388,175.34837341308594,20572200,0.0,0.0
2024-05-29 00:00:00-04:00,174.38416483251896,175.78576274218864,173.67840599935957,174.8513641357422,23388700,0.0,0.0
2024-05-30 00:00:00-04:00,174.1555444817687,174.1754294990237,170.7658695114265,171.08396911621094,22958700,0.0,0.0
2024-05-31 00:00:00-04:00,170.8354347028972,172.02827771213177,168.429863670058,171.47161865234375,37638900,0.0,0.0
2024-06-03 00:00:00-04:00,171.5113700051915,173.4895117794549,170.13960739814942,172.1376190185547,27459100,0.0,0.0
2024-06-04 00:00:00-04:00,172.2469674009148,172.81357655191115,170.86525467444477,172.75392150878906,26879600,0.0,0.0
2024-06-05 00:00:00-04:00,174.1555335815261,175.5968863019106,172.89310050176644,174.36428833007812,22068500,0.0,0.0
2024-06-06 00:00:00-04:00,174.85133795912836,176.0938858842723,174.70223827523964,175.6763916015625,23251000,0.0,0.0
2024-06-07 00:00:00-04:00,175.99450830412644,176.8096119351972,173.2609026023809,173.41995239257812,19661400,0.0,0.0
2024-06-10 00:00:00-04:00,174.12652031097429,176.20644136738744,171.92716741467876,174.16632080078125,23779200,0.2,0.0
2024-06-11 00:00:00-04:00,175.37048906065957,175.98749533783135,172.93230292949366,175.7685546875,21540600,0.0,0.0
2024-06-12 00:00:00-04:00,177.39069622787167,179.54028699071227,175.26101330132494,176.9329071044922,27864700,0.0,0.0
2024-06-13 00:00:00-04:00,175.2610147654326,175.88798253947286,174.03694856465734,174.3155975341797,20913300,0.0,0.0
2024-06-14 00:00:00-04:00,173.38012616444558,176.20643152502393,173.3104563296365,175.93772888183594,18063600,0.0,0.0
2024-06-17 00:00:00-04:00,174.61415650465722,177.50017023272605,173.96728088613824,176.3855743408203,19618500,0.0,0.0
2024-06-18 00:00:00-04:00,176.28606177784917,176.53485660451912,173.2607233670443,174.24594116210938,21869900,0.0,0.0
2024-06-20 00:00:00-04:00,174.52457916649684,176.43532149280932,174.14642137972143,175.45010375976562,20160100,0.0,0.0
2024-06-21 00:00:00-04:00,176.14672706076468,179.97817324324066,175.75860776109087,178.76405334472656,58582700,0.0,0.0
2024-06-24 00:00:00-04:00,179.29148894733464,180.01796551402666,177.80866646743436,178.35601806640625,18298000,0.0,0.0
2024-06-25 00:00:00-04:00,178.75409335482692,183.401578664655,178.5550605403931,183.14283752441406,23235600,0.0,0.0
2024-06-26 00:00:00-04:00,181.74958675950225,183.62051337694206,181.60030076458273,182.99356079101562,19839000,0.0,0.0
2024-06-27 00:00:00-04:00,183.29210815644674,185.15310369188768,183.1328910161964,184.5161895751953,18848900,0.0,0.0
2024-06-28 00:00:00-04:00,183.4314641627886,184.2375570026168,181.0828403011348,181.27191162109375,29156600,0.0,0.0
2024-07-01 00:00:00-04:00,182.14766487012025,182.99357334366735,180.4260089442712,182.1078643798828,16006100,0.0,0.0
2024-07-02 00:00:00-04:00,181.1723760505059,184.6754110796697,180.68473277675602,184.3470001220703,17372500,0.0,0.0
2024-07-03 00:00:00-04:00,183.95889971749563,185.19291233120538,183.1129912382266,184.92422485351562,10242100,0.0,0.0
2024-07-05 00:00:00-04:00,184.9640125784332,189.93990873605247,184.90430425417856,189.68116760253906,20967500,0.0,0.0
2024-07-08 00:00:00-04:00,188.98452970854757,189.25323235251997,186.87475460015818,188.1187286376953,21035900,0.0,0.0
2024-07-09 00:00:00-04:00,189.39257531263542,190.43751664314703,187.81024382698632,188.06898498535156,15121400,0.0,0.0
2024-07-10 00:00:00-04:00,188.23814915276566,190.82562127808606,188.11873250198266,190.25836181640625,15952500,0.0,0.0
2024-07-11 00:00:00-04:00,188.9347808834167,189.93990642836113,184.1877717548577,184.6754150390625,25625800,0.0,0.0
2024-07-12 00:00:00-04:00,184.187787512886,186.20800028635384,183.60063536764247,184.17784118652344,22898400,0.0,0.0
2024-07-15 00:00:00-04:00,184.02852876447474,187.33253087032085,184.02852876447474,185.63076782226562,16474000,0.0,0.0
2024-07-16 00:00:00-04:00,186.4567901173401,187.77041886786637,182.48601933178097,183.0333709716797,18290700,0.0,0.0
2024-07-17 00:00:00-04:00,182.08795064839637,182.6651564421575,179.03274302740357,180.14735412597656,20734100,0.0,0.0
2024-07-18 00:00:00-04:00,181.05295487059834,181.62021433579056,175.61928463310315,176.83340454101562,25315700,0.0,0.0
2024-07-19 00:00:00-04:00,178.0176783122624,179.4208695866071,176.27611453463086,176.80355834960938,18881900,0.0,0.0
2024-07-22 00:00:00-04:00,179.7194245142135,181.81925342559742,179.36115936205027,180.79421997070312,24100300,0.0,0.0
2024-07-23 00:00:00-04:00,181.1723915861467,182.7248688386663,180.66484043304783,180.91363525390625,36352700,0.0,0.0
2024-07-24 00:00:00-04:00,172.76311556825274,175.34062605737992,170.99169780323467,171.79779052734375,49585200,0.0,0.0
2024-07-25 00:00:00-04:00,171.68833187653044,172.5839871452518,166.3840245463068,166.4735870361328,44852000,0.0,0.0
2024-07-26 00:00:00-04:00,166.34420184034042,167.2796727440398,163.26910167112166,166.19493103027344,41336900,0.0,0.0
2024-07-29 00:00:00-04:00,168.01611559502874,169.608393293323,167.18016866453198,168.71273803710938,20293800,0.0,0.0
2024-07-30 00:00:00-04:00,169.41932361948145,170.40454137374448,167.62799790459795,169.4690704345703,18959700,0.0,0.0
2024-07-31 00:00:00-04:00,172.40486009944772,173.40998568320978,169.19042016317357,170.71304321289062,25729100,0.0,0.0
2024-08-01 00:00:00-04:00,169.42927737353662,173.21096178514637,168.06588657934952,169.9368133544922,24531400,0.0,0.0
2024-08-02 00:00:00-04:00,165.6376419849292,167.69765520059823,163.8761704054218,165.85658264160156,29130100,0.0,0.0
2024-08-05 00:00:00-04:00,154.75037751729297,163.6373211687644,154.18311804069828,158.4822998046875,53630700,0.0,0.0
2024-08-06 00:00:00-04:00,158.5619114256832,159.79593916003876,155.65598984339135,157.52691650390625,49004600,0.0,0.0
2024-08-07 00:00:00-04:00,160.47264384005365,162.19429958101605,157.70604691611013,158.1737823486328,25138600,0.0,0.0
2024-08-08 00:00:00-04:00,159.73620945801972,162.9008872407048,159.43766784333874,161.24888610839844,25578800,0.0,0.0
2024-08-09 00:00:00-04:00,159.23862184827473,163.000398092681,158.29320462440444,162.8809814453125,28602300,0.0,0.0
2024-08-12 00:00:00-04:00,163.55772680166666,164.1050632777601,161.0598169977751,161.5076446533203,15895300,0.0,0.0
2024-08-13 00:00:00-04:00,162.6222374229294,163.9358660763168,162.1843561433904,163.36862182617188,18551700,0.0,0.0
2024-08-14 00:00:00-04:00,161.61709054467406,162.43314475000878,156.94971300998307,159.5968780517578,40591100,0.0,0.0
2024-08-15 00:00:00-04:00,159.72626872855503,160.86077245977856,158.8405598084352,160.5224151611328,31524300,0.0,0.0
2024-08-16 00:00:00-04:00,160.69158549485795,164.26427515296893,160.35322821372176,162.17440795898438,24208600,0.0,0.0
2024-08-19 00:00:00-04:00,164.48321762709017,165.8864239492261,163.46813058711632,165.86651611328125,22416200,0.0,0.0
2024-08-20 00:00:00-04:00,166.09542022279516,167.82703768322662,166.01581924125838,166.3740692138672,18341500,0.0,0.0
2024-08-21 00:00:00-04:00,164.35383848738525,166.04565527229005,163.87615672417527,165.05047607421875,22902000,0.0,0.0
2024-08-22 00:00:00-04:00,166.45365676465755,166.78206770165446,162.52270221582623,163.01034545898438,22493300,0.0,0.0
2024-08-23 00:00:00-04:00,163.92592374785485,165.37887691786474,163.0402148418206,164.8215789794922,13955700,0.0,0.0
2024-08-26 00:00:00-04:00,165.57793418764655,166.74229212809584,163.6671917839428,165.35899353027344,14190400,0.0,0.0
2024-08-27 00:00:00-04:00,165.0405353166051,165.63764898462333,163.66719817653333,163.88612365722656,11821900,0.0,0.0
2024-08-28 00:00:00-04:00,164.24438659777263,164.8016997668205,160.751312687273,162.06495666503906,16407400,0.0,0.0
2024-08-29 00:00:00-04:00,163.5179092393471,165.16991053075353,159.47748368909194,161.00010681152344,19699800,0.0,0.0
2024-08-30 00:00:00-04:00,161.83604601344157,162.8710409450861,160.91053659277384,162.59239196777344,22123800,0.0,0.0
2024-09-03 00:00:00-04:00,160.94039211947089,161.06977028333037,155.7256472987168,156.60140991210938,38945300,0.0,0.0
2024-09-04 00:00:00-04:00,155.9047798396124,158.23349556383252,155.2081574244905,155.69578552246094,19353800,0.0,0.0
2024-09-05 00:00:00-04:00,155.54652368100116,158.6813323223821,155.22805902416937,156.48199462890625,18688700,0.0,0.0
2024-09-06 00:00:00-04:00,156.5416920369977,157.06913580100942,149.82423240095397,150.19244384765625,37912100,0.0,0.0
2024-09-09 00:00:00-04:00,151.97617050603606,152.86305467011235,146.70469354986142,148.18948364257812,39260500,0.2,0.0
2024-09-10 00:00:00-04:00,149.9233916452607,150.74052877862417,147.8207764621823,148.13966369628906,31118800,0.0,0.0
2024-09-11 00:00:00-04:00,149.39523999323785,150.9697114154838,147.00364668662948,150.6309051513672,29607700,0.0,0.0
2024-09-12 00:00:00-04:00,153.26167533883327,154.27810941261885,152.11569142274135,154.1485595703125,29695000,0.0,0.0
2024-09-13 00:00:00-04:00,154.88596580869884,157.82565255748864,154.66674982863708,156.90887451171875,29591200,0.0,0.0
2024-09-16 00:00:00-04:00,156.75938477605303,157.69609704284935,156.05187841649794,157.5067596435547,18379800,0.0,0.0
2024-09-17 00:00:00-04:00,158.46340663018495,159.98805014794013,157.82564734959053,158.76235961914062,20715600,0.0,0.0
2024-09-18 00:00:00-04:00,159.30046890342817,159.93822820831775,158.0448845484403,159.25064086914062,23677300,0.0,0.0
2024-09-19 00:00:00-04:00,163.13699125474798,163.21669785914023,160.7752763557002,161.57247924804688,26587700,0.0,0.0
2024-09-20 00:00:00-04:00,162.9277289392049,163.15691965207134,161.49276669183348,163.0174102783203,40896400,0.0,0.0
2024-09-23 00:00:00-04:00,163.77474245440862,164.91075157825534,161.10411517750074,161.2834930419922,24150900,0.0,0.0
2024-09-24 00:00:00-04:00,162.45936971037105,162.6487071151764,160.1275637051896,161.72195434570312,23332100,0.0,0.0
2024-09-25 00:00:00-04:00,160.90482465753527,162.24013074634445,160.73542151540698,160.9247589111328,18869200,0.0,0.0
2024-09-26 00:00:00-04:00,163.06723415838286,163.5056965233955,161.71199375988056,162.16041564941406,20319300,0.0,0.0
2024-09-27 00:00:00-04:00,162.24013520895764,165.1200191151141,162.06077253778713,163.3761444091797,21101300,0.0,0.0
2024-09-30 00:00:00-04:00,162.74835741182983,165.56843851321895,162.6885546502899,165.26950073242188,20413900,0.0,0.0
2024-10-01 00:00:00-04:00,167.10304911832094,168.56790499887933,164.00393422069206,166.40550231933594,28338100,0.0,0.0
2024-10-02 00:00:00-04:00,165.83750220141695,166.93365811188724,164.1534150323221,165.2794647216797,17760200,0.0,0.0
2024-10-03 00:00:00-04:00,163.83454298906406,166.05673338351102,163.3462525916035,165.2794647216797,15073100,0.0,0.0
2024-10-04 00:00:00-04:00,167.47176537085613,167.64116852375787,164.90079388696014,166.4752655029297,19047400,0.0,0.0
2024-10-07 00:00:00-04:00,167.13296079524372,167.8902952287706,162.18035518394854,162.4095458984375,22463100,0.0,0.0
2024-10-08 00:00:00-04:00,163.3661793794842,164.15340752983812,162.29991729663377,163.8046417236328,23072700,0.0,0.0
2024-10-09 00:00:00-04:00,162.8779034608025,164.26303769527678,159.18089739568785,161.29347229003906,31181800,0.0,0.0
2024-10-10 00:00:00-04:00,160.3069086751828,162.49922027250668,159.83855257987992,161.51268005371094,14144100,0.0,0.0
2024-10-11 00:00:00-04:00,161.5625095457594,163.32630315770646,160.67562537530787,162.6686248779297,15344300,0.0,0.0
2024-10-14 00:00:00-04:00,163.0672270976598,165.64815793723565,162.82806167108657,164.3826141357422,19016100,0.0,0.0
2024-10-15 00:00:00-04:00,165.20970620906303,167.0930903489021,164.05377791978614,164.88087463378906,20247200,0.0,0.0
2024-10-16 00:00:00-04:00,163.95410944544957,165.21966843790153,163.16688130069323,164.5819091796875,16406000,0.0,0.0
2024-10-17 00:00:00-04:00,165.1499132702941,165.7876725559894,162.19030754618507,162.35971069335938,21453400,0.0,0.0
2024-10-18 00:00:00-04:00,162.61881648917324,164.13350055160433,162.5092008950753,162.84800720214844,19757700,0.0,0.0
2024-10-21 00:00:00-04:00,162.37965259131107,163.9242304481603,162.05080580588782,163.49574279785156,20946500,0.0,0.0
2024-10-22 00:00:00-04:00,162.40953792060841,165.18978095934807,162.40953792060841,164.56198120117188,16568100,0.0,0.0
2024-10-23 00:00:00-04:00,164.1833163789022,165.23961903467116,161.36321986596107,162.2102508544922,18280500,0.0,0.0
2024-10-24 00:00:00-04:00,162.26005197928703,162.75830184158096,160.44641518195513,162.1504364013672,22412500,0.0,0.0
2024-10-25 00:00:00-04:00,163.09713764873345,165.01041564194605,162.8480126724498,164.69154357910156,19828900,0.0,0.0
2024-10-28 00:00:00-04:00,168.1593374233331,168.1593374233331,163.37613545110455,166.13644409179688,32138600,0.0,0.0
2024-10-29 00:00:00-04:00,167.1429183888465,169.7836521589055,166.5051590823556,169.08609008789062,42169000,0.0,0.0
2024-10-30 00:00:00-04:00,180.04756432112097,181.38288551840023,173.45074095946555,173.84934997558594,68890800,0.0,0.0
2024-10-31 00:00:00-04:00,172.5240116929841,176.20109831225162,170.40146229689762,170.51107788085938,44769000,0.0,0.0
2024-11-01 00:00:00-04:00,169.47472917286686,171.71685373461872,168.28889197179058,170.69044494628906,31796500,0.0,0.0
2024-11-04 00:00:00-05:00,169.33520086207452,170.13240372971748,167.42192310295937,168.6476287841797,21492700,0.0,0.0
2024-11-05 00:00:00-05:00,168.8369615575411,169.9331174699581,168.2490302978724,169.14588928222656,18242100,0.0,0.0
2024-11-06 00:00:00-05:00,173.19167534337777,176.32068423475533,172.8927223501112,175.89218139648438,33695500,0.0,0.0
2024-11-07 00:00:00-05:00,176.78903438230748,180.44618684879632,176.56980320837033,180.11734008789062,25352900,0.0,0.0
2024-11-08 00:00:00-05:00,180.01769126784052,180.2668162295759,177.4566945679988,177.7257537841797,22006200,0.0,0.0
2024-11-11 00:00:00-05:00,177.95494104754144,179.91804692445518,177.84532545828398,179.71875,17450400,0.0,0.0
2024-11-12 00:00:00-05:00,179.19061113228446,181.85126391911678,178.76210828805725,180.9842987060547,25134900,0.0,0.0
2024-11-13 00:00:00-05:00,179.82836251665194,180.32661242196693,177.91506949950764,178.25389099121094,23184000,0.0,0.0
2024-11-14 00:00:00-05:00,177.65598529451515,178.19410370809175,173.70985455339545,174.96543884277344,31007500,0.0,0.0
2024-11-15 00:00:00-05:00,173.12189567442238,173.53046421735348,170.6206867994892,171.88624572753906,32504600,0.0,0.0
2024-11-18 00:00:00-05:00,172.81299215078764,174.82592598867913,172.2948080013009,174.68641662597656,20206600,0.0,0.0
2024-11-19 00:00:00-05:00,173.11195817931116,178.2439264142139,172.95251455123736,177.49655151367188,23434900,0.0,0.0
2024-11-20 00:00:00-05:00,176.7192692543919,177.05807553397884,173.17173243194026,175.36402893066406,18997100,0.0,0.0
2024-11-21 00:00:00-05:00,173.29131700765447,173.52052291993735,163.12702162713185,167.04327392578125,59734400,0.0,0.0
2024-11-22 00:00:00-05:00,165.26950018604143,165.87736568062007,163.32631338500155,164.1833038330078,38604600,0.0,0.0
2024-11-25 00:00:00-05:00,165.5086342618613,168.03975205674786,165.03031865545415,167.06317138671875,33135300,0.0,0.0
2024-11-26 00:00:00-05:00,167.0432706454683,169.2256076965816,166.9934426131079,168.52804565429688,20486700,0.0,0.0
2024-11-27 00:00:00-05:00,168.40847408769383,168.88678975659008,167.4319084954612,168.63766479492188,19266500,0.0,0.0
2024-11-29 00:00:00-05:00,167.9102206974572,168.8369582371453,166.57491457977767,168.358642578125,14257200,0.0,0.0
2024-12-02 00:00:00-05:00,168.17927459129479,171.4776864785432,167.97997767345183,170.88975524902344,23789100,0.0,0.0
2024-12-03 00:00:00-05:00,170.88974897951127,172.0755709190551,170.2519897425835,170.74026489257812,22248700,0.0,0.0
2024-12-04 00:00:00-05:00,170.55092836009592,174.2977772005243,170.46124703071453,173.75965881347656,31615100,0.0,0.0
2024-12-05 00:00:00-05:00,174.7462014339964,175.44374823654522,171.72680832730796,172.0357208251953,21356200,0.0,0.0
2024-12-06 00:00:00-05:00,171.42785295388447,174.4671802710719,171.25844981887792,174.09848022460938,21462400,0.0,0.0
2024-12-09 00:00:00-05:00,173.5497879362236,175.84435207924628,173.2405061666339,174.95645141601562,25389600,0.2,0.0
2024-12-10 00:00:00-05:00,182.41883132056972,185.92054898261972,180.6230728184386,184.7333526611328,54813000,0.0,0.0
2024-12-11 00:00:00-05:00,184.87300649613107,195.14872046831275,184.41409977559144,194.939208984375,67894100,0.0,0.0
2024-12-12 00:00:00-05:00,194.540179555465,194.71974779887603,191.25794424971858,191.50735473632812,34817500,0.0,0.0
2024-12-13 00:00:00-05:00,190.55957180826204,192.27551707580218,189.19280729112407,189.3723907470703,25143500,0.0,0.0
2024-12-16 00:00:00-05:00,192.41518724155435,198.53073692361528,192.16577676803223,196.19625854492188,44934900,0.0,0.0
2024-12-17 00:00:00-05:00,196.7848538831557,200.94501854915788,194.52020263311584,194.95916748046875,43504000,0.0,0.0
2024-12-18 00:00:00-05:00,194.75965954890506,196.53546097337795,187.29730214590614,187.9557342529297,34166100,0.0,0.0
2024-12-19 00:00:00-05:00,191.17811313755365,192.5748056424547,187.93577711571297,188.06546020507812,32265200,0.0,0.0
2024-12-20 00:00:00-05:00,185.3419048401402,192.43513912367908,184.78322783024907,190.95863342285156,63462900,0.0,0.0
2024-12-23 00:00:00-05:00,192.1657659299832,194.63992864820244,189.70158937273825,194.17103576660156,25675000,0.0,0.0
2024-12-24 00:00:00-05:00,194.38054302215116,195.64755249023438,193.32304504989554,195.64755249023438,10403300,0.0,0.0
2024-12-26 00:00:00-05:00,194.68979716689702,196.28603018509784,193.9216239176986,195.1387481689453,12046600,0.0,0.0
2024-12-27 00:00:00-05:00,194.49027324116946,194.85941107267635,190.20041029392215,192.30543518066406,18891400,0.0,0.0
2024-12-30 00:00:00-05:00,189.352440433381,192.0959557274761,188.67403600843565,190.78904724121094,14264700,0.0,0.0
2024-12-31 00:00:00-05:00,190.6294084710406,191.50733817930222,188.06546158341584,188.85360717773438,17466900,0.0,0.0
2025-01-02 00:00:00-05:00,190.20041592197336,191.54723853202438,187.05785012893006,188.98329162597656,20370800,0.0,0.0
2025-01-03 00:00:00-05:00,190.91871503010498,192.75438759446627,189.5319934742947,191.3377227783203,18596200,0.0,0.0
2025-01-06 00:00:00-05:00,193.52257715244394,197.75258441221385,193.39289405316484,196.40576171875,29563600,0.0,0.0
2025-01-07 00:00:00-05:00,196.64519723763246,200.52602365365914,194.1411215269442,195.02902221679688,26487200,0.0,0.0
2025-01-08 00:00:00-05:00,192.1159097803505,195.82712367795403,191.9263553819348,193.49264526367188,24864800,0.0,0.0
2025-01-10 00:00:00-05:00,193.84180793276101,196.05657398255568,189.86121160590176,191.58712768554688,26665200,0.0,0.0
2025-01-13 00:00:00-05:00,189.62179973101152,190.72916760562472,186.9181835340065,190.5595703125,21823700,0.0,0.0
2025-01-14 00:00:00-05:00,190.78904460131218,191.5272898730932,187.86594588528064,189.2127685546875,17174900,0.0,0.0
2025-01-15 00:00:00-05:00,192.63466153374213,195.8969546519061,191.40756631826648,195.0888671875,21776000,0.0,0.0
2025-01-16 00:00:00-05:00,193.68218859975212,195.01902502838223,192.3553231094348,192.45509338378906,17815400,0.0,0.0
2025-01-17 00:00:00-05:00,196.06656026544184,196.76490654687785,193.29311701716207,195.53781127929688,27735100,0.0,0.0
2025-01-21 00:00:00-05:00,198.60057627447708,201.81296912173477,197.40339384073826,197.58297729492188,29971300,0.0,0.0
2025-01-22 00:00:00-05:00,198.590597036243,200.00724672789295,197.0642061251015,197.9022216796875,26200600,0.0,0.0
2025-01-23 00:00:00-05:00,197.6727641738203,199.82767431730463,194.73969457121225,197.5131378173828,26951400,0.0,0.0
2025-01-24 00:00:00-05:00,197.63285957708698,200.42624462128626,197.53308930144837,199.73788452148438,23877500,0.0,0.0
2025-01-27 00:00:00-05:00,191.956287781501,196.41574843517762,190.2802414199516,191.35769653320312,41728900,0.0,0.0
2025-01-28 00:00:00-05:00,192.2954724407757,195.01903051179218,190.23034644146827,194.83946228027344,24157900,0.0,0.0
2025-01-29 00:00:00-05:00,195.09884368413952,196.32593893457488,192.97386160771165,194.94920349121094,18218300,0.0,0.0
2025-01-30 00:00:00-05:00,197.53310428817028,200.9250807979349,197.20388062095304,200.39633178710938,24354700,0.0,0.0
2025-01-31 00:00:00-05:00,201.52365385241038,204.99544323065024,201.3241285268208,203.5388946533203,32042000,0.0,0.0
2025-02-03 00:00:00-05:00,200.2167427524067,203.26952433872827,199.62813772190552,200.75546264648438,27838300,0.0,0.0
2025-02-04 00:00:00-05:00,202.91038629062132,206.5617593135444,202.33175215943618,205.89334106445312,43856400,0.0,0.0
2025-02-05 00:00:00-05:00,190.61944853764197,192.29547965256887,187.58660858281107,190.8788299560547,70373900,0.0,0.0
2025-02-06 00:00:00-05:00,189.05313928868878,191.64701430736628,188.274979827647,191.148193359375,29297400,0.0,0.0
2025-02-07 00:00:00-05:00,190.59948056645624,190.7291636568626,182.80790006860101,184.90293884277344,49315000,0.0,0.0
2025-02-10 00:00:00-05:00,186.90821845084508,187.75620494303442,185.42172652057317,186.03028869628906,23105600,0.0,0.0
2025-02-11 00:00:00-05:00,184.59368617808016,186.49918592908514,183.84545472617006,184.8830108642578,21239500,0.0,0.0
2025-02-12 00:00:00-05:00,182.78793750670852,184.67347995852103,181.40121597043165,183.17701721191406,22072600,0.0,0.0
2025-02-13 00:00:00-05:00,183.8853646978078,185.84073432237415,182.70813932469304,185.70106506347656,21402500,0.0,0.0
2025-02-14 00:00:00-05:00,184.62360034222002,185.96043678235034,183.88535510775145,184.79319763183594,20448400,0.0,0.0
2025-02-18 00:00:00-05:00,185.16234115126528,185.52149284111707,181.31144284116834,183.33665466308594,29916700,0.0,0.0
2025-02-19 00:00:00-05:00,183.63594741741645,185.02266901610753,183.1570683565281,184.83311462402344,19549400,0.0,0.0
2025-02-20 00:00:00-05:00,184.36422591283684,184.8730178009315,182.28912893693322,184.12478637695312,20441500,0.0,0.0
2025-02-21 00:00:00-05:00,184.71338754923798,184.90294194163184,178.65770926804197,179.23634338378906,35199200,0.0,0.0
2025-02-24 00:00:00-05:00,181.56086065766053,182.68818568914216,178.46816457980125,178.8273162841797,29854200,0.0,0.0
2025-02-25 00:00:00-05:00,177.620149186563,178.3185106633885,174.27805810561316,175.00633239746094,41913400,0.0,0.0
2025-02-26 00:00:00-05:00,174.6571711800562,175.66478399830825,171.1753955398117,172.3226776123047,35431300,0.0,0.0
2025-02-27 00:00:00-05:00,173.5797206760448,174.14836864650957,167.54398410119538,168.1026611328125,39991000,0.0,0.0
2025-02-28 00:00:00-05:00,168.28223059503162,170.20768740317763,166.37674611034126,169.8784637451172,48130600,0.0,0.0
2025-03-03 00:00:00-05:00,171.52456139173032,172.96116813684316,165.53871010229818,166.6161651611328,40770500,0.0,0.0
2025-03-04 00:00:00-05:00,165.84799570787212,172.88135895735127,165.40903083418053,170.51695251464844,45388000,0.0,0.0
2025-03-05 00:00:00-05:00,170.11790989089675,173.37021717369865,168.66134594316833,172.6120147705078,30954900,0.0,0.0
2025-03-06 00:00:00-05:00,170.12787268446783,174.39777881609385,170.0979446451701,171.94358825683594,28302000,0.0,0.0
2025-03-07 00:00:00-05:00,170.85613731453174,174.55739526661597,169.86848162814977,173.45001220703125,27385800,0.0,0.0
2025-03-10 00:00:00-04:00,168.05654311824674,168.25631348073628,163.49207685373173,165.66943359375,43604000,0.2,0.0
2025-03-11 00:00:00-04:00,164.71060268982163,166.5483741956788,161.17487454711969,163.84164428710938,39587400,0.0,0.0
2025-03-12 00:00:00-04:00,166.37858578107983,167.43730167009207,163.33227056435828,166.90794372558594,28372400,0.0,0.0
2025-03-13 00:00:00-04:00,165.8392348472833,165.92913761122173,161.91399391340872,162.56320190429688,31756200,0.0,0.0
2025-03-14 00:00:00-04:00,163.07258484755664,166.28869257421587,162.25356904272374,165.28990173339844,31995900,0.0,0.0
2025-03-17 00:00:00-04:00,164.83044981365524,166.0989184378049,163.47209367229158,164.09133911132812,31184300,0.0,0.0
2025-03-18 00:00:00-04:00,163.48207822407835,164.05139632119491,156.5305024761992,160.47572326660156,42074800,0.0,0.0
2025-03-19 00:00:00-04:00,161.56440408660148,165.6694351323274,160.8053285192439,163.69183349609375,34275600,0.0,0.0
2025-03-20 00:00:00-04:00,161.37464096618422,164.6906185813501,160.76537795311089,162.6031494140625,28138500,0.0,0.0
2025-03-21 00:00:00-04:00,161.01508017617863,164.04141524263727,160.69545978774022,163.79171752929688,36625800,0.0,0.0
2025-03-24 00:00:00-04:00,166.86800133324036,168.11648994593173,164.94032699026835,167.4772491455078,30879100,0.0,0.0
2025-03-25 00:00:00-04:00,168.775668441695,170.42368243836484,168.1164780833655,170.353759765625,24174400,0.0,0.0
2025-03-26 00:00:00-04:00,168.79565092149923,169.40491393976436,164.64067739498105,164.86041259765625,28901600,0.0,0.0
2025-03-27 00:00:00-04:00,164.43094810403895,165.21998619662182,161.8041232023028,162.04383850097656,24508300,0.0,0.0
2025-03-28 00:00:00-04:00,160.29595772818402,161.62435145983125,153.44425151462127,154.14340209960938,48669300,0.0,0.0
2025-03-31 00:00:00-04:00,152.9248693898488,155.3519238675497,150.47783482762614,154.45301818847656,54603500,0.0,0.0
2025-04-01 00:00:00-04:00,153.43424066067087,157.9088345005831,153.43424066067087,156.8800811767578,30672900,0.0,0.0
2025-04-02 00:00:00-04:00,154.9623987635517,158.21846678254826,154.51294591611935,156.85011291503906,25041700,0.0,0.0
2025-04-03 00:00:00-04:00,150.92729334389097,152.59527231622977,150.20816267744866,150.5377655029297,46883400,0.0,0.0
2025-04-04 00:00:00-04:00,147.83102450056057,150.8873372265073,145.20421499461688,145.4239501953125,62259500,0.0,0.0
2025-04-07 00:00:00-04:00,141.37884623013926,152.66518575265,140.3600753076292,146.5725555419922,76794100,0.0,0.0
2025-04-08 00:00:00-04:00,151.0371605852081,152.05593156691467,142.85706070456766,144.52503967285156,52200200,0.0,0.0
2025-04-09 00:00:00-04:00,144.24536764564118,159.3570775505851,143.73598981661124,158.51809692382812,70406200,0.0,0.0
2025-04-10 00:00:00-04:00,156.35071129003578,157.5292924054746,149.74870323215254,152.63522338867188,48022000,0.0,0.0
2025-04-11 00:00:00-04:00,152.71511816628092,157.47935489094493,152.63522830805417,156.9499969482422,33636200,0.0,0.0
2025-04-14 00:00:00-04:00,159.80653847762434,161.52445998548595,157.3694863273863,158.87767028808594,30333000,0.0,0.0
2025-04-15 00:00:00-04:00,158.93759983361085,159.4569601254283,155.02234135810752,156.12100219726562,27551500,0.0,0.0
2025-04-16 00:00:00-04:00,152.91488990871326,155.70150975970526,151.326800825977,153.1446075439453,28187400,0.0,0.0
2025-04-17 00:00:00-04:00,154.10343899442373,154.49296683009544,148.32044647401452,150.97723388671875,32938500,0.0,0.0
2025-04-21 00:00:00-04:00,148.69998342759925,148.76989086061988,145.9233461435289,147.49143981933594,26049100,0.0,0.0
2025-04-22 00:00:00-04:00,148.70996777577147,152.0059806006662,148.360384885124,151.28684997558594,26971800,0.0,0.0
2025-04-23 00:00:00-04:00,155.42185055428513,157.3395272287139,153.62402390940207,155.16217041015625,31128800,0.0,0.0
2025-04-24 00:00:00-04:00,155.96118216578617,159.39702506290834,155.60161685700967,159.08740234375,45894000,0.0,0.0
2025-04-25 00:00:00-04:00,164.8704156189098,165.89916899199292,160.84527440652565,161.76417541503906,56034000,0.0,0.0
2025-04-28 00:00:00-04:00,162.2335934576757,162.9527241022343,158.40823784275827,160.41580200195312,29745800,0.0,0.0
2025-04-29 00:00:00-04:00,160.12616457196697,160.54565492156792,157.32954700095436,159.9663543701172,26809000,0.0,0.0
2025-04-30 00:00:00-04:00,157.78897065630795,159.07741935833297,155.2120884925965,158.6079864501953,34981100,0.0,0.0
2025-05-01 00:00:00-04:00,160.255986901565,161.7541731584952,158.7178557168657,161.10496520996094,30203200,0.0,0.0
2025-05-02 00:00:00-04:00,163.21241957712974,164.77053089446972,161.6742731041275,163.8316650390625,25715000,0.0,0.0
2025-05-05 00:00:00-04:00,162.80291566353057,165.19002528971967,162.52325543253818,164.01145935058594,21341800,0.0,0.0
2025-05-06 00:00:00-04:00,161.97390744721895,164.60073221310822,160.99509669884785,163.03262329101562,21277200,0.0,0.0
2025-05-07 00:00:00-04:00,163.88160091924024,164.8004866523399,147.6612323828153,151.19696044921875,127490100,0.0,0.0
2025-05-08 00:00:00-04:00,154.81259075606965,155.74145898524296,152.715123752916,154.0934600830078,57498700,0.0,0.0
2025-05-09 00:00:00-04:00,153.98358884442797,154.86252969975314,152.01596958260927,152.5653076171875,32435300,0.0,0.0
2025-05-12 00:00:00-04:00,157.2995737723926,158.90762762310243,156.06106765297667,158.26840209960938,44138800,0.0,0.0
2025-05-13 00:00:00-04:00,158.59798647987657,160.37584814800852,155.97117700529293,159.33709716796875,42382100,0.0,0.0
2025-05-14 00:00:00-04:00,159.7665968345665,166.7980779664445,159.4170139283214,165.1700439453125,48755900,0.0,0.0
2025-05-15 00:00:00-04:00,165.63946564247587,166.00902860866202,162.1736602838883,163.76174926757812,33146700,0.0,0.0
2025-05-16 00:00:00-04:00,167.52719070383273,169.14524229932235,165.4197413290067,165.9890594482422,42846900,0.0,0.0
2025-05-19 00:00:00-04:00,164.311078821177,166.43850822896752,164.02143617765117,166.338623046875,30426100,0.0,0.0
2025-05-20 00:00:00-04:00,166.22875761227516,168.2962620339302,162.7030270512069,163.78172302246094,46607700,0.0,0.0
2025-05-21 00:00:00-04:00,163.49207927319333,172.93064990762463,163.36223158372133,168.35618591308594,73416000,0.0,0.0
2025-05-22 00:00:00-04:00,171.6422171391164,176.55626639163424,170.50359615670786,170.66339111328125,74864400,0.0,0.0
2025-05-23 00:00:00-04:00,168.85557933287677,169.7545002456487,167.68699586257836,168.26629638671875,35211400,0.0,0.0
2025-05-27 00:00:00-04:00,169.9542560308247,172.9606110264557,169.79444583588602,172.69093322753906,37995700,0.0,0.0
2025-05-28 00:00:00-04:00,172.95063181853965,175.0580811773991,171.70214322301487,172.15159606933594,34784000,0.0,0.0
2025-05-29 00:00:00-04:00,173.78960291012612,174.20909322624098,170.42368271917738,171.65219116210938,29373800,0.0,0.0
2025-05-30 00:00:00-04:00,171.14282080509608,172.0017815585655,167.23754486546525,171.5323486328125,52639900,0.0,0.0
2025-06-02 00:00:00-04:00,167.637058963566,169.66460324672883,167.18760611208933,168.82562255859375,38612300,0.0,0.0
2025-06-03 00:00:00-04:00,167.28749382619188,168.276287066322,165.08015922486254,165.97906494140625,45084900,0.0,0.0
2025-06-04 00:00:00-04:00,166.53838821108508,168.01659436979696,166.15884281939123,167.8468017578125,26900800,0.0,0.0
2025-06-05 00:00:00-04:00,170.1340365467451,170.72331951416996,167.3873615992156,168.00662231445312,36379100,0.0,0.0
2025-06-06 00:00:00-04:00,170.6234412090639,174.2890017669552,170.6234412090639,173.46998596191406,35731800,0.0,0.0
2025-06-09 00:00:00-04:00,174.5399932861328,176.47000122070312,174.3699951171875,176.08999633789062,28935900,0.21,0.0
2025-06-10 00:00:00-04:00,176.1999969482422,181.11000061035156,174.91000366210938,178.60000610351562,61766100,0.0,0.0
2025-06-11 00:00:00-04:00,179.77000427246094,180.3699951171875,176.75,177.35000610351562,31646800,0.0,0.0
2025-06-12 00:00:00-04:00,176.17999267578125,176.72000122070312,174.75,175.6999969482422,20941900,0.0,0.0
2025-06-13 00:00:00-04:00,172.44000244140625,177.1300048828125,172.38999938964844,174.6699981689453,27663100,0.0,0.0
2025-06-16 00:00:00-04:00,174.72999572753906,176.94000244140625,174.64999389648438,176.77000427246094,27389200,0.0,0.0
2025-06-17 00:00:00-04:00,175.6999969482422,177.36000061035156,174.5800018310547,175.9499969482422,24973000,0.0,0.0
2025-06-18 00:00:00-04:00,176.00999450683594,176.55999755859375,173.1999969482422,173.32000732421875,28707500,0.0,0.0
2025-06-20 00:00:00-04:00,173.9499969482422,174.33999633789062,165.4600067138672,166.63999938964844,75659900,0.0,0.0
2025-06-23 00:00:00-04:00,166.27000427246094,167.33999633789062,162.0,165.19000244140625,57671000,0.0,0.0
2025-06-24 00:00:00-04:00,166.9199981689453,168.22000122070312,166.1300048828125,166.77000427246094,40524300,0.0,0.0
2025-06-25 00:00:00-04:00,167.6300048828125,172.36000061035156,167.5500030517578,170.67999267578125,35479000,0.0,0.0
2025-06-26 00:00:00-04:00,172.42999267578125,173.69000244140625,169.94000244140625,173.5399932861328,31796700,0.0,0.0
2025-06-27 00:00:00-04:00,173.5399932861328,178.67999267578125,171.72999572753906,178.52999877929688,108140200,0.0,0.0
2025-06-30 00:00:00-04:00,180.77999877929688,181.22999572753906,174.5800018310547,176.22999572753906,63378900,0.0,0.0
2025-07-01 00:00:00-04:00,175.74000549316406,176.08999633789062,173.52999877929688,175.83999633789062,35904500,0.0,0.0
2025-07-02 00:00:00-04:00,175.5399932861328,178.86000061035156,175.07000732421875,178.63999938964844,29128900,0.0,0.0
2025-07-03 00:00:00-04:00,178.5,179.6699981689453,177.0500030517578,179.52999877929688,21689700,0.0,0.0
2025-07-07 00:00:00-04:00,179.05999755859375,179.3000030517578,175.67999267578125,176.7899932861328,34175600,0.0,0.0
2025-07-08 00:00:00-04:00,177.85000610351562,177.9499969482422,172.80999755859375,174.36000061035156,40442500,0.0,0.0
2025-07-09 00:00:00-04:00,175.25,179.44000244140625,172.77000427246094,176.6199951171875,43025600,0.0,0.0
2025-07-10 00:00:00-04:00,175.6300048828125,178.42999267578125,174.3800048828125,177.6199951171875,29252400,0.0,0.0
2025-07-11 00:00:00-04:00,176.7899932861328,181.42999267578125,176.47999572753906,180.19000244140625,34248700,0.0,0.0
