Date,Open,High,Low,Close,Volume,Dividends,Stock Splits
2022-01-03 00:00:00-05:00,325.62065382806765,328.1937646958434,320.2122465111482,325.0380554199219,28865100,0.0,0.0
2022-01-04 00:00:00-05:00,325.1157552681164,325.4750455603239,316.6584618241034,319.4646301269531,32674300,0.0,0.0
2022-01-05 00:00:00-05:00,316.405930069771,316.6098587525815,306.81259974808444,307.20098876953125,40054300,0.0,0.0
2022-01-06 00:00:00-05:00,304.0647280316112,309.45372640637964,302.45288523458527,304.7735595703125,39646100,0.0,0.0
2022-01-07 00:00:00-05:00,305.035749490981,307.3175762839826,301.0935421942167,304.928955078125,32720000,0.0,0.0
2022-01-10 00:00:00-05:00,300.5109027560878,305.5891778942772,295.8501747506654,305.1522216796875,44289500,0.0,0.0
2022-01-11 00:00:00-05:00,304.28802804449435,307.4242982983215,300.89929159109613,305.84161376953125,29386800,0.0,0.0
2022-01-12 00:00:00-05:00,310.3956001101081,314.0270840292815,307.88071630388504,309.03619384765625,34372200,0.0,0.0
2022-01-13 00:00:00-05:00,311.17232488368956,311.5704332628309,295.1801616510571,295.9569396972656,45366000,0.0,0.0
2022-01-14 00:00:00-05:00,295.42293023044414,301.8023248577446,294.93743650779754,301.2003173828125,39846400,0.0,0.0
2022-01-18 00:00:00-05:00,295.2481388440062,300.8118775497677,292.98572166151314,293.86932373046875,42333200,0.0,0.0
2022-01-19 00:00:00-05:00,297.40383860486526,304.80276032865214,293.91799622777216,294.5296936035156,45933900,0.0,0.0
2022-01-20 00:00:00-05:00,300.10310048812516,302.6082350893692,292.4031770647772,292.8498229980469,35380700,0.0,0.0
2022-01-21 00:00:00-05:00,293.9081860566442,295.28697160618094,287.033578493321,287.44140625,57984400,0.0,0.0
2022-01-24 00:00:00-05:00,283.72254434338123,288.4900666398452,268.0410733422131,287.77154541015625,85731500,0.0,0.0
2022-01-25 00:00:00-05:00,283.06223836449163,286.43156585377636,276.89649203266447,280.1201477050781,72848600,0.0,0.0
2022-01-26 00:00:00-05:00,299.054453748856,299.549666894418,284.52848792353353,288.1017150878906,90428900,0.0,0.0
2022-01-27 00:00:00-05:00,293.8790608207995,298.38442711334307,289.28627958272745,291.140869140625,53481300,0.0,0.0
2022-01-28 00:00:00-05:00,291.5195616158824,299.53020777157457,285.90725555512125,299.31658935546875,49743700,0.0,0.0
2022-01-31 00:00:00-05:00,299.98659920210355,303.31707920676604,297.4814348645573,301.95770263671875,46444500,0.0,0.0
2022-02-01 00:00:00-05:00,301.40421686637296,301.61783528992044,296.27740433341836,299.8020935058594,40950400,0.0,0.0
2022-02-02 00:00:00-05:00,300.6468838460328,305.9775960841271,299.9186431738477,304.3657531738281,36636000,0.0,0.0
2022-02-03 00:00:00-05:00,300.5109693301416,302.20050805295466,291.25745787178147,292.5100402832031,43730000,0.0,0.0
2022-02-04 00:00:00-05:00,291.50016498006676,299.84094450421514,291.2671374496543,297.0639343261719,35096500,0.0,0.0
2022-02-07 00:00:00-05:00,297.2872136622015,298.9087459627219,291.1991039378543,292.2186584472656,28533300,0.0,0.0
2022-02-08 00:00:00-05:00,292.5099718712418,296.694925446775,291.2477000280742,295.72393798828125,32421200,0.0,0.0
2022-02-09 00:00:00-05:00,300.8799712711551,302.8802036783423,298.4719406003948,302.18109130859375,31284700,0.0,0.0
2022-02-10 00:00:00-05:00,295.2190510757167,300.151654592336,291.9759563455613,293.6072082519531,45386200,0.0,0.0
2022-02-11 00:00:00-05:00,294.3937058633088,295.4617980519647,285.6839467033855,286.48016357421875,39175600,0.0,0.0
2022-02-14 00:00:00-05:00,285.24701978585097,288.1502928923247,282.8972463615049,286.44134521484375,36359500,0.0,0.0
2022-02-15 00:00:00-05:00,291.30594807378594,292.0730068075683,288.40267551101897,291.7525939941406,27058300,0.0,0.0
2022-02-16 00:00:00-05:00,290.31252866350303,292.7450162914017,285.74917949808884,291.4120178222656,29982100,0.62,0.0
2022-02-17 00:00:00-05:00,288.3569065212068,288.7850268786672,282.1686699435824,282.87896728515625,32461600,0.0,0.0
2022-02-18 00:00:00-05:00,285.1362102831308,285.9243339610583,278.5782326246137,280.15447998046875,34264000,0.0,0.0
2022-02-22 00:00:00-05:00,277.30364703724825,283.667044304482,276.8171494108671,279.9501953125,41736100,0.0,0.0
2022-02-23 00:00:00-05:00,282.34370941320185,283.8226809607446,272.53593192514944,272.7013244628906,37811200,0.0,0.0
2022-02-24 00:00:00-05:00,265.15089503690007,287.18922735136584,264.18760972965123,286.6346130371094,56989700,0.0,0.0
2022-02-25 00:00:00-05:00,287.16980609363816,289.59255454281833,283.77403278992335,289.28118896484375,32546700,0.0,0.0
2022-02-28 00:00:00-05:00,286.3622231310244,291.0618067098429,285.08760175802655,290.72125244140625,34627500,0.0,0.0
2022-03-01 00:00:00-05:00,288.39581076836447,291.8694112336757,284.2605806030305,286.9849853515625,31217800,0.0,0.0
2022-03-02 00:00:00-05:00,287.3838815829672,293.3288983898888,285.768735492575,292.0834655761719,31873000,0.0,0.0
2022-03-03 00:00:00-05:00,294.7104876867767,294.94399699904244,286.1091852345869,287.9287109375,27314500,0.0,0.0
2022-03-04 00:00:00-05:00,286.3427705257272,287.67576922113585,279.41504933646394,282.0323791503906,32356500,0.0,0.0
2022-03-07 00:00:00-05:00,280.73832248678326,281.86700055685185,271.0083698414943,271.37811279296875,43157200,0.0,0.0
2022-03-08 00:00:00-05:00,270.2981105697339,276.2917658042031,262.70875831793444,268.4007873535156,48159500,0.0,0.0
2022-03-09 00:00:00-05:00,275.78575326233744,281.7794070706236,273.1975825478418,280.7091064453125,35204500,0.0,0.0
2022-03-10 00:00:00-05:00,275.37705060400356,278.86038953970495,273.0029402871928,277.8776550292969,30628000,0.0,0.0
2022-03-11 00:00:00-05:00,280.1836916492418,281.6918520370042,271.88404371665825,272.50677490234375,27209300,0.0,0.0
2022-03-14 00:00:00-04:00,272.7694677796933,277.69282106161535,268.3715402141121,268.97479248046875,30660700,0.0,0.0
2022-03-15 00:00:00-04:00,272.77924308637034,280.04751929281093,271.2029954236296,279.3955993652344,34245100,0.0,0.0
2022-03-16 00:00:00-04:00,281.3026504232545,286.6152260176592,275.5522744635128,286.4400939941406,37826300,0.0,0.0
2022-03-17 00:00:00-04:00,285.3697158614523,287.6270417260488,281.5555623429075,287.2475891113281,30816600,0.0,0.0
2022-03-18 00:00:00-04:00,287.39354197417003,292.8715088338756,284.8248504934316,292.31689453125,43390600,0.0,0.0
2022-03-21 00:00:00-04:00,290.81863125756865,292.0348755991521,286.93635912767775,291.0813293457031,28351200,0.0,0.0
2022-03-22 00:00:00-04:00,291.70393856622957,296.7635253012063,290.70175473409813,295.8489074707031,27599700,0.0,0.0
2022-03-23 00:00:00-04:00,292.39478730715103,295.04133535066865,289.6801224754743,291.4023132324219,25715400,0.0,0.0
2022-03-24 00:00:00-04:00,291.0617999957818,295.9851533596219,290.2639368009253,295.8878479003906,24484500,0.0,0.0
2022-03-25 00:00:00-04:00,296.9873474480325,297.25004547288074,291.2077533537051,295.47918701171875,22566500,0.0,0.0
2022-03-28 00:00:00-04:00,296.1115669753053,302.4068460615797,296.1115669753053,302.3095703125,29578200,0.0,0.0
2022-03-29 00:00:00-04:00,305.4329327088514,307.29135714004815,300.7041605046977,306.8924255371094,30393400,0.0,0.0
2022-03-30 00:00:00-04:00,305.2870015727423,307.4178635626859,303.1658493438242,305.38427734375,28163600,0.0,0.0
2022-03-31 00:00:00-04:00,305.42323229994923,306.6297667171032,299.5755504787147,299.98419189453125,33422100,0.0,0.0
2022-04-01 00:00:00-04:00,301.01554140488423,301.7550273107037,297.2889825923941,301.064208984375,27110500,0.0,0.0
2022-04-04 00:00:00-04:00,301.7160731825303,306.6004983188192,301.3463302614867,306.46429443359375,24289600,0.0,0.0
2022-04-05 00:00:00-04:00,304.8102149635358,306.3670133210519,301.5020370122259,302.4847717285156,23156700,0.0,0.0
2022-04-06 00:00:00-04:00,296.9483620388393,298.70948070596177,288.69735331536396,291.4120178222656,40110400,0.0,0.0
2022-04-07 00:00:00-04:00,288.64873812822793,295.4499645685102,288.3471120141366,293.2315368652344,31411200,0.0,0.0
2022-04-08 00:00:00-04:00,292.32667286424794,292.9883024570714,288.2790093714856,288.95037841796875,24361900,0.0,0.0
2022-04-11 00:00:00-04:00,283.9102673434165,284.7081008112232,277.303621862764,277.5566101074219,34569300,0.0,0.0
2022-04-12 00:00:00-04:00,281.42918467865366,282.8886778029478,272.9154747869377,274.4430847167969,30966700,0.0,0.0
2022-04-13 00:00:00-04:00,275.0949136683169,280.7869112145309,273.70350811660876,279.85284423828125,21907200,0.0,0.0
2022-04-14 00:00:00-04:00,280.31020485779595,280.5242650057642,271.7770469964598,272.27325439453125,28221600,0.0,0.0
2022-04-18 00:00:00-04:00,271.3781025319031,274.8322237129934,270.823488125662,272.9446105957031,20778000,0.0,0.0
2022-04-19 00:00:00-04:00,271.8354349204637,278.4420814007539,270.89162828042225,277.5955505371094,22297700,0.0,0.0
2022-04-20 00:00:00-04:00,281.58474413814736,281.8766604511875,277.6635755165915,278.6268310546875,22906700,0.0,0.0
2022-04-21 00:00:00-04:00,280.78696939941466,285.37950838337116,272.4970601687683,273.226806640625,29454600,0.0,0.0
2022-04-22 00:00:00-04:00,274.0733531537203,275.55232525192093,265.9975027394091,266.62994384765625,29405800,0.0,0.0
2022-04-25 00:00:00-04:00,265.9098737843962,273.5186738891718,263.4579068096184,273.13922119140625,35678900,0.0,0.0
2022-04-26 00:00:00-04:00,270.006226446482,270.842988246751,262.7087608668474,262.9228210449219,46518400,0.0,0.0
2022-04-27 00:00:00-04:00,274.4819663779026,283.11242950747317,271.6213579631091,275.57171630859375,63477700,0.0,0.0
2022-04-28 00:00:00-04:00,277.48849285173316,283.1221431584585,273.85921020488007,281.80859375,33646600,0.0,0.0
2022-04-29 00:00:00-04:00,280.8161486717777,282.0518716599104,269.0331902867621,270.025634765625,37073900,0.0,0.0
2022-05-02 00:00:00-04:00,270.21050638231907,277.2452728288892,268.7607529412359,276.7879638671875,35151100,0.0,0.0
2022-05-03 00:00:00-04:00,276.29168497171645,276.45710720664414,272.58457595326684,274.1705627441406,25978600,0.0,0.0
2022-05-04 00:00:00-04:00,274.9587208572136,283.0248596977465,269.2569830130294,282.149169921875,33599300,0.0,0.0
2022-05-05 00:00:00-04:00,277.8290626983947,278.6171864490343,266.93150438582455,269.8602294921875,43260400,0.0,0.0
2022-05-06 00:00:00-04:00,267.3888006696829,271.70890160605785,263.9443894488529,267.31097412109375,37780300,0.0,0.0
2022-05-09 00:00:00-04:00,262.76711416308353,265.0049915252708,256.20913519772483,257.4350891113281,47726000,0.0,0.0
2022-05-10 00:00:00-04:00,264.353091051066,266.3574589603686,257.91186702277696,262.22222900390625,39336400,0.0,0.0
2022-05-11 00:00:00-04:00,258.50537114514697,264.0319770440954,252.29765669315228,253.51390075683594,48975900,0.0,0.0
2022-05-12 00:00:00-04:00,250.7311356508223,252.86199751589103,243.2682642428535,248.45433044433594,51033800,0.0,0.0
2022-05-13 00:00:00-04:00,250.40034564134663,255.9366912571891,248.45435504719347,254.0685272216797,34925100,0.0,0.0
2022-05-16 00:00:00-04:00,252.93982674153148,258.64159411868263,248.8727138859147,254.43824768066406,32550900,0.0,0.0
2022-05-17 00:00:00-04:00,258.9237455156358,261.083796106576,255.37231887699087,259.6145935058594,28828800,0.0,0.0
2022-05-18 00:00:00-04:00,256.4937482385101,257.07891103112115,246.5168282817784,247.79441833496094,31356000,0.62,0.0
2022-05-19 00:00:00-04:00,247.61884829047722,251.29560259060267,245.64883109808304,246.87765502929688,32692300,0.0,0.0
2022-05-20 00:00:00-04:00,250.87624337504786,252.14410110498955,240.34343172500954,246.31202697753906,39199300,0.0,0.0
2022-05-23 00:00:00-04:00,249.16958121795471,255.03089783384317,247.16052990489024,254.20191955566406,33175400,0.0,0.0
2022-05-24 00:00:00-04:00,251.5101740219883,254.86504582023227,247.22876223606562,253.19735717773438,29043900,0.0,0.0
2022-05-25 00:00:00-04:00,251.7539844462051,258.0346402901023,250.76896093804433,256.0256042480469,28547900,0.0,0.0
2022-05-26 00:00:00-04:00,255.78175734933586,260.5020182283092,254.96254147076476,259.32196044921875,25002100,0.0,0.0
2022-05-27 00:00:00-04:00,261.8381538375639,266.5779092758022,260.94090038268376,266.4803771972656,26910800,0.0,0.0
2022-05-31 00:00:00-04:00,265.7880549193193,267.9726314800631,262.2771070448213,265.1443786621094,37827700,0.0,0.0
2022-06-01 00:00:00-04:00,268.3919197845776,270.82031088052713,263.35956794032285,265.6806945800781,25292200,0.0,0.0
2022-06-02 00:00:00-04:00,257.9078889871532,267.8555374038793,255.12838804622388,267.7872619628906,44008200,0.0,0.0
2022-06-03 00:00:00-04:00,263.62286094596334,266.6851954970703,261.76987055975866,263.34002685546875,28059000,0.0,0.0
2022-06-06 00:00:00-04:00,265.32958342703967,267.39713259398246,260.6093223682843,262.1014709472656,22400300,0.0,0.0
2022-06-07 00:00:00-04:00,260.04368072276543,266.37311687520065,259.3609859250349,265.7586975097656,22860700,0.0,0.0
2022-06-08 00:00:00-04:00,264.9882869966263,266.2463826327096,262.94023194692795,263.720458984375,17372300,0.0,0.0
2022-06-09 00:00:00-04:00,261.155493463589,265.96352496663144,258.08342604184816,258.2394714355469,26439700,0.0,0.0
2022-06-10 00:00:00-04:00,254.1335840539714,254.1335840539714,246.28274225937133,246.7313690185547,31422800,0.0,0.0
2022-06-13 00:00:00-04:00,239.04633149317976,242.85960728455794,235.55489376186938,236.26683044433594,46135800,0.0,0.0
2022-06-14 00:00:00-04:00,237.8272614233036,239.6607577393155,235.53539102828876,238.44168090820312,28651500,0.0,0.0
2022-06-15 00:00:00-04:00,242.16715053653422,248.98423293014517,240.3239071262525,245.53179931640625,33111700,0.0,0.0
2022-06-16 00:00:00-04:00,239.89476806760752,241.29914670692006,237.00800298129295,238.90975952148438,33169200,0.0,0.0
2022-06-17 00:00:00-04:00,238.64649523476584,244.30301512816706,237.99307179043973,241.5235137939453,43084800,0.0,0.0
2022-06-21 00:00:00-04:00,244.06892429949633,248.4478535525514,243.33747821445448,247.4628448486328,29928300,0.0,0.0
2022-06-22 00:00:00-04:00,245.65859044340866,250.8079842631734,244.1761889667899,246.867919921875,25939900,0.0,0.0
2022-06-23 00:00:00-04:00,249.24757279779442,252.95355435633138,247.35556322748175,252.45616149902344,25861400,0.0,0.0
2022-06-24 00:00:00-04:00,255.33321014512765,261.35058667708904,255.2454401819131,261.0775146484375,33923200,0.0,0.0
2022-06-27 00:00:00-04:00,261.57485083215533,261.6626207863299,256.76681929024653,258.3370056152344,24615100,0.0,0.0
2022-06-28 00:00:00-04:00,257.4495160699315,260.3070248398186,249.97901014588223,250.1350555419922,27295500,0.0,0.0
2022-06-29 00:00:00-04:00,251.21760245906665,255.48925252724635,249.4328721549821,253.82156372070312,20069800,0.0,0.0
2022-06-30 00:00:00-04:00,250.69096864286138,253.10962799291852,246.64363917708621,250.47640991210938,31730900,0.0,0.0
2022-07-01 00:00:00-04:00,250.04728397784783,253.34364250062603,248.31130499958638,253.15834045410156,22837700,0.0,0.0
2022-07-05 00:00:00-04:00,249.82300152961741,256.4742924252785,248.43813191819902,256.3475036621094,22941000,0.0,0.0
2022-07-06 00:00:00-04:00,257.2252241415935,261.36032343408743,255.90861514607,259.6243591308594,23824400,0.0,0.0
2022-07-07 00:00:00-04:00,258.56130604758283,262.4038384700445,258.4637739518754,261.7601623535156,20859900,0.0,0.0
2022-07-08 00:00:00-04:00,258.2394568827498,261.4675695162726,256.7765648822066,261.0384521484375,19658800,0.0,0.0
2022-07-11 00:00:00-04:00,259.07812135784263,259.936355941178,255.6939639400958,257.9663391113281,19455200,0.0,0.0
2022-07-12 00:00:00-04:00,259.3025102122522,259.36102351623987,245.80488089647312,247.39456176757812,35868500,0.0,0.0
2022-07-13 00:00:00-04:00,244.00063808539196,247.2775167971426,241.97209270370755,246.46804809570312,29497400,0.0,0.0
2022-07-14 00:00:00-04:00,244.37125617771787,248.8281930381069,239.85579113302134,247.79441833496094,25102800,0.0,0.0
2022-07-15 00:00:00-04:00,249.39384869842797,253.92880829772642,248.46735333614538,250.36911010742188,29774100,0.0,0.0
2022-07-18 00:00:00-04:00,253.3241426511031,254.38717398041587,247.03370974632665,247.960205078125,20975000,0.0,0.0
2022-07-19 00:00:00-04:00,251.20780185384177,253.29487539912353,247.4042885956237,253.1095733642578,25012600,0.0,0.0
2022-07-20 00:00:00-04:00,253.47044965735498,258.317500345286,252.50495032778068,255.7818145751953,22788300,0.0,0.0
2022-07-21 00:00:00-04:00,253.3631801140603,258.3370194554005,250.67144899136898,258.2882385253906,22404700,0.0,0.0
2022-07-22 00:00:00-04:00,258.6783637633035,258.76613373120944,252.6610166723296,253.91908264160156,21881300,0.0,0.0
2022-07-25 00:00:00-04:00,254.54322547578266,255.03085617592782,250.45687782755678,252.42689514160156,21056000,0.0,0.0
2022-07-26 00:00:00-04:00,253.4314071898155,253.45093146543303,243.39598904764202,245.6683349609375,39348000,0.0,0.0
2022-07-27 00:00:00-04:00,254.69926761568703,263.3693258768842,252.44641619082233,262.09173583984375,45994000,0.0,0.0
2022-07-28 00:00:00-04:00,263.07677664337115,270.9666382175285,261.24328035182674,269.572021484375,33459300,0.0,0.0
2022-07-29 00:00:00-04:00,270.830117963255,275.0237303147809,269.78658106335865,273.7948913574219,32152800,0.0,0.0
2022-08-01 00:00:00-04:00,270.9471442318351,274.3215405283766,269.0161158388109,271.1324462890625,21539600,0.0,0.0
2022-08-02 00:00:00-04:00,269.1721636875698,271.01542213800866,265.64172195484593,268.0213623046875,22754200,0.0,0.0
2022-08-03 00:00:00-04:00,269.91332207440206,276.4865735945541,269.76700907193407,275.4820556640625,23518900,0.0,0.0
2022-08-04 00:00:00-04:00,274.82863410104625,276.7791567838432,273.2389831151626,276.63287353515625,18098700,0.0,0.0
2022-08-05 00:00:00-04:00,272.24420162439264,276.6328777271908,271.7858275964847,275.91119384765625,16774600,0.0,0.0
2022-08-08 00:00:00-04:00,277.02292857218094,278.8466919945029,272.409962200581,273.3852233886719,18739200,0.0,0.0
2022-08-09 00:00:00-04:00,272.72211501979655,276.0769868890981,270.74230578508485,275.3162841796875,23405200,0.0,0.0
2022-08-10 00:00:00-04:00,281.041062115649,282.6404751722234,279.8414800012585,282.0065612792969,24687800,0.0,0.0
2022-08-11 00:00:00-04:00,283.654824018225,284.0059038855235,279.4221925187229,279.9195556640625,20065900,0.0,0.0
2022-08-12 00:00:00-04:00,281.3434285473414,284.6885681152344,279.84151760890535,284.6885681152344,22619700,0.0,0.0
2022-08-15 00:00:00-04:00,283.80112463831415,286.9024493727757,282.9331275311968,286.21002197265625,18085700,0.0,0.0
2022-08-16 00:00:00-04:00,284.7665606164028,286.76586430152736,283.2354228704968,285.46875,18102900,0.0,0.0
2022-08-17 00:00:00-04:00,283.1720165832015,286.70019877418935,282.90814781798576,284.7162170410156,18253400,0.62,0.0
2022-08-18 00:00:00-04:00,283.6118210483233,285.29283236609757,282.52696760957303,283.59228515625,17186200,0.0,0.0
2022-08-19 00:00:00-04:00,282.3510526263538,282.6931246022663,279.0867691313895,279.66339111328125,20570000,0.0,0.0
2022-08-22 00:00:00-04:00,275.685659219277,276.057049965206,270.9358423970251,271.4538269042969,25061100,0.0,0.0
2022-08-23 00:00:00-04:00,270.1735534667969,272.5386792676636,269.1571202381185,270.1735534667969,17527400,0.0,0.0
2022-08-24 00:00:00-04:00,269.166908767681,270.94565949888363,268.8736913821474,269.5382995605469,18137000,0.0,0.0
2022-08-25 00:00:00-04:00,271.0433371485085,272.6950298023374,268.29703796509165,272.5289001464844,16583400,0.0,0.0
2022-08-26 00:00:00-04:00,272.7536818076415,273.98512913178996,261.905325226345,262.0128173828125,27549300,0.0,0.0
2022-08-29 00:00:00-04:00,259.823592141155,261.3384440760738,257.8689290892386,259.2176513671875,20338500,0.0,0.0
2022-08-30 00:00:00-04:00,260.6250193047335,260.99638024255165,254.7512471057002,257.0088806152344,22767100,0.0,0.0
2022-08-31 00:00:00-04:00,259.3740144434821,261.054995947574,255.40602121560974,255.54286193847656,24791800,0.0,0.0
2022-09-01 00:00:00-04:00,253.00178492097177,254.97601351687422,249.62022649219443,254.49710083007812,23263400,0.0,0.0
2022-09-02 00:00:00-04:00,255.7676569567466,258.73872314316543,248.70153970994355,250.2554931640625,22855400,0.0,0.0
2022-09-06 00:00:00-04:00,250.39234088968416,251.98536617249096,246.2288991777228,247.5092010498047,21328200,0.0,0.0
2022-09-07 00:00:00-04:00,248.92633346068814,252.9627024699416,247.4798869965814,252.23948669433594,24126700,0.0,0.0
2022-09-08 00:00:00-04:00,251.67264446903263,254.52643575066966,249.01428667930554,252.65972900390625,20319900,0.0,0.0
2022-09-09 00:00:00-04:00,254.5948032645478,259.2175910438313,254.38957204307812,258.46502685546875,22084700,0.0,0.0
2022-09-12 00:00:00-04:00,259.75513418244464,261.3872907179251,259.1491934961734,260.60540771484375,18747700,0.0,0.0
2022-09-13 00:00:00-04:00,252.97248284897586,254.49711760874706,245.8868294468606,246.27777099609375,33353300,0.0,0.0
2022-09-14 00:00:00-04:00,247.78283473838562,248.46696375261976,244.1960302017849,246.50253295898438,23913000,0.0,0.0
2022-09-15 00:00:00-04:00,244.1080964445823,245.7011366717456,238.4884402386865,239.81761169433594,31530900,0.0,0.0
2022-09-16 00:00:00-04:00,238.72299354259306,239.739426682432,236.57286716463537,239.19212341308594,39791800,0.0,0.0
2022-09-19 00:00:00-04:00,236.97356405032403,239.58303730028243,235.3902918321884,238.9770965576172,26826900,0.0,0.0
2022-09-20 00:00:00-04:00,236.58261896005214,237.9899636480547,234.20769590531634,236.95399475097656,26660300,0.0,0.0
2022-09-21 00:00:00-04:00,238.73276637917772,242.04591952184435,233.4844861559874,233.53335571289062,28625600,0.0,0.0
2022-09-22 00:00:00-04:00,232.47783250945622,238.33205339630862,232.18464499812544,235.517333984375,31061200,0.0,0.0
2022-09-23 00:00:00-04:00,234.10999046186149,235.66395894381048,229.86837515858966,232.52671813964844,34176000,0.0,0.0
2022-09-26 00:00:00-04:00,231.67639520974035,235.97664710494826,231.5297865622196,232.06732177734375,27694200,0.0,0.0
2022-09-27 00:00:00-04:00,234.54003037078772,236.31878101957915,229.1842574428307,231.05096435546875,27018700,0.0,0.0
2022-09-28 00:00:00-04:00,231.44187435188914,236.83674850593616,229.40902300524974,235.60531616210938,29029700,0.0,0.0
2022-09-29 00:00:00-04:00,233.47471635519574,234.51068533657707,229.09627550613527,232.11622619628906,27484200,0.0,0.0
2022-09-30 00:00:00-04:00,232.88829919380572,235.08729490470347,227.45433884538363,227.6204833984375,35694800,0.0,0.0
2022-10-03 00:00:00-04:00,230.0736124429844,236.13306477222778,229.34061381655428,235.2827911376953,28880400,0.0,0.0
2022-10-04 00:00:00-04:00,239.5341863194985,244.6847277702556,239.42667925234394,243.23828125,34888400,0.0,0.0
2022-10-05 00:00:00-04:00,240.41378432536368,244.8997323923168,238.56662836174206,243.55101013183594,20347100,0.0,0.0
2022-10-06 00:00:00-04:00,242.30977491236527,244.66514724389015,240.50172070989598,241.19561767578125,20239900,0.0,0.0
2022-10-07 00:00:00-04:00,235.43916198528814,235.84965435537447,227.8843933578398,228.93014526367188,37769600,0.0,0.0
2022-10-10 00:00:00-04:00,227.76710045738744,229.24286559802218,221.59035845242354,224.05323791503906,29743600,0.0,0.0
2022-10-11 00:00:00-04:00,222.46021800984508,223.8675779251505,219.0297894009609,220.30032348632812,30474000,0.0,0.0
2022-10-12 00:00:00-04:00,220.29049639676103,222.69473825484218,218.88315167691422,220.632568359375,21903900,0.0,0.0
2022-10-13 00:00:00-04:00,214.8663450017115,230.74798252431322,214.16266509998607,228.93014526367188,42551800,0.0,0.0
2022-10-14 00:00:00-04:00,230.20062941125624,231.86210470725837,223.16384637445358,223.3788604736328,30198600,0.0,0.0
2022-10-17 00:00:00-04:00,230.47434019820642,233.54316076081892,229.8097469695489,232.14556884765625,28142300,0.0,0.0
2022-10-18 00:00:00-04:00,237.7261080934971,238.40045426951124,230.03449941447604,233.0935516357422,26329600,0.0,0.0
2022-10-19 00:00:00-04:00,231.666657514543,234.17840668537156,228.97899582786735,231.11935424804688,19985700,0.0,0.0
2022-10-20 00:00:00-04:00,230.42545339204614,235.83986337471225,229.54584608873026,230.7968292236328,21811000,0.0,0.0
2022-10-21 00:00:00-04:00,229.41880384674636,237.49155674439498,229.18423891588736,236.63150024414062,26299700,0.0,0.0
2022-10-24 00:00:00-04:00,238.23432552805727,242.22183991219995,235.8300983443022,241.6452178955078,24911200,0.0,0.0
2022-10-25 00:00:00-04:00,241.65495433795323,245.34926580241154,240.25737760719755,244.97789001464844,34775500,0.0,0.0
2022-10-26 00:00:00-04:00,225.92973104246838,232.89810971731717,224.84489243304628,226.0763397216797,82543200,0.0,0.0
2022-10-27 00:00:00-04:00,225.80265446885284,228.39259179146362,220.6618963462355,221.6099090576172,40424600,0.0,0.0
2022-10-28 00:00:00-04:00,221.1115004518282,231.2366561449751,220.92580506688836,230.523193359375,40647700,0.0,0.0
2022-10-31 00:00:00-04:00,228.46102126722204,229.5947294617244,225.91018528603985,226.86798095703125,28357300,0.0,0.0
2022-11-01 00:00:00-04:00,229.28200711419916,230.39616457953284,222.17680196521403,222.9977569580078,30592300,0.0,0.0
2022-11-02 00:00:00-04:00,224.25847964845644,226.05676592589313,215.05200432482397,215.11065673828125,38407000,0.0,0.0
2022-11-03 00:00:00-04:00,215.100876903244,215.4136301278351,209.1293811013709,209.3932647705078,36633900,0.0,0.0
2022-11-04 00:00:00-04:00,212.61844991367641,216.56686222399412,208.59183438860106,216.37139892578125,36789100,0.0,0.0
2022-11-07 00:00:00-05:00,216.95782960870955,223.23229618089562,216.26391766746684,222.70452880859375,33498000,0.0,0.0
2022-11-08 00:00:00-05:00,223.51569443616765,226.3988191640624,220.72052595763344,223.6818389892578,28192500,0.0,0.0
2022-11-09 00:00:00-05:00,222.21588434511622,223.44733172324337,219.2448027996685,219.42071533203125,27852900,0.0,0.0
2022-11-10 00:00:00-05:00,230.09312964083236,237.81405682631365,229.6728842873468,237.47198486328125,46268000,0.0,0.0
2022-11-11 00:00:00-05:00,237.4817912465408,242.36844884310648,236.44580730923667,241.50839233398438,34620200,0.0,0.0
2022-11-14 00:00:00-05:00,236.50443005607974,238.38090454819653,233.78744996628518,236.07440185546875,31123300,0.0,0.0
2022-11-15 00:00:00-05:00,240.09126475202578,241.40088540956577,234.58888352299294,236.4849090576172,31390100,0.0,0.0
2022-11-16 00:00:00-05:00,237.9550109311779,238.94490710262616,235.63221250615155,236.91612243652344,24093300,0.68,0.0
2022-11-17 00:00:00-05:00,233.04479786716809,238.40586833296084,232.89779098068917,236.86712646484375,23123500,0.0,0.0
2022-11-18 00:00:00-05:00,238.66068011299015,238.8861106072978,234.26990005731673,236.41629028320312,27613500,0.0,0.0
2022-11-21 00:00:00-05:00,236.62208827098848,239.7975713884962,236.38687726926875,237.22975158691406,26394700,0.0,0.0
2022-11-22 00:00:00-05:00,238.73911037416417,240.42485924499852,235.9164732746815,240.1504364013672,19665700,0.0,0.0
2022-11-23 00:00:00-05:00,240.22882983405626,243.33570000991833,239.4055613553574,242.64964294433594,19508500,0.0,0.0
2022-11-25 00:00:00-05:00,242.385023917818,243.7473426215973,241.81657234254652,242.5614471435547,9200800,0.0,0.0
2022-11-28 00:00:00-05:00,241.17950375189517,241.7381448542194,236.00465217547287,236.94552612304688,24778200,0.0,0.0
2022-11-29 00:00:00-05:00,236.59269030692607,237.95500887957246,233.46622937626154,235.54400634765625,17956300,0.0,0.0
2022-11-30 00:00:00-05:00,235.7792545679253,250.2453159899474,235.08338705062414,250.05909729003906,47594200,0.0,0.0
2022-12-01 00:00:00-05:00,248.81437970870576,251.0195727804044,245.92312956124096,249.61805725097656,26041500,0.0,0.0
2022-12-02 00:00:00-05:00,244.8450244753859,250.96074986514174,244.71760854479217,249.94146728515625,21528500,0.0,0.0
2022-12-05 00:00:00-05:00,246.99140582736436,248.76537360672083,243.12007008463186,245.2174530029297,23435300,0.0,0.0
2022-12-06 00:00:00-05:00,245.82510213120872,246.84438467771187,238.92529043746708,240.2386016845703,22463700,0.0,0.0
2022-12-07 00:00:00-05:00,239.9544013330992,241.25791720433986,237.386581396251,239.50355529785156,20481500,0.0,0.0
2022-12-08 00:00:00-05:00,239.9642035711505,243.78654716232523,238.21965204435614,242.4732208251953,22611800,0.0,0.0
2022-12-09 00:00:00-05:00,239.8269756263799,243.36508571705198,239.29773591127204,240.5326385498047,20609700,0.0,0.0
2022-12-12 00:00:00-05:00,242.52221385109104,247.51084668836435,242.24779103974268,247.4814453125,30665100,0.0,0.0
2022-12-13 00:00:00-05:00,256.4786327288644,258.6642346372592,248.03029866504872,251.8036346435547,42196900,0.0,0.0
2022-12-14 00:00:00-05:00,252.00948262912812,257.3607430640229,249.24563331830728,252.09768676757812,35410900,0.0,0.0
2022-12-15 00:00:00-05:00,248.66737347549784,249.1378104779901,242.41442120789245,244.05116271972656,35560400,0.0,0.0
2022-12-16 00:00:00-05:00,243.60033153916896,244.86463565635628,238.66069067242736,239.81719970703125,86102000,0.0,0.0
2022-12-19 00:00:00-05:00,239.98380294125394,240.32683894372457,233.95628142011975,235.66162109375,29696400,0.0,0.0
2022-12-20 00:00:00-05:00,234.63254150690935,238.07265233823532,233.6720615817602,236.98475646972656,25150800,0.0,0.0
2022-12-21 00:00:00-05:00,236.87692208746932,240.7286518216814,235.32838484202188,239.56234741210938,23690600,0.0,0.0
2022-12-22 00:00:00-05:00,236.4555111114018,237.17098456253072,229.21267714564559,233.4466552734375,28651700,0.0,0.0
2022-12-23 00:00:00-05:00,231.40804078557704,234.11307199880326,229.2812565600642,233.97586059570312,21207000,0.0,0.0
2022-12-27 00:00:00-05:00,233.94644359993944,234.1718591139271,231.13360254673745,232.24110412597656,16688600,0.0,0.0
2022-12-28 00:00:00-05:00,232.17251532323996,234.94615982143847,229.5066808569475,229.85951232910156,17457100,0.0,0.0
2022-12-29 00:00:00-05:00,230.95720418697826,237.102346111506,230.95720418697826,236.21046447753906,19770700,0.0,0.0
2022-12-30 00:00:00-05:00,233.46625067853594,235.18140087026654,231.94711466058996,235.044189453125,21938500,0.0,0.0
2023-01-03 00:00:00-05:00,238.23924481140818,240.85607195731004,232.6723500003931,234.80894470214844,25740000,0.0,0.0
2023-01-04 00:00:00-05:00,227.65433977112923,228.23258683276063,221.46020498304858,224.5376739501953,50623400,0.0,0.0
2023-01-05 00:00:00-05:00,222.67546134815953,223.01849731480513,217.3437929078153,217.88284301757812,39585600,0.0,0.0
2023-01-06 00:00:00-05:00,218.55914037652232,221.26417188709627,214.9818330743018,220.45069885253906,43613600,0.0,0.0
2023-01-09 00:00:00-05:00,221.94040552762866,226.63502444247789,221.90120867948417,222.59706115722656,27369800,0.0,0.0
2023-01-10 00:00:00-05:00,223.22434339433113,226.70365108395583,222.80291366553493,224.2926483154297,27033900,0.0,0.0
2023-01-11 00:00:00-05:00,226.6840190600621,231.2512220935921,226.50761080924343,231.07481384277344,28669300,0.0,0.0
2023-01-12 00:00:00-05:00,230.57499017345114,235.1225878893982,228.9088472303744,233.76026916503906,27269500,0.0,0.0
2023-01-13 00:00:00-05:00,232.28030969416918,234.60310800553617,230.24172965416147,234.4658966064453,21333300,0.0,0.0
2023-01-17 00:00:00-05:00,233.2310201495425,236.11247480825548,232.36853985579916,235.56362915039062,29831300,0.0,0.0
2023-01-18 00:00:00-05:00,236.75933268112436,237.55319978230224,230.82981063027438,231.11402893066406,30028700,0.0,0.0
2023-01-19 00:00:00-05:00,229.12445928470314,230.82981397653035,226.08618729413027,227.31129455566406,28623000,0.0,0.0
2023-01-20 00:00:00-05:00,230.18294271909866,235.94585178667532,229.8399067203441,235.4362030029297,35389800,0.0,0.0
2023-01-23 00:00:00-05:00,236.2986837989115,240.28762508379944,234.87754747647304,237.74920654296875,31934000,0.0,0.0
2023-01-24 00:00:00-05:00,237.67081677077388,239.09193825120215,235.65184232831297,237.219970703125,40234400,0.0,0.0
2023-01-25 00:00:00-05:00,229.81049029542936,238.4548533307445,226.3017817017581,235.81842041015625,66526600,0.0,0.0
2023-01-26 00:00:00-05:00,238.7978700868853,243.3650729474837,237.1807346959268,243.06124877929688,33454500,0.0,0.0
2023-01-27 00:00:00-05:00,244.0315668744898,244.85483535106292,241.9145779733684,243.2180938720703,26498900,0.0,0.0
2023-01-30 00:00:00-05:00,239.64075980634883,240.7090646327135,237.37676413120786,237.87661743164062,25867400,0.0,0.0
2023-01-31 00:00:00-05:00,238.60188632556014,243.01227244971068,238.11184342287675,242.87506103515625,26541100,0.0,0.0
2023-02-01 00:00:00-05:00,243.0612674641444,250.09827601317127,240.58165169810152,247.7166748046875,31259900,0.0,0.0
2023-02-02 00:00:00-05:00,253.66579418989215,259.4188926025156,252.1270524252997,259.3306884765625,39940400,0.0,0.0
2023-02-03 00:00:00-05:00,254.37147415992763,258.9386775277901,251.98006244096368,253.20516967773438,29077300,0.0,0.0
2023-02-06 00:00:00-05:00,252.31328684712523,253.1561462653794,249.7062550702165,251.6566162109375,22518000,0.0,0.0
2023-02-07 00:00:00-05:00,255.3417486096492,263.4176459144894,254.90069804204686,262.23175048828125,50841400,0.0,0.0
2023-02-08 00:00:00-05:00,267.7594297078376,271.2485324657394,260.9086102109095,261.41827392578125,54686000,0.0,0.0
2023-02-09 00:00:00-05:00,268.3474748100803,268.5239129821001,257.5665312216428,258.3702087402344,42375100,0.0,0.0
2023-02-10 00:00:00-05:00,256.32182338936,258.8308405007959,255.46915357779656,257.8605651855469,25818500,0.0,0.0
2023-02-13 00:00:00-05:00,262.3101918765242,269.13158103404106,261.8299294701828,265.9169006347656,44630900,0.0,0.0
2023-02-14 00:00:00-05:00,267.23998181637864,269.49416696950243,263.9174769262478,266.74993896484375,37047900,0.0,0.0
2023-02-15 00:00:00-05:00,263.63528781822424,266.00321414410365,261.53263664657936,264.6178283691406,28922400,0.68,0.0
2023-02-16 00:00:00-05:00,259.41034406969123,262.08285555326694,257.3273629104609,257.572998046875,29603600,0.0,0.0
2023-02-17 00:00:00-05:00,254.86122390687038,255.54898434486645,251.53039683731646,253.55442810058594,30000100,0.0,0.0
2023-02-21 00:00:00-05:00,250.03692573640924,251.02930132977812,247.1973840242919,248.25852966308594,28397400,0.0,0.0
2023-02-22 00:00:00-05:00,249.65373089452532,249.89936603806962,245.96920374136064,247.1187744140625,22491100,0.0,0.0
2023-02-23 00:00:00-05:00,251.0980693615476,252.35572011024465,246.1067613934901,250.32186889648438,29219100,0.0,0.0
2023-02-24 00:00:00-05:00,245.59587517391404,246.6177108853171,243.76834890789732,244.86878967285156,24990900,0.0,0.0
2023-02-27 00:00:00-05:00,248.05222016040298,248.40593539561652,245.03581315561252,245.79237365722656,21190000,0.0,0.0
2023-02-28 00:00:00-05:00,244.72141211898165,247.09915874368357,244.38733689663675,245.06529235839844,22491000,0.0,0.0
2023-03-01 00:00:00-05:00,246.38187354348958,246.5489036451056,241.49864560005906,241.97027587890625,27565300,0.0,0.0
2023-03-02 00:00:00-05:00,242.24540131691637,247.01071449485826,241.32181070309053,246.7257843017578,24808200,0.0,0.0
2023-03-03 00:00:00-05:00,247.78689704415822,251.1570038437467,247.00086162680662,250.832763671875,30760100,0.0,0.0
2023-03-06 00:00:00-05:00,251.95290308432797,255.5784806456706,251.5107627702967,252.38522338867188,24109800,0.0,0.0
2023-03-07 00:00:00-05:00,251.82514859412282,253.1908944468832,248.96596678774188,249.7126922607422,21473200,0.0,0.0
2023-03-08 00:00:00-05:00,249.60461380322926,250.0958841157782,246.4310117820294,249.2705535888672,17340200,0.0,0.0
2023-03-09 00:00:00-05:00,251.35354977883682,255.02824211967837,247.18757213332034,247.91465759277344,26653400,0.0,0.0
2023-03-10 00:00:00-05:00,246.69631809078805,248.37645427390922,243.27708068958228,244.24978637695312,28333900,0.0,0.0
2023-03-13 00:00:00-04:00,243.08054062729633,253.4070520212103,241.43969960963778,249.48670959472656,33339700,0.0,0.0
2023-03-14 00:00:00-04:00,252.2673132455693,256.51189607276245,251.39285266205692,256.2367858886719,33620300,0.0,0.0
2023-03-15 00:00:00-04:00,255.4408794785609,261.82739246589193,254.68430413443372,260.8055419921875,46028000,0.0,0.0
2023-03-16 00:00:00-04:00,260.57957486476903,271.7314162751919,258.68327877053844,271.3777160644531,54768800,0.0,0.0
2023-03-17 00:00:00-04:00,273.4017443911038,278.38320221583945,271.4956133158903,274.5513000488281,69527400,0.0,0.0
2023-03-20 00:00:00-04:00,272.14408779839806,272.63535806521134,265.13856899607947,267.4770202636719,43466600,0.0,0.0
2023-03-21 00:00:00-04:00,270.0808008005152,270.19870089061436,264.81436689289745,269.0,34558700,0.0,0.0
2023-03-22 00:00:00-04:00,268.62658586472133,276.133210212867,267.42788516982534,267.5359802246094,34873300,0.0,0.0
2023-03-23 00:00:00-04:00,273.0873355091436,276.15285736950943,270.39518387262524,272.8122253417969,36610900,0.0,0.0
2023-03-24 00:00:00-04:00,272.3995704746585,275.73039779634655,270.4737991238302,275.67144775390625,28172000,0.0,0.0
2023-03-27 00:00:00-04:00,275.60262774915475,276.54585829331256,270.70956495396155,271.5545654296875,26840200,0.0,0.0
2023-03-28 00:00:00-04:00,270.9749030001552,271.31879823570057,267.30018046098104,270.4246826171875,21878600,0.0,0.0
2023-03-29 00:00:00-04:00,274.0895014430885,276.2314626149595,273.5491161384135,275.6124572753906,25087000,0.0,0.0
2023-03-30 00:00:00-04:00,279.2674867613138,279.49345187769654,276.5655004864353,279.0906066894531,25053400,0.0,0.0
2023-03-31 00:00:00-04:00,278.77626112609994,284.21951457614847,278.05899567842283,283.2664489746094,32766000,0.0,0.0
2023-04-03 00:00:00-04:00,281.5175539489557,283.23700019459676,278.99244710806266,282.2151794433594,24883300,0.0,0.0
2023-04-04 00:00:00-04:00,282.2151606481745,285.3789427288405,280.68239963863556,282.166015625,25824300,0.0,0.0
2023-04-05 00:00:00-04:00,280.8592256779027,282.1365164147506,277.98038902724386,279.3755798339844,22064800,0.0,0.0
2023-04-06 00:00:00-04:00,278.2653199230616,286.9804504038719,277.10592919060144,286.50885009765625,29770300,0.0,0.0
2023-04-10 00:00:00-04:00,284.1605222699036,284.54372744768915,279.7390901341014,284.33740234375,23103000,0.0,0.0
2023-04-11 00:00:00-04:00,280.76096892424965,280.98696405070535,276.72274155917825,277.8919372558594,27276600,0.0,0.0
2023-04-12 00:00:00-04:00,279.81775661090296,281.9989980260232,277.0371498147004,278.5404357910156,27403400,0.0,0.0
2023-04-13 00:00:00-04:00,278.6386328997121,284.8384605242106,278.22598271656614,284.7795104980469,24222700,0.0,0.0
2023-04-14 00:00:00-04:00,281.98913551237405,283.4433063088322,278.7369287176148,281.1441650390625,20987900,0.0,0.0
2023-04-17 00:00:00-04:00,284.8679353788313,286.50879106548535,281.16376880808764,283.7576599121094,23836200,0.0,0.0
2023-04-18 00:00:00-04:00,286.47937759362446,286.66606271139386,281.99899473668074,283.3352355957031,20161800,0.0,0.0
2023-04-19 00:00:00-04:00,280.99677740499226,284.00334925083666,279.5721115217609,283.4138488769531,17150300,0.0,0.0
2023-04-20 00:00:00-04:00,280.269714510074,283.98371688946736,280.10266940979704,281.11468505859375,23244400,0.0,0.0
2023-04-21 00:00:00-04:00,280.03393797172913,281.2719188794291,278.1179715890854,280.7708435058594,21676400,0.0,0.0
2023-04-24 00:00:00-04:00,277.16488406665934,279.974965874203,273.85372692501556,276.8504638671875,26611000,0.0,0.0
2023-04-25 00:00:00-04:00,274.6299462973571,276.6834526548498,270.56221361928937,270.6113586425781,45772200,0.0,0.0
2023-04-26 00:00:00-04:00,291.5198084868981,294.3396952159119,287.6191210991788,290.2130126953125,64599200,0.0,0.0
2023-04-27 00:00:00-04:00,290.80254754565533,299.8714082329825,290.09511710218845,299.5078430175781,46462600,0.0,0.0
2023-04-28 00:00:00-04:00,298.7021896959071,303.5362728554159,298.0143992536934,301.89544677734375,36446700,0.0,0.0
2023-05-01 00:00:00-04:00,301.6105141326076,303.2120602406596,299.822282896331,300.2251281738281,21294100,0.0,0.0
2023-05-02 00:00:00-04:00,302.38673543104494,303.78192643359597,298.6039477390434,300.0777587890625,26404400,0.0,0.0
2023-05-03 00:00:00-04:00,301.2666297741827,303.22187620540313,298.78080296018044,299.08538818359375,22360800,0.0,0.0
2023-05-04 00:00:00-04:00,300.8932543767775,302.38673543104494,298.10284238691287,300.0777587890625,22519900,0.0,0.0
2023-05-05 00:00:00-04:00,300.38230891776885,306.52318757549443,298.9576130752729,305.2262268066406,28181200,0.0,0.0
2023-05-08 00:00:00-04:00,304.71530974445443,304.7840947802389,300.7458374723301,303.2611389160156,21318600,0.0,0.0
2023-05-09 00:00:00-04:00,302.62252479578075,304.6269161479535,300.9620286732827,301.6399841308594,21340800,0.0,0.0
2023-05-10 00:00:00-04:00,303.23169187465317,307.53522473722796,302.29829624410297,306.8572692871094,30078000,0.0,0.0
2023-05-11 00:00:00-04:00,304.68578214389635,305.6879625511585,300.9128306295086,304.6955871582031,31680200,0.0,0.0
2023-05-12 00:00:00-04:00,305.12799310648273,305.2262531704453,301.24697545043415,303.5755920410156,19758100,0.0,0.0
2023-05-15 00:00:00-04:00,303.7033066112777,304.48932710036144,302.2196607045156,304.0570068359375,16336500,0.0,0.0
2023-05-16 00:00:00-04:00,304.4205241349901,308.2327862505442,304.4205241349901,306.29718017578125,26730300,0.0,0.0
2023-05-17 00:00:00-04:00,307.5083603764243,309.61557800525054,305.9820752690315,309.1921691894531,24315000,0.68,0.0
2023-05-18 00:00:00-04:00,309.71407729634495,314.1550321133072,308.91648200354047,313.6429748535156,27276000,0.0,0.0
2023-05-19 00:00:00-04:00,311.8902515376422,313.8694852016011,311.5259215707128,313.46575927734375,27529500,0.0,0.0
2023-05-22 00:00:00-04:00,313.72178477500375,317.65068255774975,313.1408221240689,316.26226806640625,24115700,0.0,0.0
2023-05-23 00:00:00-04:00,315.12987593584427,317.7786905434151,310.4230658616671,310.43292236328125,30797200,0.0,0.0
2023-05-24 00:00:00-04:00,309.9110253250696,311.6539131682788,307.82346044326306,309.04449462890625,23384900,0.0,0.0
2023-05-25 00:00:00-04:00,318.29069949526894,321.89466299286516,315.10031838769214,320.9296875,43301700,0.0,0.0
2023-05-26 00:00:00-04:00,319.058786228864,328.29517001444793,318.9209454523759,327.7929992675781,36630600,0.0,0.0
2023-05-30 00:00:00-04:00,330.0971389039491,330.59930960813324,325.45923440138364,326.138671875,29503100,0.0,0.0
2023-05-31 00:00:00-04:00,327.2021566585661,330.79626374577583,322.3180799641337,323.36187744140625,45950600,0.0,0.0
2023-06-01 00:00:00-04:00,320.9394987276046,328.4231369444022,319.7480341193022,327.4876708984375,26773900,0.0,0.0
2023-06-02 00:00:00-04:00,329.13214056975426,332.3323782865881,327.45815805159447,330.2645263671875,25864000,0.0,0.0
2023-06-05 00:00:00-04:00,330.08728771023425,333.37614376930503,329.535864541666,330.7962646484375,21307100,0.0,0.0
2023-06-06 00:00:00-04:00,330.19553054555087,330.2349264935598,327.08394180982856,328.57080078125,20396200,0.0,0.0
2023-06-07 00:00:00-04:00,326.57192107899317,329.36843269361947,317.5620276985379,318.4285583496094,40717100,0.0,0.0
2023-06-08 00:00:00-04:00,318.97995875467535,321.63862942191327,318.3989962118977,320.2797546386719,23277700,0.0,0.0
2023-06-09 00:00:00-04:00,320.0138891984146,324.9373314399376,319.44278312053285,321.7863464355469,22514900,0.0,0.0
2023-06-12 00:00:00-04:00,323.54893969802896,327.01506251011267,320.18132179801705,326.7688903808594,24260300,0.0,0.0
2023-06-13 00:00:00-04:00,329.34877603115035,331.8203538740593,325.3312600240495,329.1715393066406,22951300,0.0,0.0
2023-06-14 00:00:00-04:00,329.22076952524964,333.84881777710495,327.7141972305495,332.1748352050781,26003800,0.0,0.0
2023-06-15 00:00:00-04:00,332.3126340962792,344.4833676385854,332.0369225611873,342.77001953125,38899100,0.0,0.0
2023-06-16 00:00:00-04:00,345.94077969470817,346.088476963345,336.71425302671787,337.0884094238281,46533600,0.0,0.0
2023-06-20 00:00:00-04:00,334.11461836641786,336.8421944144013,330.71743136867053,332.8739013671875,26375400,0.0,0.0
2023-06-21 00:00:00-04:00,331.21967006940366,332.55886207227235,326.9855214866997,328.45269775390625,25117800,0.0,0.0
2023-06-22 00:00:00-04:00,329.0041094190213,334.9122402862619,328.23605360829237,334.5085144042969,23556800,0.0,0.0
2023-06-23 00:00:00-04:00,329.2404218291187,332.78530632497916,328.34438176725655,329.89031982421875,23084700,0.0,0.0
2023-06-26 00:00:00-04:00,328.61023414140016,330.96362393512885,323.460302676421,323.5686340332031,21520600,0.0,0.0
2023-06-27 00:00:00-04:00,326.7787076649522,331.0030296985232,324.2579075361374,329.4472351074219,24354100,0.0,0.0
2023-06-28 00:00:00-04:00,329.53585987238114,332.80503293279156,328.6988686300646,330.7076416015625,20259500,0.0,0.0
2023-06-29 00:00:00-04:00,329.5851313382996,330.9636894453932,327.52713565515404,329.919921875,16997000,0.0,0.0
2023-06-30 00:00:00-04:00,332.57851653603007,337.482275725271,332.0369499207866,335.3258056640625,26823800,0.0,0.0
2023-07-03 00:00:00-04:00,333.99651867597373,335.68032771766394,331.41663942897316,332.81488037109375,12508700,0.0,0.0
2023-07-05 00:00:00-04:00,329.95929792812643,336.4188527119141,329.60482445782264,332.9724426269531,18172400,0.0,0.0
2023-07-06 00:00:00-04:00,332.13540234854474,337.7382820361676,330.3629751576873,336.04461669921875,28161200,0.0,0.0
2023-07-07 00:00:00-04:00,334.1245537972637,336.5567359201338,331.84006895912,332.05670166015625,21185300,0.0,0.0
2023-07-10 00:00:00-04:00,329.4767516660907,330.0971101793497,322.5740762190043,326.7491455078125,32791400,0.0,0.0
2023-07-11 00:00:00-04:00,325.9910104955654,327.76343798253686,321.99317712247336,327.3794250488281,26698200,0.0,0.0
2023-07-12 00:00:00-04:00,331.44616817134346,336.4188332721777,330.5304150423304,332.0369873046875,29995300,0.0,0.0
2023-07-13 00:00:00-04:00,334.36082027563174,338.47681093963564,333.8290800785116,337.4133605957031,20567200,0.0,0.0
2023-07-14 00:00:00-04:00,342.2678814702268,346.0490818076083,339.0381043039025,339.953857421875,28302200,0.0,0.0
2023-07-17 00:00:00-04:00,340.3871183937117,341.67705794335393,336.96042159632077,340.4363708496094,20363900,0.0,0.0
2023-07-18 00:00:00-04:00,340.5347789596811,361.16401313001876,336.93084583021295,353.9856262207031,64872700,0.0,0.0
2023-07-19 00:00:00-04:00,356.21107416498864,356.9101946041354,347.04362639492615,349.6431884765625,39732900,0.0,0.0
2023-07-20 00:00:00-04:00,348.15629286107804,352.488915911332,340.0818357740048,341.5588684082031,33778400,0.0,0.0
2023-07-21 00:00:00-04:00,343.80400747725736,344.9363933202969,334.6267028122205,338.5063781738281,69368900,0.0,0.0
2023-07-24 00:00:00-04:00,340.5545261109339,341.6081500253585,337.06872038252897,339.8258361816406,26678100,0.0,0.0
2023-07-25 00:00:00-04:00,341.79521773437693,346.50205770801625,339.78647478990905,345.6059875488281,41637700,0.0,0.0
2023-07-26 00:00:00-04:00,336.212087083463,339.3926421656176,328.00961399538977,332.5982666015625,58383700,0.0,0.0
2023-07-27 00:00:00-04:00,335.2667271305917,336.1036882550132,324.01171554866875,325.6561584472656,39635300,0.0,0.0
2023-07-28 00:00:00-04:00,328.5609781023416,334.80389869488613,328.0686339226428,333.1889953613281,28484900,0.0,0.0
2023-07-31 00:00:00-04:00,331.7612999388239,332.52935585315663,328.255780838449,330.776611328125,25446000,0.0,0.0
2023-08-01 00:00:00-04:00,330.0577083402896,333.3564205017468,328.5905322353185,331.1900939941406,18311900,0.0,0.0
2023-08-02 00:00:00-04:00,328.52161875649267,328.52161875649267,321.3629143538821,322.4854736328125,27761300,0.0,0.0
2023-08-03 00:00:00-04:00,321.00842722740435,324.82902313251566,320.9592048261729,321.6583251953125,18253700,0.0,0.0
2023-08-04 00:00:00-04:00,326.7984288690622,330.00852304114176,322.229459739469,322.7611999511719,23727700,0.0,0.0
2023-08-07 00:00:00-04:00,323.34216307349016,326.0401999902519,322.50517182513227,325.0555114746094,17741500,0.0,0.0
2023-08-08 00:00:00-04:00,321.9537483771396,323.71634923267544,318.05439027271234,321.05767822265625,22327600,0.0,0.0
2023-08-09 00:00:00-04:00,321.47127346666514,322.10145851514295,316.1342482811802,317.29620361328125,22373300,0.0,0.0
2023-08-10 00:00:00-04:00,321.0281269074305,323.2338495332389,316.2622382780474,317.9854431152344,20113700,0.0,0.0
2023-08-11 00:00:00-04:00,315.3563627423326,317.4734371020371,314.32242174086554,316.0948791503906,24342600,0.0,0.0
2023-08-14 00:00:00-04:00,316.4690422541551,319.0981436446772,315.1790727103108,319.0784606933594,18836100,0.0,0.0
2023-08-15 00:00:00-04:00,318.05438303591984,320.11237837893884,315.98653119187856,316.93182373046875,16966300,0.0,0.0
2023-08-16 00:00:00-04:00,316.5568737212436,320.129018488505,315.57010038655903,316.16217041015625,20698900,0.68,0.0
2023-08-17 00:00:00-04:00,316.3003145091052,317.6127097168365,312.02756935768224,312.688720703125,21257200,0.0,0.0
2023-08-18 00:00:00-04:00,310.33036777073653,314.1689308855228,307.42925146427314,312.2940673828125,24744800,0.0,0.0
2023-08-21 00:00:00-04:00,313.7248527414595,318.5008322758043,312.8466400945614,317.62261962890625,24040000,0.0,0.0
2023-08-22 00:00:00-04:00,321.19474589615413,321.76706122549984,317.2081728761711,318.1949462890625,16102000,0.0,0.0
2023-08-23 00:00:00-04:00,319.5369338888436,324.8457790055064,319.18167984531766,322.67486572265625,21166400,0.0,0.0
2023-08-24 00:00:00-04:00,328.44749892606876,328.57578427329713,315.7279766344483,315.73785400390625,23281400,0.0,0.0
2023-08-25 00:00:00-04:00,317.21800107114086,321.05653339298726,314.58330321702437,318.7080383300781,21684100,0.0,0.0
2023-08-28 00:00:00-04:00,321.3526159371164,321.83612524691614,317.46472649074093,319.4185485839844,14808500,0.0,0.0
2023-08-29 00:00:00-04:00,317.62256478776396,324.6286605824637,317.62256478776396,324.0661926269531,19284600,0.0,0.0
2023-08-30 00:00:00-04:00,324.32275414606715,325.447659911419,322.1321164830898,324.441162109375,15222100,0.0,0.0
2023-08-31 00:00:00-04:00,324.8457912046821,326.5331651614873,322.45778650386836,323.4248352050781,26411000,0.0,0.0
2023-09-01 00:00:00-04:00,326.92790131946913,327.59890002172364,322.4578189047863,324.3129577636719,14931200,0.0,0.0
2023-09-05 00:00:00-04:00,324.64840775182194,330.4210374382803,324.31290845170753,329.1382141113281,18553900,0.0,0.0
2023-09-06 00:00:00-04:00,328.97049848276976,330.03620043198475,325.81281177247035,328.47711181640625,17535800,0.0,0.0
2023-09-07 00:00:00-04:00,326.90816935169704,328.6744720623306,324.6780518228213,325.5464172363281,18381000,0.0,0.0
2023-09-08 00:00:00-04:00,325.72398875980934,331.7137098037089,325.1023167744585,329.84869384765625,19530100,0.0,0.0
2023-09-11 00:00:00-04:00,332.77946139821074,333.9438769304571,330.9934039017012,333.47021484375,16583300,0.0,0.0
2023-09-12 00:00:00-04:00,331.3782249333898,332.33539626234364,327.09563232037993,327.38177490234375,17565500,0.0,0.0
2023-09-13 00:00:00-04:00,326.92787783331875,332.39461065187623,326.789745222865,331.61505126953125,16544400,0.0,0.0
2023-09-14 00:00:00-04:00,334.6641226422745,336.3514963717111,332.11826105249173,334.2200927734375,20267000,0.0,0.0
2023-09-15 00:00:00-04:00,332.46368837349866,332.93732030579133,325.28982688834475,325.852294921875,37666900,0.0,0.0
2023-09-18 00:00:00-04:00,323.4642671224755,326.0298836572718,322.043311199017,324.7076110839844,16834200,0.0,0.0
2023-09-19 00:00:00-04:00,321.8558610357087,325.0332722714447,320.2178137413672,324.30303955078125,16505900,0.0,0.0
2023-09-20 00:00:00-04:00,325.1516397386993,325.2305683428645,316.2706811307051,316.5272216796875,21436500,0.0,0.0
2023-09-21 00:00:00-04:00,315.03726246226876,321.04670841856864,310.8335984468154,315.3036804199219,35529500,0.0,0.0
2023-09-22 00:00:00-04:00,317.0700071580314,317.1982925065449,311.96837589582117,312.8170166015625,21447900,0.0,0.0
2023-09-25 00:00:00-04:00,312.4025192483227,313.46825115268246,310.83355349672485,313.3399658203125,17836000,0.0,0.0
2023-09-26 00:00:00-04:00,310.9618559252266,311.7019358551928,305.9194290098136,308.01141357421875,26297600,0.0,0.0
2023-09-27 00:00:00-04:00,308.16929263193225,310.1428392517049,305.593828747816,308.65283203125,19410100,0.0,0.0
2023-09-28 00:00:00-04:00,306.8766039400304,311.3072363180732,305.3569948142918,309.4915771484375,19683600,0.0,0.0
2023-09-29 00:00:00-04:00,313.54724674421175,315.2444981907834,310.8138952768678,311.5736999511719,24140300,0.0,0.0
2023-10-02 00:00:00-04:00,312.0966322948684,317.63244570904936,311.0111757318988,317.5436096191406,20570000,0.0,0.0
2023-10-03 00:00:00-04:00,316.5864693213822,317.13909008245986,307.09371485170817,309.2449035644531,21033500,0.0,0.0
2023-10-04 00:00:00-04:00,309.87639563246836,315.80691237012786,309.8467936401809,314.7411804199219,20720100,0.0,0.0
2023-10-05 00:00:00-04:00,314.86947683543065,315.74771949407113,310.73489445489207,315.1358947753906,16965600,0.0,0.0
2023-10-06 00:00:00-04:00,312.3631227332735,324.8359535632735,312.11642937142005,322.9314880371094,25645500,0.0,0.0
2023-10-09 00:00:00-04:00,320.45463265375236,325.93121248263185,318.9053913285908,325.45758056640625,19891200,0.0,0.0
2023-10-10 00:00:00-04:00,326.5824626080448,326.72062531613193,323.3360003351507,324.0464782714844,20557100,0.0,0.0
2023-10-11 00:00:00-04:00,326.82914557885897,328.41786610195646,324.7865479262028,328.0231628417969,20063200,0.0,0.0
2023-10-12 00:00:00-04:00,326.19762310101714,329.2171466760317,324.3720866629903,326.7798156738281,19313100,0.0,0.0
2023-10-13 00:00:00-04:00,327.9837231000112,329.414526355163,322.0433284012077,323.3952331542969,21072400,0.0,0.0
2023-10-16 00:00:00-04:00,326.6712689412733,331.69397123136065,326.2272390517875,328.2402648925781,22158000,0.0,0.0
2023-10-17 00:00:00-04:00,325.23060698695457,329.04941482391666,323.07944842920335,327.6679382324219,18338500,0.0,0.0
2023-10-18 00:00:00-04:00,328.0922693438246,331.1512728246969,323.9576864994265,325.7437438964844,23153600,0.0,0.0
2023-10-19 00:00:00-04:00,327.75678334145226,332.4242324293237,326.53319394490927,326.9377746582031,25052100,0.0,0.0
2023-10-20 00:00:00-04:00,327.33243622169937,327.5298029248246,321.1453785484329,322.3492431640625,25012600,0.0,0.0
2023-10-23 00:00:00-04:00,321.1650893461635,328.329072743361,320.09938749138905,324.96417236328125,24374700,0.0,0.0
2023-10-24 00:00:00-04:00,326.91794660700197,327.45081256281486,323.266903863362,326.15814208984375,31153600,0.0,0.0
2023-10-25 00:00:00-04:00,340.45647121791694,341.6208864551759,333.1543557195266,336.1640319824219,55053800,0.0,0.0
2023-10-26 00:00:00-04:00,336.0358080707796,337.11138741830564,322.61568436698997,323.5531311035156,37828500,0.0,0.0
2023-10-27 00:00:00-04:00,326.0594874860953,332.26629984544655,324.05633893346254,325.44769287109375,29856500,0.0,0.0
2023-10-30 00:00:00-04:00,329.00013092872786,334.9602508419378,327.4410120549132,332.8485412597656,22828100,0.0,0.0
2023-10-31 00:00:00-04:00,334.368141661427,334.5161516349393,330.2631610837394,333.6379089355469,20265300,0.0,0.0
2023-11-01 00:00:00-04:00,335.29571010602456,342.82479524967096,335.15754738848574,341.4926452636719,28158800,0.0,0.0
2023-11-02 00:00:00-04:00,342.64712815086057,344.2160939793093,340.2097970582298,343.7128601074219,24348100,0.0,0.0
2023-11-03 00:00:00-04:00,345.00555147993623,349.7026019942071,342.7359548361638,348.13360595703125,23624000,0.0,0.0
2023-11-06 00:00:00-05:00,348.7750821295225,352.81098185902,348.67639876338166,351.8143310546875,23828300,0.0,0.0
2023-11-07 00:00:00-05:00,354.6462939673867,357.66581765167786,352.89971618574515,355.7613525390625,25833900,0.0,0.0
2023-11-08 00:00:00-05:00,356.89617290299117,359.057208917739,355.78111421518867,358.3960876464844,26767800,0.0,0.0
2023-11-09 00:00:00-05:00,357.50800229393934,359.9650886165862,355.59365942714123,355.9193115234375,24847300,0.0,0.0
2023-11-10 00:00:00-05:00,356.7086886877949,365.2048228913201,356.2942607445592,364.780517578125,28042100,0.0,0.0
2023-11-13 00:00:00-05:00,363.3496563645731,363.59634968321416,361.0603351402409,361.83001708984375,19986500,0.0,0.0
2023-11-14 00:00:00-05:00,366.1027913524832,367.03036071346725,362.491197266639,365.37255859375,27683900,0.0,0.0
2023-11-15 00:00:00-05:00,367.1128197102885,368.9420616823199,362.98960975360205,365.5209045410156,26860100,0.75,0.0
2023-11-16 00:00:00-05:00,366.79639155264005,372.12590947641365,366.02514736390873,371.94793701171875,27182300,0.0,0.0
2023-11-17 00:00:00-05:00,369.4165993883749,370.16807882984364,362.8808042910264,365.6988220214844,40157000,0.0,0.0
2023-11-20 00:00:00-05:00,367.0534253966456,374.617555709491,366.8358934711432,373.20361328125,52465100,0.0,0.0
2023-11-21 00:00:00-05:00,371.4535142101286,371.9973289708727,366.954565050594,368.8826904296875,28423100,0.0,0.0
2023-11-22 00:00:00-05:00,373.7573802099264,375.5272979461787,370.76138971842033,373.60906982421875,23345300,0.0,0.0
2023-11-24 00:00:00-05:00,373.0949029680178,373.7277342076605,370.92951089344206,373.19378662109375,10176600,0.0,0.0
2023-11-27 00:00:00-05:00,372.55105716724864,376.3677485982953,371.97758030717006,374.3605041503906,22179200,0.0,0.0
2023-11-28 00:00:00-05:00,374.1034504184605,378.70125333384794,373.91558054196696,378.4046325683594,20453100,0.0,0.0
2023-11-29 00:00:00-05:00,379.4527337290247,379.98665110815534,373.20366140430053,374.59783935546875,28963400,0.0,0.0
2023-11-30 00:00:00-05:00,374.2418662773965,375.82391411402256,371.2557732398662,374.65716552734375,30554400,0.0,0.0
2023-12-01 00:00:00-05:00,372.53132601143756,373.91560663875174,367.1424837202218,370.30657958984375,33020400,0.0,0.0
2023-12-04 00:00:00-05:00,364.9572971928997,365.3725662940193,358.8268727544712,364.9968566894531,32063300,0.0,0.0
2023-12-05 00:00:00-05:00,362.33701910752933,368.8925793974309,361.51631803473913,368.3388671875,23065000,0.0,0.0
2023-12-06 00:00:00-05:00,369.3474641617025,369.9802652283336,363.8992977327105,364.66064453125,21182100,0.0,0.0
2023-12-07 00:00:00-05:00,364.0970268782678,367.28088706354185,362.208460944063,366.7864990234375,23118900,0.0,0.0
2023-12-08 00:00:00-05:00,365.0561509893791,370.2570927962262,364.0970369580223,370.0296936035156,20144800,0.0,0.0
2023-12-11 00:00:00-05:00,364.34421229449237,367.42918876388495,361.9909204511594,367.1325378417969,27708800,0.0,0.0
2023-12-12 00:00:00-05:00,366.68766076266786,370.21759904789997,366.30202355963434,370.17803955078125,24838300,0.0,0.0
2023-12-13 00:00:00-05:00,371.7995959454895,373.40143865073276,366.60852117355006,370.1681213378906,30955500,0.0,0.0
2023-12-14 00:00:00-05:00,369.1200181959737,369.5649795287377,360.0430604780347,361.8228454589844,43277500,0.0,0.0
2023-12-15 00:00:00-05:00,362.7324532832619,368.22014758431544,362.1688437653028,366.56890869140625,78478200,0.0,0.0
2023-12-18 00:00:00-05:00,365.30334181505793,368.813484896194,364.5419649068583,368.4674072265625,21802900,0.0,0.0
2023-12-19 00:00:00-05:00,367.3204037269137,369.070556640625,365.6889292857822,369.070556640625,20603700,0.0,0.0
2023-12-20 00:00:00-05:00,370.7910493626897,371.80948757127044,366.3712188472843,366.460205078125,26316700,0.0,0.0
2023-12-21 00:00:00-05:00,368.3784311602655,370.20767302873213,365.88672618527943,369.3474426269531,17708000,0.0,0.0
2023-12-22 00:00:00-05:00,369.48587042516914,370.96903467399375,368.52675633726045,370.3757629394531,17091100,0.0,0.0
2023-12-26 00:00:00-05:00,370.7910447615306,372.70927284710115,369.3078805824845,370.4548645019531,12673100,0.0,0.0
2023-12-27 00:00:00-05:00,369.4957507248787,370.8503691813732,368.6256229112042,369.8714904785156,14905400,0.0,0.0
2023-12-28 00:00:00-05:00,371.15691836613945,372.2346808060371,369.9605076099309,371.06793212890625,14327000,0.0,0.0
2023-12-29 00:00:00-05:00,371.77980696276984,372.92679083929943,369.2881020982719,371.8193664550781,18723000,0.0,0.0
2024-01-02 00:00:00-05:00,369.6637976615887,371.68090924219496,362.653379124267,366.7073669433594,25258600,0.0,0.0
2024-01-03 00:00:00-05:00,364.86827930524817,369.0705777416299,364.3738912539091,366.4404296875,23083500,0.0,0.0
2024-01-04 00:00:00-05:00,366.5096417702584,368.91236039556355,363.0489255004596,363.8102722167969,20901500,0.0,0.0
2024-01-05 00:00:00-05:00,364.8287446578594,367.88405940220275,362.38646631091734,363.6224365234375,20987000,0.0,0.0
2024-01-08 00:00:00-05:00,365.1549797273984,370.98878250703984,364.8682564016575,370.4844970703125,23134000,0.0,0.0
2024-01-09 00:00:00-05:00,367.8346318821267,371.76994171839436,367.0238281824233,371.57220458984375,20830000,0.0,0.0
2024-01-10 00:00:00-05:00,372.14568493728495,379.8581572234937,372.096258198453,378.4738464355469,25514200,0.0,0.0
2024-01-11 00:00:00-05:00,381.6675761983364,386.29504112370273,376.1106593210736,380.3129577636719,27850800,0.0,0.0
2024-01-12 00:00:00-05:00,381.1632995596287,384.3174978189153,380.33273123391484,384.10986328125,21645700,0.0,0.0
2024-01-16 00:00:00-05:00,389.24164477659747,389.6074871447162,383.26942804485134,385.8896789550781,27202300,0.0,0.0
2024-01-17 00:00:00-05:00,383.6253660644491,385.7314338319448,380.4909325183697,385.0986328125,22234100,0.0,0.0
2024-01-18 00:00:00-05:00,387.32338662433057,389.56789757510035,385.74133878224427,389.4492492675781,23392100,0.0,0.0
2024-01-19 00:00:00-05:00,391.31803151810533,394.19537353515625,389.0833879187689,394.19537353515625,29272000,0.0,0.0
2024-01-22 00:00:00-05:00,395.5301842429018,396.12345590728927,389.1723614900859,392.0596008300781,27016900,0.0,0.0
2024-01-23 00:00:00-05:00,391.30812148964645,394.8973833764225,389.5085418380042,394.4227600097656,20525900,0.0,0.0
2024-01-24 00:00:00-05:00,397.03314629680017,401.07723674810927,395.95538401589334,398.04168701171875,24867000,0.0,0.0
2024-01-25 00:00:00-05:00,399.7819603610059,402.44177048645173,398.0120426913666,400.3257751464844,21021200,0.0,0.0
2024-01-26 00:00:00-05:00,399.83136514404845,401.611180132996,397.91313719960004,399.39630126953125,17803300,0.0,0.0
2024-01-29 00:00:00-05:00,401.50244405119065,405.3784598651388,399.7918504359062,405.1213684082031,24510200,0.0,0.0
2024-01-30 00:00:00-05:00,407.6328499314226,408.4139613345208,401.8880631298829,404.0040283203125,33477600,0.0,0.0
2024-01-31 00:00:00-05:00,402.39230877230926,410.65849256823645,392.7517419035558,393.1175842285156,47871100,0.0,0.0
2024-02-01 00:00:00-05:00,397.3198605033387,403.4206219107263,397.29019842931785,399.24798583984375,30657700,0.0,0.0
2024-02-02 00:00:00-05:00,399.27762800166585,408.0184040861515,399.03043400546983,406.6044616699219,28245000,0.0,0.0
2024-02-05 00:00:00-05:00,405.2992829313639,406.5451503675642,399.45561305568305,401.09698486328125,25352300,0.0,0.0
2024-02-06 00:00:00-05:00,401.3244799668953,403.39101855797185,398.3878135111435,400.9388427734375,18382600,0.0,0.0
2024-02-07 00:00:00-05:00,402.86697483873127,409.6499650445578,402.8274153419617,409.40277099609375,22340500,0.0,0.0
2024-02-08 00:00:00-05:00,409.40271198373665,410.89577347726316,407.89978324873107,409.4620361328125,21225300,0.0,0.0
2024-02-09 00:00:00-05:00,410.58927173757974,416.0967618057892,410.4310639420329,415.82977294921875,22032800,0.0,0.0
2024-02-12 00:00:00-05:00,415.83965259906256,416.01762504580444,410.09486617050925,410.5991516113281,21202900,0.0,0.0
2024-02-13 00:00:00-05:00,400.39500560681336,405.4674319451174,398.86241468639423,401.759521484375,27824900,0.0,0.0
2024-02-14 00:00:00-05:00,404.23602806912544,405.989387335356,400.7689119546156,405.6426696777344,20401200,0.75,0.0
2024-02-15 00:00:00-05:00,404.30537605508795,405.2860649354581,400.49154229797136,402.7402038574219,21825500,0.0,0.0
2024-02-16 00:00:00-05:00,404.1270851963654,404.45400167684636,399.6495628327148,400.26373291015625,22281100,0.0,0.0
2024-02-20 00:00:00-05:00,399.4513996951192,400.68965547755954,394.27055684913546,399.0056457519531,24307900,0.0,0.0
2024-02-21 00:00:00-05:00,396.41027241644326,398.51034941803397,393.4879766336977,398.4013671875,18631100,0.0,0.0
2024-02-22 00:00:00-05:00,406.33613530267354,408.9513159326477,404.7313605611897,407.78240966796875,27009900,0.0,0.0
2024-02-23 00:00:00-05:00,411.76461952225566,411.9528065802778,405.1275567366277,406.48468017578125,16295900,0.0,0.0
2024-02-26 00:00:00-05:00,407.5941823661443,408.2876177161092,403.5326972396102,403.7110290527344,16193500,0.0,0.0
2024-02-27 00:00:00-05:00,404.1567686089776,404.4836850623454,400.055681208624,403.6515808105469,14835800,0.0,0.0
2024-02-28 00:00:00-05:00,404.3449824000404,405.45445472615467,401.51186772663095,403.8893127441406,13183100,0.0,0.0
2024-02-29 00:00:00-05:00,404.80069987993255,410.3084593316979,402.1062540147567,409.75372314453125,31947300,0.0,0.0
2024-03-01 00:00:00-05:00,407.4059232676718,411.96271025359846,407.01960321238755,411.59619140625,17800300,0.0,0.0
2024-03-04 00:00:00-05:00,409.55559222110224,413.4288600615765,408.44611984108144,411.0216979980469,17596000,0.0,0.0
2024-03-05 00:00:00-05:00,410.07064779480004,410.3579315766557,396.875818269098,398.8669128417969,26919200,0.0,0.0
2024-03-06 00:00:00-05:00,399.1839316978577,401.35335816221044,394.6469759902315,398.31219482421875,22344100,0.0,0.0
2024-03-07 00:00:00-05:00,402.30437497315796,405.929991794264,398.4608239093344,405.2960205078125,18718500,0.0,0.0
2024-03-08 00:00:00-05:00,404.1270235900873,406.563932548316,400.5311242381038,402.40338134765625,17971700,0.0,0.0
2024-03-11 00:00:00-04:00,399.9665518757127,401.8684959158896,397.4900401967336,400.7193908691406,16120800,0.0,0.0
2024-03-12 00:00:00-04:00,403.7902307329295,411.66554917132913,402.9680422398846,411.3782653808594,22457000,0.0,0.0
2024-03-13 00:00:00-04:00,414.1717647960068,414.25099985774233,407.5842506420183,411.199951171875,17115900,0.0,0.0
2024-03-14 00:00:00-04:00,416.29166230285614,423.80046200765156,414.06280198030794,421.2248840332031,34157300,0.0,0.0
2024-03-15 00:00:00-04:00,415.35059863846544,418.62949734684355,408.91166893317825,412.507568359375,45049800,0.0,0.0
2024-03-18 00:00:00-04:00,410.35791529010197,416.77704335143346,409.8923299645461,413.3990783691406,20106000,0.0,0.0
2024-03-19 00:00:00-04:00,413.9042719765494,417.70821992442677,411.64569488735077,417.4506530761719,19837900,0.0,0.0
2024-03-20 00:00:00-04:00,418.0351385254577,421.95792425172124,416.7077319976527,421.23480224609375,17860100,0.0,0.0
2024-03-21 00:00:00-04:00,425.7915766495499,426.7722957944647,423.1466792053097,425.3359069824219,21296200,0.0,0.0
2024-03-22 00:00:00-04:00,425.6628247277611,425.8212948665726,422.0669250575301,424.7118225097656,17636500,0.0,0.0
2024-03-25 00:00:00-04:00,421.24466758284495,423.39429274982996,417.64876824294123,418.88702392578125,18060500,0.0,0.0
2024-03-26 00:00:00-04:00,421.61117039922806,421.98760494943645,417.3912157495225,417.6883850097656,16725600,0.0,0.0
2024-03-27 00:00:00-04:00,420.4522190231072,420.4621347429845,415.073243298201,417.4704895019531,16705000,0.0,0.0
2024-03-28 00:00:00-04:00,417.00488629896955,417.9063400745122,415.1821775398297,416.76715087890625,21871200,0.0,0.0
2024-04-01 00:00:00-04:00,419.9668236498753,423.8698081123032,418.253066843913,420.58099365234375,16316000,0.0,0.0
2024-04-02 00:00:00-04:00,416.1628866591322,418.41157846327263,413.91422508584526,417.48040771484375,17912000,0.0,0.0
2024-04-03 00:00:00-04:00,415.7864888048433,419.2833219106777,415.1524873360607,416.4997253417969,16502300,0.0,0.0
2024-04-04 00:00:00-04:00,420.9970416568271,424.6424895808556,413.64677241260966,413.953857421875,19370900,0.0,0.0
2024-04-05 00:00:00-04:00,416.06385334615516,422.5027833332265,414.38972913104834,421.5220642089844,16544300,0.0,0.0
2024-04-08 00:00:00-04:00,421.175397711729,423.26555903906655,419.3229415986936,420.600830078125,14272400,0.0,0.0
2024-04-09 00:00:00-04:00,422.43343322697575,423.72120713043927,417.65871174097106,422.2749328613281,12512300,0.0,0.0
2024-04-10 00:00:00-04:00,418.223340545814,420.04604930389615,415.7567448715327,419.2832946777344,16216600,0.0,0.0
2024-04-11 00:00:00-04:00,421.8192626102262,425.33589688609106,418.39174889077384,423.909423828125,17966400,0.0,0.0
2024-04-12 00:00:00-04:00,420.0658901447868,421.1852782373019,415.82610344793704,417.93609619140625,19232100,0.0,0.0
2024-04-15 00:00:00-04:00,422.5919509817317,422.80988521460824,409.54567440120263,409.75372314453125,20273500,0.0,0.0
2024-04-16 00:00:00-04:00,410.6749594816062,414.46896182763265,409.8428552388163,410.6848449707031,16765600,0.0,0.0
2024-04-17 00:00:00-04:00,413.3297553873522,414.944445667743,406.4747584853447,407.9705810546875,15855500,0.0,0.0
2024-04-18 00:00:00-04:00,406.7719711724091,408.02014264055606,400.15473970896494,400.4717102050781,21029900,0.0,0.0
2024-04-19 00:00:00-04:00,400.23398957432255,401.67037838778936,394.03279488372993,395.3701171875,30276500,0.0,0.0
2024-04-22 00:00:00-04:00,396.32104272721153,399.0650365930518,392.0317384607879,397.1927795410156,20286900,0.0,0.0
2024-04-23 00:00:00-04:00,400.4420226888204,404.36483895374073,399.2731164319855,403.7407531738281,15734500,0.0,0.0
2024-04-24 00:00:00-04:00,405.7120381650018,408.5947013251243,402.9581584463572,405.21673583984375,15065300,0.0,0.0
2024-04-25 00:00:00-04:00,390.327954514582,396.13291356518926,384.3843265310709,395.2908935546875,40586500,0.0,0.0
2024-04-26 00:00:00-04:00,408.2975149317784,409.1197034555493,401.94773576133974,402.5024719238281,29694700,0.0,0.0
2024-04-29 00:00:00-04:00,401.4425476908758,402.50250195684066,395.43948573178295,398.4707336425781,19582100,0.0,0.0
2024-04-30 00:00:00-04:00,397.71784459298715,398.3815629989462,385.51361848485345,385.6720886230469,28781400,0.0,0.0
2024-05-01 00:00:00-04:00,388.92124454675456,397.9456678723463,386.6428661349504,391.2293701171875,23562500,0.0,0.0
2024-05-02 00:00:00-04:00,393.9238407560063,396.1725023827848,390.9421111461168,394.1021423339844,17709400,0.0,0.0
2024-05-03 00:00:00-04:00,398.50041099944804,403.32465048849417,398.0843437724287,402.8392639160156,17446700,0.0,0.0
2024-05-06 00:00:00-04:00,404.91957397962835,410.040983186617,402.5520143110461,409.6546630859375,16996600,0.0,0.0
2024-05-07 00:00:00-04:00,410.7641341827589,410.7740499032866,405.2464589410717,405.4941101074219,20018200,0.0,0.0
2024-05-08 00:00:00-04:00,404.33510268855184,408.356955043612,402.88879817126514,406.6828308105469,11792300,0.0,0.0
2024-05-09 00:00:00-04:00,406.71254786446275,408.8423417605904,405.2563578574711,408.44610595703125,14689700,0.0,0.0
2024-05-10 00:00:00-04:00,409.06027703547176,411.47735474348696,407.9309732500374,410.8433532714844,13402300,0.0,0.0
2024-05-13 00:00:00-04:00,414.0826182503801,414.41942017019113,406.9601691065583,409.8329162597656,15440200,0.0,0.0
2024-05-14 00:00:00-04:00,408.1489171745,413.56752582141957,407.68333177957805,412.6462707519531,15109300,0.0,0.0
2024-05-15 00:00:00-04:00,414.7203513205961,420.58538800605515,414.095139906024,419.8609313964844,22239500,0.75,0.0
2024-05-16 00:00:00-04:00,418.59066930665216,422.18315151911617,417.151719986036,417.7868347167969,17530100,0.0,0.0
2024-05-17 00:00:00-04:00,419.32504512881616,419.7021586835379,414.84935049574557,417.01275634765625,15352200,0.0,0.0
2024-05-20 00:00:00-04:00,417.0127568242458,423.52284159685394,416.7944295178616,422.1037292480469,16272100,0.0,0.0
2024-05-21 00:00:00-04:00,423.58239750259565,429.6756950854867,421.6174819616407,425.7756042480469,21453300,0.0,0.0
2024-05-22 00:00:00-04:00,426.8176027078419,429.1199579656232,423.8801327186548,427.24432373046875,18073700,0.0,0.0
2024-05-23 00:00:00-04:00,429.6757070386861,430.3009184683396,422.183164058962,423.7511291503906,17211700,0.0,0.0
2024-05-24 00:00:00-04:00,423.93965100741593,427.7802005755344,421.180804345367,426.8870544433594,11845800,0.0,0.0
2024-05-28 00:00:00-04:00,426.3611154416687,427.54206361225715,423.3541707575322,427.0458679199219,15718000,0.0,0.0
2024-05-29 00:00:00-04:00,422.4510693064345,427.6611238088633,422.4510693064345,425.90460205078125,15517100,0.0,0.0
2024-05-30 00:00:00-04:00,421.07165731955763,421.07165731955763,411.08820229599854,411.51495361328125,28424800,0.0,0.0
2024-05-31 00:00:00-04:00,413.5791353622515,413.5791353622515,401.43227374743395,411.9714660644531,47995300,0.0,0.0
2024-06-03 00:00:00-04:00,412.36840418309373,413.2615504010757,405.80871145548105,410.3736877441406,17484700,0.0,0.0
2024-06-04 00:00:00-04:00,409.2919776436919,413.27147684716857,406.56290129495756,412.904296875,14348900,0.0,0.0
2024-06-05 00:00:00-04:00,414.6310359031759,420.8533188907335,413.1325152430589,420.78387451171875,16988000,0.0,0.0
2024-06-06 00:00:00-04:00,420.7838790172518,422.07397569799485,417.3799535645987,421.28997802734375,14861300,0.0,0.0
2024-06-07 00:00:00-04:00,422.9572173477245,423.03659533238357,419.78155282449774,420.6250915527344,13621700,0.0,0.0
2024-06-10 00:00:00-04:00,421.46866847767535,424.822926199028,420.66483381160936,424.6145324707031,14003000,0.0,0.0
2024-06-11 00:00:00-04:00,422.24267892962746,429.5268277427762,422.01441801832095,429.38787841796875,14551100,0.0,0.0
2024-06-12 00:00:00-04:00,432.00784546900513,440.02635491441,429.95358793616725,437.70416259765625,22366200,0.0,0.0
2024-06-13 00:00:00-04:00,437.49575798146077,440.01644063600304,436.02700779586485,438.2201843261719,15960600,0.0,0.0
2024-06-14 00:00:00-04:00,434.94529966913103,439.7683376003339,433.39717151476515,439.2026672363281,13582000,0.0,0.0
2024-06-17 00:00:00-04:00,439.22250553797545,447.5089797746042,437.3667384679764,444.9585266113281,20790000,0.0,0.0
2024-06-18 00:00:00-04:00,446.2882931198359,446.71504440535955,441.50498996272177,442.9439392089844,17112500,0.0,0.0
2024-06-20 00:00:00-04:00,442.90424847377636,443.1325093875715,437.9125211824865,442.308837890625,19877400,0.0,0.0
2024-06-21 00:00:00-04:00,443.9760548608899,447.1516890658263,443.112679216781,446.3577880859375,34486200,0.0,0.0
2024-06-24 00:00:00-04:00,446.37765380757656,449.3052206448714,443.0134626029418,444.2638854980469,15913700,0.0,0.0
2024-06-25 00:00:00-04:00,444.8394216277891,447.98531552571586,443.3508346061679,447.5188903808594,16747500,0.0,0.0
2024-06-26 00:00:00-04:00,445.5837356077352,450.14874207415585,444.7799010019638,448.7196960449219,16507000,0.0,0.0
2024-06-27 00:00:00-04:00,448.73953390240615,452.6991961641024,448.3326497960473,449.4044494628906,14806300,0.0,0.0
2024-06-28 00:00:00-04:00,449.6227774267188,451.9151991305475,443.0134470896372,443.5493469238281,28362300,0.0,0.0
2024-07-01 00:00:00-04:00,445.2463378252715,453.8900586076205,442.2691635673188,453.25494384765625,17662800,0.0,0.0
2024-07-02 00:00:00-04:00,449.7517960549086,456.0931613731061,449.6624541774822,455.7855224609375,13979800,0.0,0.0
2024-07-03 00:00:00-04:00,454.70380374999445,457.5122579984809,454.39616484845857,457.26416015625,9932800,0.0,0.0
2024-07-05 00:00:00-04:00,456.1130090040291,464.78653066583917,455.47789423945795,464.0025329589844,16000300,0.0,0.0
2024-07-08 00:00:00-04:00,463.0002048353039,464.14147919648303,460.92611040198074,462.69256591796875,12962300,0.0,0.0
2024-07-09 00:00:00-04:00,463.4467798855468,463.7742557192127,454.51525736098597,456.0435485839844,17207200,0.0,0.0
2024-07-10 00:00:00-04:00,457.7107264779408,462.9108473108737,455.3686672109861,462.70245361328125,18196100,0.0,0.0
2024-07-11 00:00:00-04:00,459.4573555661208,461.24364787201716,448.1142994819232,451.2403564453125,23111200,0.0,0.0
2024-07-12 00:00:00-04:00,450.8731546278995,452.8877078833818,447.22116168053736,450.0990905761719,16324300,0.0,0.0
2024-07-15 00:00:00-04:00,449.85099950163277,453.7808911637112,447.99523247056425,450.5059814453125,14429400,0.0,0.0
2024-07-16 00:00:00-04:00,450.7640135601996,450.8433915449834,443.2615371548041,446.0997619628906,17175700,0.0,0.0
2024-07-17 00:00:00-04:00,439.22246908643666,441.4652831527976,435.8384110633041,440.1453857421875,21778000,0.0,0.0
2024-07-18 00:00:00-04:00,440.95917357547034,441.2668124744543,431.0948010273652,437.0193786621094,20794800,0.0,0.0
2024-07-19 00:00:00-04:00,429.80471086507333,437.7835460054657,428.7130742947466,433.7841796875,20940400,0.0,0.0
2024-07-22 00:00:00-04:00,438.4285802305258,441.21719748360306,435.57048831489556,439.56982421875,15808800,0.0,0.0
2024-07-23 00:00:00-04:00,440.5225176097392,444.9783753997072,439.7286166377608,441.4653015136719,13107100,0.0,0.0
2024-07-24 00:00:00-04:00,437.0987650096395,438.12092684847374,424.3365970027885,425.6366271972656,26805800,0.0,0.0
2024-07-25 00:00:00-04:00,425.5374484396514,426.5298399054952,414.3333705957519,415.2165832519531,29943800,0.0,0.0
2024-07-26 00:00:00-04:00,415.0180872010169,425.6565240052853,414.0951402007918,422.0342712402344,23583800,0.0,0.0
2024-07-29 00:00:00-04:00,428.29622791841,428.86189823317073,421.4686011505227,423.483154296875,15125800,0.0,0.0
2024-07-30 00:00:00-04:00,424.4656455012434,425.7855127211385,414.18445497765873,419.7021789550781,32687600,0.0,0.0
2024-07-31 00:00:00-04:00,417.30059719182844,418.57085701348217,409.07366373993483,415.1669616699219,42891400,0.0,0.0
2024-08-01 00:00:00-04:00,417.58836350695543,424.20759683358074,409.94693801865395,413.93634033203125,30296400,0.0,0.0
2024-08-02 00:00:00-04:00,409.35152365396425,411.84243578824686,401.2635397070065,405.3819580078125,29437900,0.0,0.0
2024-08-05 00:00:00-04:00,386.20895177644206,397.9886321568055,382.6462402085907,392.1434326171875,40709200,0.0,0.0
2024-08-06 00:00:00-04:00,396.9565662320286,402.5834388839359,395.4679791086585,396.56951904296875,24946500,0.0,0.0
2024-08-07 00:00:00-04:00,405.53080524275083,406.95982088699543,394.44578082628846,395.3984680175781,20650900,0.0,0.0
2024-08-08 00:00:00-04:00,399.3780007807365,402.77196243732243,396.8970222599762,399.6260986328125,20203000,0.0,0.0
2024-08-09 00:00:00-04:00,400.9559063701233,404.9453089972664,399.1993844500031,402.9307556152344,19276700,0.0,0.0
2024-08-12 00:00:00-04:00,403.9628195165785,405.6498969215895,401.16426864795665,403.7147216796875,16762900,0.0,0.0
2024-08-13 00:00:00-04:00,406.47357171655057,411.79280513110314,406.4537347921751,410.8599548339844,19414300,0.0,0.0
2024-08-14 00:00:00-04:00,411.64393908583247,414.54173528870035,409.3118435327495,413.6882629394531,18267000,0.0,0.0
2024-08-15 00:00:00-04:00,417.35676799168647,418.6591414148161,415.22923848625584,418.5796203613281,20752100,0.75,0.0
2024-08-16 00:00:00-04:00,418.15212368395106,418.88780719208,414.871311404525,416.0345153808594,22775600,0.0,0.0
2024-08-19 00:00:00-04:00,416.52167114516885,419.2954420190991,414.03622098500824,419.07672119140625,15234000,0.0,0.0
2024-08-20 00:00:00-04:00,419.24576369099765,423.3815262412174,419.18611531171354,422.32769775390625,16387600,0.0,0.0
2024-08-21 00:00:00-04:00,421.6118911043651,423.9183962597862,419.2656405890008,421.67156982421875,16067300,0.0,0.0
2024-08-22 00:00:00-04:00,421.8902239006129,424.30610443723026,412.1969685866766,413.1315002441406,19361900,0.0,0.0
2024-08-23 00:00:00-04:00,414.5532154876874,416.8199448280934,409.69166039420327,414.36431884765625,18493800,0.0,0.0
2024-08-26 00:00:00-04:00,413.94677020088477,414.8514777475828,408.94604542911463,411.0835266113281,13152800,0.0,0.0
2024-08-27 00:00:00-04:00,410.4571806188663,411.9484507655821,407.86238512676584,411.4314880371094,13492900,0.0,0.0
2024-08-28 00:00:00-04:00,412.46541647118636,412.5847132206145,404.9394663484376,408.2103271484375,14882700,0.0,0.0
2024-08-29 00:00:00-04:00,412.5250827426797,419.593688512659,408.21034485802835,410.7156677246094,17045200,0.0,0.0
2024-08-30 00:00:00-04:00,413.18123450252676,415.0602190186727,409.7314285183125,414.7122802734375,24308300,0.0,0.0
2024-09-03 00:00:00-04:00,415.47780496274754,417.43634095322227,404.66112073149435,407.0570983886719,20313600,0.0,0.0
2024-09-04 00:00:00-04:00,403.5476443909062,408.8466109265116,402.01659855552833,406.5202331542969,15135800,0.0,0.0
2024-09-05 00:00:00-04:00,405.2477064984513,410.6958246241515,403.7663877888233,406.01324462890625,14195500,0.0,0.0
2024-09-06 00:00:00-04:00,406.6793029587105,408.2600456523483,398.4673657515399,399.3621520996094,19609500,0.0,0.0
2024-09-09 00:00:00-04:00,404.8699075277366,406.2717051556254,399.80953429314275,403.3587646484375,15295100,0.0,0.0
2024-09-10 00:00:00-04:00,405.8243177579556,413.9069762623546,405.327227721672,411.7893981933594,19594300,0.0,0.0
2024-09-11 00:00:00-04:00,413.08181573237965,421.52239474938517,407.19625641616165,420.57794189453125,19266900,0.0,0.0
2024-09-12 00:00:00-04:00,420.84636566939764,424.8827343519594,417.30708702498356,424.514892578125,17418800,0.0,0.0
2024-09-13 00:00:00-04:00,423.35167762504557,429.3167579290349,422.98383586069434,428.083984375,15874600,0.0,0.0
2024-09-16 00:00:00-04:00,428.09393683099876,431.0068771042965,425.72778345078893,428.8296203613281,13834700,0.0,0.0
2024-09-17 00:00:00-04:00,437.6679140298658,439.27848092894993,429.75421863095636,432.6174621582031,18874200,0.0,0.0
2024-09-18 00:00:00-04:00,432.46835149823806,433.4923558065776,427.9050683956392,428.302734375,18898000,0.0,0.0
2024-09-19 00:00:00-04:00,438.6620972919553,438.9305149970845,434.3572804602649,436.1368713378906,21706600,0.0,0.0
2024-09-20 00:00:00-04:00,434.6754186759471,436.6836515284863,431.6928784161533,432.73675537109375,55167100,0.0,0.0
2024-09-23 00:00:00-04:00,431.75253779309,433.9198431554934,427.88519293448667,430.9870300292969,15128900,0.0,0.0
2024-09-24 00:00:00-04:00,430.47996802683457,430.82793711748263,423.62013164821116,426.6722717285156,17015800,0.0,0.0
2024-09-25 00:00:00-04:00,427.3284243659067,430.599285430914,426.0757780554542,429.59515380859375,13396400,0.0,0.0
2024-09-26 00:00:00-04:00,432.5578041483432,432.766573468399,426.6324994108163,428.7998046875,14492000,0.0,0.0
2024-09-27 00:00:00-04:00,429.0085915782672,429.33668800604624,424.98217425530135,425.5289611816406,14896100,0.0,0.0
2024-09-30 00:00:00-04:00,425.7178520466358,427.9150119120048,422.8943842039572,427.7956848144531,16807300,0.0,0.0
2024-10-01 00:00:00-04:00,425.95645456288486,425.9862787507864,416.3725443176016,418.2416076660156,19092900,0.0,0.0
2024-10-02 00:00:00-04:00,420.12062555956777,420.3592494217051,414.2847930567838,414.7023620605469,16582300,0.0,0.0
2024-10-03 00:00:00-04:00,415.19943635003835,417.1082451347957,411.8788784861643,414.11578369140625,13686400,0.0,0.0
2024-10-04 00:00:00-04:00,415.80585503539044,417.30707662196244,412.55489718933603,413.6385498046875,19169700,0.0,0.0
2024-10-07 00:00:00-04:00,413.5789505765619,414.68247600169315,406.61968938897553,407.15655517578125,20919800,0.0,0.0
2024-10-08 00:00:00-04:00,408.50859351504334,413.24090045920747,405.79450128292336,412.2964172363281,19229300,0.0,0.0
2024-10-09 00:00:00-04:00,413.4397013585542,417.93341460570645,411.88878290651843,415.0303955078125,14974300,0.0,0.0
2024-10-10 00:00:00-04:00,412.81339505205864,414.9210519137125,410.74548354781774,413.4198303222656,13848400,0.0,0.0
2024-10-11 00:00:00-04:00,413.7180885691892,414.70231708134946,410.84489374484957,413.89703369140625,14144900,0.0,0.0
2024-10-14 00:00:00-04:00,415.3386008817118,421.5721293976272,415.09005586184196,416.7006530761719,16653100,0.0,0.0
2024-10-15 00:00:00-04:00,419.7229298265709,420.02120204810905,412.84322081195853,416.3029479980469,18900200,0.0,0.0
2024-10-16 00:00:00-04:00,412.7537587941709,413.93680518127485,408.09105177334885,413.6982116699219,15508900,0.0,0.0
2024-10-17 00:00:00-04:00,419.9018679111856,420.0410676802283,413.17127995027164,414.2947082519531,14820000,0.0,0.0
2024-10-18 00:00:00-04:00,414.7122961104646,417.2076674979936,413.8374127793913,415.7263488769531,17145300,0.0,0.0
2024-10-21 00:00:00-04:00,413.6982202013397,416.5216880571269,411.3420182082338,416.3427429199219,14206100,0.0,0.0
2024-10-22 00:00:00-04:00,416.0544182638452,428.07405197206367,415.6070554250592,425.0219421386719,25482200,0.0,0.0
2024-10-23 00:00:00-04:00,428.35242251551375,428.5711433507003,420.0709156477079,422.1288757324219,19654400,0.0,0.0
2024-10-24 00:00:00-04:00,422.8545708930616,423.50081217243513,419.9416307412936,422.2580871582031,13581600,0.0,0.0
2024-10-25 00:00:00-04:00,424.2762781463,430.00273447219473,424.08738151392146,425.6581726074219,16899100,0.0,0.0
2024-10-28 00:00:00-04:00,429.1478003666399,429.4261695906152,423.81897907057987,424.1072998046875,14882400,0.0,0.0
2024-10-29 00:00:00-04:00,425.5090727531412,430.64899709836675,423.32186444879665,429.43609619140625,17644100,0.0,0.0
2024-10-30 00:00:00-04:00,434.8941229931156,435.9479514176919,429.5852051730896,430.0126953125,29749100,0.0,0.0
2024-10-31 00:00:00-04:00,412.94264988457604,413.73801220344217,403.9353802107126,403.985107421875,53971000,0.0,0.0
2024-11-01 00:00:00-04:00,406.62958864176215,413.0818074048316,405.12836706972047,407.9816589355469,24230400,0.0,0.0
2024-11-04 00:00:00-05:00,407.41496126180874,408.03137836159885,403.20959918238225,406.082763671875,19672300,0.0,0.0
2024-11-05 00:00:00-05:00,405.99332524640585,412.4853201284023,405.7050045203228,409.0653381347656,17626000,0.0,0.0
2024-11-06 00:00:00-05:00,410.0197716507701,418.0030366685823,408.13080518207255,417.7345886230469,26681800,0.0,0.0
2024-11-07 00:00:00-05:00,418.8281688837221,424.3657590257446,417.43632288625736,422.9540100097656,19901800,0.0,0.0
2024-11-08 00:00:00-05:00,422.84469107033385,424.01781631688647,419.3252849907069,420.08087158203125,16891400,0.0,0.0
2024-11-11 00:00:00-05:00,420.0609408352946,422.3376216288976,413.5788978774876,415.57720947265625,24503300,0.0,0.0
2024-11-12 00:00:00-05:00,415.81581365023004,421.969790701444,414.77193671429194,420.5679931640625,19401200,0.0,0.0
2024-11-13 00:00:00-05:00,419.1860937392156,426.8313104637277,415.7760330857976,422.7253723144531,21502200,0.0,0.0
2024-11-14 00:00:00-05:00,422.526533184943,425.6780973820496,417.5556327945319,424.4055480957031,30246900,0.0,0.0
2024-11-15 00:00:00-05:00,417.3767027455775,420.3393400677491,411.23267692258383,412.5847473144531,28247600,0.0,0.0
2024-11-18 00:00:00-05:00,412.4554971706168,415.9649517435253,409.7016291897124,413.34033203125,24742000,0.0,0.0
2024-11-19 00:00:00-05:00,410.7057344914447,415.5076414577029,409.15481593264525,415.3585205078125,18133500,0.0,0.0
2024-11-20 00:00:00-05:00,414.4438422518667,414.86141123218795,408.19044109637775,413.0718688964844,19191700,0.0,0.0
2024-11-21 00:00:00-05:00,417.8933391524707,418.1722655525636,408.7186214344056,411.2887268066406,20780200,0.83,0.0
2024-11-22 00:00:00-05:00,409.7944811664486,415.80138553605957,409.4856708735379,415.4029235839844,24814600,0.0,0.0
2024-11-25 00:00:00-05:00,416.7776323033626,419.46727321033643,413.2611532266888,417.1860656738281,27691100,0.0,0.0
2024-11-26 00:00:00-05:00,417.98300734363517,427.396826920373,417.24585120009374,426.350830078125,23458900,0.0,0.0
2024-11-27 00:00:00-05:00,423.48187093647766,425.5937771564677,420.4037088714897,421.3699951171875,18332400,0.0,0.0
2024-11-29 00:00:00-05:00,418.48107704362025,423.2527401453399,416.1998390930093,421.8381652832031,16271900,0.0,0.0
2024-12-02 00:00:00-05:00,419.9554423160969,431.3416594246016,419.69642835819553,429.32940673828125,20207200,0.0,0.0
2024-12-03 00:00:00-05:00,428.19374634076934,430.8136785324232,426.10178307894205,429.5485534667969,18302000,0.0,0.0
2024-12-04 00:00:00-05:00,431.3715193088951,437.98610309109085,430.973057365549,435.7447204589844,26009400,0.0,0.0
2024-12-05 00:00:00-05:00,436.24279326556575,442.95696954495514,434.4994957116604,440.9247741699219,21697800,0.0,0.0
2024-12-06 00:00:00-05:00,440.605999369761,444.3914637865622,440.0780304611881,441.87115478515625,18821000,0.0,0.0
2024-12-09 00:00:00-05:00,440.90485264962797,446.61288735234007,438.8128895478079,444.3117370605469,19144400,0.0,0.0
2024-12-10 00:00:00-05:00,442.68804835999237,447.89799856218906,439.9087252497819,441.632080078125,18469500,0.0,0.0
2024-12-11 00:00:00-05:00,442.34933339299914,448.6252234428676,442.34933339299914,447.2704162597656,19200200,0.0,0.0
2024-12-12 00:00:00-05:00,447.389907127457,454.4129240722559,447.389907127457,447.83819580078125,20834800,0.0,0.0
2024-12-13 00:00:00-05:00,446.722508676707,449.7010474581427,443.8734464678006,445.5569763183594,20177800,0.0,0.0
2024-12-16 00:00:00-05:00,445.5569810702514,450.4481798147897,443.57461233779367,449.8604431152344,23598800,0.0,0.0
2024-12-17 00:00:00-05:00,449.2826833242326,453.5462901057899,447.84819595840975,452.7194519042969,22733500,0.0,0.0
2024-12-18 00:00:00-05:00,449.59148560028365,450.9163784238889,435.34623528561843,435.71484375,24444500,0.0,0.0
2024-12-19 00:00:00-05:00,439.92861811038824,441.4826409757379,434.64892893973837,435.356201171875,22963700,0.0,0.0
2024-12-20 00:00:00-05:00,431.45120224609855,442.04049490082355,426.988379811487,434.9278564453125,64263700,0.0,0.0
2024-12-23 00:00:00-05:00,435.06732205874545,435.97384050264867,431.1722932989543,433.5830383300781,19152500,0.0,0.0
2024-12-24 00:00:00-05:00,432.9853009034494,437.9163547514511,432.52707119819956,437.6473693847656,7164500,0.0,0.0
2024-12-26 00:00:00-05:00,437.3983540840164,439.2512462781778,434.9577555797017,436.43206787109375,8194200,0.0,0.0
2024-12-27 00:00:00-05:00,432.9355230391817,433.5531436249425,424.71711987555517,428.881103515625,18117700,0.0,0.0
2024-12-30 00:00:00-05:00,424.42821148968693,425.91249514442245,420.2841404099869,423.2029113769531,13158700,0.0,0.0
2024-12-31 00:00:00-05:00,424.4680695178944,425.09566152109494,419.0489019483089,419.88568115234375,13246500,0.0,0.0
2025-01-02 00:00:00-05:00,423.90026204092493,424.43820240788705,413.2611726539346,416.97686767578125,16896500,0.0,0.0
2025-01-03 00:00:00-05:00,419.4672816518615,422.40599553232005,417.93320162542307,421.7286071777344,16662900,0.0,0.0
2025-01-06 00:00:00-05:00,426.3607841744266,432.6565862275622,423.85044657634234,426.21136474609375,20573600,0.0,0.0
2025-01-07 00:00:00-05:00,427.356962317073,429.00063686122985,419.18835553907815,420.7523498535156,18139100,0.0,0.0
2025-01-08 00:00:00-05:00,421.8381972488523,425.33476415419165,419.9255676122581,422.9339904785156,15054600,0.0,0.0
2025-01-10 00:00:00-05:00,423.0036976315441,423.0833778600729,413.4304875422897,417.345458984375,20201100,0.0,0.0
2025-01-13 00:00:00-05:00,413.6496498082875,416.8971739621178,410.71096634455273,415.5921936035156,17604800,0.0,0.0
2025-01-14 00:00:00-05:00,416.2098216251219,418.13242259689986,409.1469793562449,414.0780334472656,16935900,0.0,0.0
2025-01-15 00:00:00-05:00,417.52478252697114,426.51022596326726,416.6680604251186,424.6772766113281,19637800,0.0,0.0
2025-01-16 00:00:00-05:00,427.0581034768278,427.8450559110229,422.76461308505725,422.953857421875,15300000,0.0,0.0
2025-01-17 00:00:00-05:00,432.4274897834489,432.816010728012,426.53017961505896,427.3868713378906,26197500,0.0,0.0
2025-01-21 00:00:00-05:00,428.55235740588927,429.2496581837696,423.96996920550396,426.8588562011719,26085700,0.0,0.0
2025-01-22 00:00:00-05:00,435.8841949618168,445.55699830786784,434.3301720077898,444.4911193847656,27803800,0.0,0.0
2025-01-23 00:00:00-05:00,440.30716256200645,445.03897030447143,439.8090775364838,444.9991149902344,18389300,0.0,0.0
2025-01-24 00:00:00-05:00,443.4550766157881,444.9393603072831,439.70946738545626,442.3592834472656,15549500,0.0,0.0
2025-01-27 00:00:00-05:00,422.3860783898249,433.5332238334213,421.8780219291722,432.8956604003906,35647800,0.0,0.0
2025-01-28 00:00:00-05:00,432.93552501884864,446.66274757404807,429.72785612913765,445.4872741699219,23491700,0.0,0.0
2025-01-29 00:00:00-05:00,444.97921209968376,445.16848684550723,438.7132938317083,440.6358947753906,23581400,0.0,0.0
2025-01-30 00:00:00-05:00,417.1661258658952,421.24045777086803,411.57762641112805,413.4006042480469,54586300,0.0,0.0
2025-01-31 00:00:00-05:00,417.37536767699305,419.078810069406,413.32094799383236,413.4703674316406,34223400,0.0,0.0
2025-02-03 00:00:00-05:00,410.02361028085903,413.819015846871,407.09486781879804,409.3462219238281,25679100,0.0,0.0
2025-02-04 00:00:00-05:00,411.1094311345796,412.3347312724244,408.1707172498281,410.7906494140625,20532100,0.0,0.0
2025-02-05 00:00:00-05:00,410.7707509847515,412.2450632912695,408.82820710975375,411.7071533203125,16316700,0.0,0.0
2025-02-06 00:00:00-05:00,412.41441067873023,416.59833715024297,412.41441067873023,414.2274475097656,16309800,0.0,0.0
2025-02-07 00:00:00-05:00,414.8849302333569,417.0466023053385,406.5370200109021,408.1806945800781,22886800,0.0,0.0
2025-02-10 00:00:00-05:00,412.1255190561223,413.8688167120759,409.34622639599064,410.6412353515625,20817900,0.0,0.0
2025-02-11 00:00:00-05:00,408.0711332799312,410.9101937368833,407.7324086942097,409.8642272949219,18140600,0.0,0.0
2025-02-12 00:00:00-05:00,405.65041091349894,409.17686151888216,402.82129152637,407.4734191894531,19121700,0.0,0.0
2025-02-13 00:00:00-05:00,405.4412312140984,409.425911619151,404.80366775695455,408.9676818847656,23891700,0.0,0.0
2025-02-14 00:00:00-05:00,406.22818963820515,407.3438952203064,404.3255012113121,406.86572265625,22758500,0.0,0.0
2025-02-18 00:00:00-05:00,406.4374029097933,409.0274512633779,404.94314775203674,408.0711364746094,21423100,0.0,0.0
2025-02-19 00:00:00-05:00,406.31786140389937,413.8987012007662,406.0887313388178,413.18145751953125,24114200,0.0,0.0
2025-02-20 00:00:00-05:00,414.52900508229465,418.5416276159257,411.78404435480104,415.3674621582031,23508700,0.83,0.0
2025-02-21 00:00:00-05:00,416.57521868274245,417.28390907488637,407.14255413255484,407.4619445800781,27524800,0.0,0.0
2025-02-24 00:00:00-05:00,407.7614192904554,408.6198287275297,398.58825743588903,403.2596740722656,26443700,0.0,0.0
2025-02-25 00:00:00-05:00,400.3649855487621,401.18349019975926,395.9730546936776,397.17083740234375,29387400,0.0,0.0
2025-02-26 00:00:00-05:00,397.28064827533655,402.860400830509,393.5275288045757,398.99749755859375,19619000,0.0,0.0
2025-02-27 00:00:00-05:00,400.53467393026557,404.9964840093174,391.45137377356565,391.8106994628906,21127400,0.0,0.0
2025-02-28 00:00:00-05:00,391.94046026830176,396.9013540385077,385.86162375466716,396.26251220703125,32845700,0.0,0.0
2025-03-03 00:00:00-05:00,398.0891633417286,398.0891633417286,385.4523593369203,387.778076171875,23007700,0.0,0.0
2025-03-04 00:00:00-05:00,382.6974135187692,391.86058386063223,380.30181761040467,387.8978576660156,29342900,0.0,0.0
2025-03-05 00:00:00-05:00,388.62653647287385,400.9339589862258,388.09750890861034,400.2851257324219,23433100,0.0,0.0
2025-03-06 00:00:00-05:00,393.557486671848,401.4130601425524,391.9604125552081,396.1627197265625,23304600,0.0,0.0
2025-03-07 00:00:00-05:00,391.601087821307,394.07652376953155,384.83351327034705,392.5892639160156,22034100,0.0,0.0
2025-03-10 00:00:00-04:00,385.1329632711281,385.69193466137494,376.5287638766263,379.46337890625,32840100,0.0,0.0
2025-03-11 00:00:00-04:00,378.30548307291184,385.29265558349334,376.2193166501511,379.7528381347656,30380200,0.0,0.0
2025-03-12 00:00:00-04:00,382.2482670126177,384.5140963348653,378.2555969008229,382.5676574707031,24253600,0.0,0.0
2025-03-13 00:00:00-04:00,382.4578672121625,384.6139126915579,376.75833925298997,378.0758972167969,20473000,0.0,0.0
2025-03-14 00:00:00-04:00,379.0840519928303,389.51491455417886,378.81455773398244,387.84796142578125,19952800,0.0,0.0
2025-03-17 00:00:00-04:00,385.9913968692823,391.99036302361236,384.8634626840814,387.98773193359375,22474300,0.0,0.0
2025-03-18 00:00:00-04:00,386.36071271152235,386.6601507855219,380.4016513456866,382.81719970703125,19486900,0.0,0.0
2025-03-19 00:00:00-04:00,384.8235322758774,388.9659214939022,383.29633715100766,387.1093444824219,19185500,0.0,0.0
2025-03-20 00:00:00-04:00,385.0331131975468,391.07204471614995,382.5776297310475,386.131103515625,18470500,0.0,0.0
2025-03-21 00:00:00-04:00,382.5177544739553,391.0221306945889,382.09851071654674,390.54302978515625,39675900,0.0,0.0
2025-03-24 00:00:00-04:00,394.67543616141086,394.67543616141086,389.09568331150246,392.35968017578125,21004500,0.0,0.0
2025-03-25 00:00:00-04:00,393.19816458592396,395.63366532055824,391.9205113732519,394.4358825683594,15775000,0.0,0.0
2025-03-26 00:00:00-04:00,394.27618318122023,394.5856126855185,387.85797313035886,389.2554016113281,16108400,0.0,0.0
2025-03-27 00:00:00-04:00,389.4151007040484,391.5212195564284,386.6900923994873,389.8642578125,13766800,0.0,0.0
2025-03-28 00:00:00-04:00,387.36882809704144,388.4169222438939,376.2392666189567,378.1058349609375,21632000,0.0,0.0
2025-03-31 00:00:00-04:00,371.8573344110368,376.3790320336197,366.5670283067677,374.7021179199219,35184700,0.0,0.0
2025-04-01 00:00:00-04:00,373.96346276032,382.1484487727996,372.54608191207893,381.4896545410156,19689500,0.0,0.0
2025-04-02 00:00:00-04:00,377.2773862564683,384.3743428432238,375.92985398533636,381.43975830078125,16092600,0.0,0.0
2025-04-03 00:00:00-04:00,374.10321411915555,376.788287190408,368.67318036225987,372.42626953125,30198000,0.0,0.0
2025-04-04 00:00:00-04:00,363.4627502923482,373.9035742050073,358.8212773354498,359.18060302734375,49209900,0.0,0.0
2025-04-07 00:00:00-04:00,350.2370336524557,370.32015981776436,344.1581969485817,357.2042236328125,50425000,0.0,0.0
2025-04-08 00:00:00-04:00,367.585185716996,372.9652928837084,349.6081786868937,353.9102783203125,35868900,0.0,0.0
2025-04-09 00:00:00-04:00,352.8921435234206,392.50941370351666,352.45294739016697,389.7744140625,50199700,0.0,0.0
2025-04-10 00:00:00-04:00,381.3598744812396,383.19649903483815,367.12599611378243,380.65118408203125,38024400,0.0,0.0
2025-04-11 00:00:00-04:00,379.9425037151649,389.3352333779351,378.19571053548395,387.7381896972656,23839200,0.0,0.0
2025-04-14 00:00:00-04:00,392.4994245329486,393.92679674338564,383.5059256339463,387.0993347167969,19251200,0.0,0.0
2025-04-15 00:00:00-04:00,387.79806728846995,391.17187833074144,383.4560325474498,385.0231628417969,17199900,0.0,0.0
2025-04-16 00:00:00-04:00,379.97244183574617,380.9106912763521,367.32564600100716,370.92901611328125,21967800,0.0,0.0
2025-04-17 00:00:00-04:00,373.0651098854367,373.6340726815441,366.2176953329466,367.1060485839844,20943700,0.0,0.0
2025-04-21 00:00:00-04:00,362.1551460624454,363.8121077971333,355.01825440362086,358.4619140625,20807300,0.0,0.0
2025-04-22 00:00:00-04:00,362.7141283475077,367.09606804173376,359.20055908423666,366.1478271484375,19485000,0.0,0.0
2025-04-23 00:00:00-04:00,375.3708716590499,379.6929540391626,372.33643389707953,373.7039489746094,20545500,0.0,0.0
2025-04-24 00:00:00-04:00,375.01155205300716,387.7381880213899,374.5024768665421,386.59027099609375,22232300,0.0,0.0
2025-04-25 00:00:00-04:00,386.29083932956814,391.44138750936105,383.8952433175299,391.1319580078125,18973200,0.0,0.0
2025-04-28 00:00:00-04:00,391.241728610284,392.0202980494585,385.9315006090283,390.4432067871094,16579400,0.0,0.0
2025-04-29 00:00:00-04:00,390.5829324517716,394.3759872470841,389.66463540586307,393.31793212890625,14974000,0.0,0.0
2025-04-30 00:00:00-04:00,389.58477271143016,395.93313400867555,383.73552563819743,394.53570556640625,36461100,0.0,0.0
2025-05-01 00:00:00-04:00,430.3199808366381,436.1892106723326,424.12136912560175,424.6204528808594,58938100,0.0,0.0
2025-05-02 00:00:00-04:00,430.948839257634,438.63474141621873,429.20204608174254,434.48236083984375,30757400,0.0,0.0
2025-05-05 00:00:00-04:00,432.07675654489867,438.6946118778074,431.3181395047298,435.3707275390625,20136100,0.0,0.0
2025-05-06 00:00:00-04:00,431.408009380462,436.92787448428356,430.3798980651205,432.5159606933594,15104200,0.0,0.0
2025-05-07 00:00:00-04:00,433.04500054847074,437.3171563878889,430.319992206568,432.555908203125,23295300,0.0,0.0
2025-05-08 00:00:00-04:00,437.12748451655574,442.85698666150637,434.86165526525525,437.3670654296875,23491300,0.0,0.0
2025-05-09 00:00:00-04:00,439.19371771814804,439.93235195021686,435.08127232610667,437.9260559082031,15324200,0.0,0.0
2025-05-12 00:00:00-04:00,445.12281367736733,448.5465208630377,438.9740982732109,448.4367370605469,22821900,0.0,0.0
2025-05-13 00:00:00-04:00,446.9594623818115,449.8441812103938,444.54388351816056,448.3169860839844,23618800,0.0,0.0
2025-05-14 00:00:00-04:00,447.3187935842875,453.0682176126866,447.3187935842875,452.1099853515625,19902800,0.0,0.0
2025-05-15 00:00:00-04:00,450.7699890136719,456.19000244140625,450.42999267578125,453.1300048828125,21992300,0.83,0.0
2025-05-16 00:00:00-04:00,452.04998779296875,454.3599853515625,448.7300109863281,454.2699890136719,23849800,0.0,0.0
2025-05-19 00:00:00-04:00,450.8800048828125,459.5899963378906,450.79998779296875,458.8699951171875,21336500,0.0,0.0
2025-05-20 00:00:00-04:00,455.5899963378906,458.3399963378906,454.32000732421875,458.1700134277344,15441800,0.0,0.0
2025-05-21 00:00:00-04:00,454.57000732421875,457.7799987792969,451.80999755859375,452.57000732421875,19216900,0.0,0.0
2025-05-22 00:00:00-04:00,454.95001220703125,460.25,453.8999938964844,454.8599853515625,18025600,0.0,0.0
2025-05-23 00:00:00-04:00,449.9800109863281,453.69000244140625,448.9100036621094,450.17999267578125,16883500,0.0,0.0
2025-05-27 00:00:00-04:00,456.4800109863281,460.95001220703125,456.1199951171875,460.69000244140625,20974300,0.0,0.0
2025-05-28 00:00:00-04:00,461.2200012207031,462.5199890136719,456.92999267578125,457.3599853515625,17086300,0.0,0.0
2025-05-29 00:00:00-04:00,461.54998779296875,461.7200012207031,455.30999755859375,458.67999267578125,13974800,0.0,0.0
2025-05-30 00:00:00-04:00,459.7200012207031,461.67999267578125,455.5400085449219,460.3599853515625,34770500,0.0,0.0
2025-06-02 00:00:00-04:00,457.1400146484375,462.1099853515625,456.8900146484375,461.9700012207031,16626500,0.0,0.0
2025-06-03 00:00:00-04:00,461.4700012207031,464.1400146484375,460.8599853515625,462.9700012207031,15743800,0.0,0.0
2025-06-04 00:00:00-04:00,464.0,465.69000244140625,463.0199890136719,463.8699951171875,14162700,0.0,0.0
2025-06-05 00:00:00-04:00,464.9599914550781,469.6499938964844,464.0299987792969,467.67999267578125,20131700,0.0,0.0
2025-06-06 00:00:00-04:00,470.0899963378906,473.3399963378906,468.7799987792969,470.3800048828125,15285600,0.0,0.0
2025-06-09 00:00:00-04:00,469.70001220703125,473.42999267578125,468.6199951171875,472.75,16469900,0.0,0.0
2025-06-10 00:00:00-04:00,471.19000244140625,472.79998779296875,466.9599914550781,470.9200134277344,15375900,0.0,0.0
2025-06-11 00:00:00-04:00,470.0199890136719,475.4700012207031,469.6600036621094,472.6199951171875,16399200,0.0,0.0
2025-06-12 00:00:00-04:00,475.0199890136719,480.4200134277344,473.5199890136719,478.8699951171875,18950600,0.0,0.0
2025-06-13 00:00:00-04:00,476.4100036621094,479.17999267578125,472.760009765625,474.9599914550781,16814500,0.0,0.0
2025-06-16 00:00:00-04:00,475.2099914550781,480.69000244140625,475.0,479.1400146484375,15626100,0.0,0.0
2025-06-17 00:00:00-04:00,475.3999938964844,478.739990234375,474.0799865722656,478.0400085449219,15414100,0.0,0.0
2025-06-18 00:00:00-04:00,478.0,481.0,474.4599914550781,480.239990234375,17526500,0.0,0.0
2025-06-20 00:00:00-04:00,482.2300109863281,483.4599914550781,476.8699951171875,477.3999938964844,37576200,0.0,0.0
2025-06-23 00:00:00-04:00,478.2099914550781,487.75,472.510009765625,486.0,24864000,0.0,0.0
2025-06-24 00:00:00-04:00,488.95001220703125,491.8500061035156,486.79998779296875,490.1099853515625,22305600,0.0,0.0
2025-06-25 00:00:00-04:00,492.0400085449219,494.55999755859375,489.3900146484375,492.2699890136719,17495100,0.0,0.0
2025-06-26 00:00:00-04:00,492.9800109863281,498.0400085449219,492.80999755859375,497.45001220703125,21578900,0.0,0.0
2025-06-27 00:00:00-04:00,497.54998779296875,499.29998779296875,493.0299987792969,495.94000244140625,34539200,0.0,0.0
2025-06-30 00:00:00-04:00,497.0400085449219,500.760009765625,495.3299865722656,497.4100036621094,28369000,0.0,0.0
2025-07-01 00:00:00-04:00,496.4700012207031,498.04998779296875,490.9800109863281,492.04998779296875,19945400,0.0,0.0
2025-07-02 00:00:00-04:00,489.989990234375,493.5,488.70001220703125,491.0899963378906,16319600,0.0,0.0
2025-07-03 00:00:00-04:00,493.80999755859375,500.1300048828125,493.44000244140625,498.8399963378906,13984800,0.0,0.0
2025-07-07 00:00:00-04:00,497.3800048828125,498.75,495.2300109863281,497.7200012207031,13981600,0.0,0.0
2025-07-08 00:00:00-04:00,497.239990234375,498.20001220703125,494.1099853515625,496.6199951171875,11846600,0.0,0.0
2025-07-09 00:00:00-04:00,500.29998779296875,506.7799987792969,499.739990234375,503.510009765625,18659500,0.0,0.0
2025-07-10 00:00:00-04:00,503.04998779296875,504.44000244140625,497.75,501.4800109863281,16492100,0.0,0.0
2025-07-11 00:00:00-04:00,498.4700012207031,505.0299987792969,497.79998779296875,503.32000732421875,16455000,0.0,0.0
