Date,Open,High,Low,Close,Volume,Dividends,Stock Splits,Capital Gains
2022-01-03 00:00:00-05:00,453.12548885801067,454.6000906272862,450.79471166049126,454.4668884277344,72668200,0.0,0.0,0.0
2022-01-04 00:00:00-05:00,455.9034252304674,456.62645651980097,452.44051645811953,454.3146667480469,71178700,0.0,0.0,0.0
2022-01-05 00:00:00-05:00,453.94362533753196,454.72373493326995,445.49568003913816,445.5908203125,104538900,0.0,0.0,0.0
2022-01-06 00:00:00-05:00,445.12465507471705,447.9120878865896,442.7843263697379,445.1722106933594,86858900,0.0,0.0,0.0
2022-01-07 00:00:00-05:00,445.18174761931215,446.37092845061414,442.0422928050338,443.4122314453125,85111600,0.0,0.0,0.0
2022-01-10 00:00:00-05:00,440.18728839049925,443.0793559273905,434.3840788053856,442.8605651855469,119362000,0.0,0.0,0.0
2022-01-11 00:00:00-05:00,442.5941579696336,446.9893663621023,439.56885939827777,446.89422607421875,74303100,0.0,0.0,0.0
2022-01-12 00:00:00-05:00,448.6446293867217,450.17630940225746,446.12357181807585,448.10235595703125,67605400,0.0,0.0,0.0
2022-01-13 00:00:00-05:00,449.2154656602354,449.87189583965556,440.8911993602203,441.92816162109375,91173100,0.0,0.0,0.0
2022-01-14 00:00:00-05:00,438.750701838542,442.46094067761123,437.5234589419788,442.10894775390625,95890900,0.0,0.0,0.0
2022-01-18 00:00:00-05:00,437.37116689414125,437.58046387213096,433.15671718975256,434.279296875,109709100,0.0,0.0,0.0
2022-01-19 00:00:00-05:00,435.83954218993154,437.24751373310744,429.4940604101733,429.76995849609375,109357600,0.0,0.0,0.0
2022-01-20 00:00:00-05:00,431.67268852315004,436.41988962546833,422.8727494182704,425.0132751464844,122379700,0.0,0.0,0.0
2022-01-21 00:00:00-05:00,423.8811322751707,426.2594939694307,416.64141321355646,416.6699523925781,202271200,0.0,0.0,0.0
2022-01-24 00:00:00-05:00,411.0094532738382,418.9531873967836,400.2878088602572,418.439453125,251783900,0.0,0.0,0.0
2022-01-25 00:00:00-05:00,411.9893499471079,418.3253093866,406.3668990611703,413.33074951171875,167997300,0.0,0.0,0.0
2022-01-26 00:00:00-05:00,419.2766597111746,422.43513125151657,407.9936958702741,412.2937927246094,186391100,0.0,0.0,0.0
2022-01-27 00:00:00-05:00,416.93636283327237,420.10432810226087,408.5550178398871,410.2579040527344,149878300,0.0,0.0,0.0
2022-01-28 00:00:00-05:00,411.6278536612433,420.49439400495163,407.00433195246904,420.44683837890625,164457400,0.0,0.0,0.0
2022-01-31 00:00:00-05:00,419.7713592754621,428.37152417154954,418.4109432149237,428.01953125,152251400,0.0,0.0,0.0
2022-02-01 00:00:00-05:00,428.75204990539925,431.5585285633514,425.19402978985346,430.91162109375,123155400,0.0,0.0,0.0
2022-02-02 00:00:00-05:00,433.3375405574838,435.83005919712076,431.0067342696007,435.0975341796875,117361000,0.0,0.0,0.0
2022-02-03 00:00:00-05:00,429.00896127200775,430.9306673704176,424.0238946371562,424.87060546875,118024400,0.0,0.0,0.0
2022-02-04 00:00:00-05:00,424.63277255377426,430.7499128698522,422.2353649906249,426.8684387207031,118454400,0.0,0.0,0.0
2022-02-07 00:00:00-05:00,427.63899986868773,429.04697155726353,424.1570745020062,425.49847412109375,84472900,0.0,0.0,0.0
2022-02-08 00:00:00-05:00,424.9942365130415,429.93171792427756,423.55769669774656,428.9993896484375,81012000,0.0,0.0,0.0
2022-02-09 00:00:00-05:00,433.0711629829756,435.6017435295236,432.87138871246174,435.2782897949219,92589900,0.0,0.0,0.0
2022-02-10 00:00:00-05:00,429.37995799486293,435.44001971781694,425.44140562496176,427.458251953125,140103700,0.0,0.0,0.0
2022-02-11 00:00:00-05:00,427.5438439278336,429.6367849403057,417.5832633191427,419.029296875,153214600,0.0,0.0,0.0
2022-02-14 00:00:00-05:00,418.5155962964135,420.11384851276483,414.15842107160734,417.65936279296875,123006300,0.0,0.0,0.0
2022-02-15 00:00:00-05:00,422.1401847002441,424.56610201765625,421.61692770735635,424.3948669433594,88482700,0.0,0.0,0.0
2022-02-16 00:00:00-05:00,422.33050200670874,426.2595607867543,420.4373350917942,424.87060546875,84863600,0.0,0.0,0.0
2022-02-17 00:00:00-05:00,421.6549950314,424.8420055522309,415.185862746844,415.7947082519531,102259100,0.0,0.0,0.0
2022-02-18 00:00:00-05:00,416.05156231786117,417.31686701941175,410.80967279535963,413.1024169921875,132642900,0.0,0.0,0.0
2022-02-22 00:00:00-05:00,410.8762549746331,414.3105952266778,405.13961886160763,408.66912841796875,124391800,0.0,0.0,0.0
2022-02-23 00:00:00-05:00,411.6088158406434,412.1796284872362,400.84910922840714,401.419921875,132578000,0.0,0.0,0.0
2022-02-24 00:00:00-05:00,391.0217016763123,407.89857698071773,390.6602150652989,407.4609375,213942900,0.0,0.0,0.0
2022-02-25 00:00:00-05:00,408.7071815835602,416.536758896274,407.0423283628281,416.4511413574219,121804500,0.0,0.0,0.0
2022-02-28 00:00:00-05:00,411.0094289107116,416.8792381889326,409.74415329774416,415.3856201171875,145615000,0.0,0.0,0.0
2022-03-01 00:00:00-05:00,413.8730059555748,415.89937480955257,406.3288204281093,409.0592041015625,137785900,0.0,0.0,0.0
2022-03-02 00:00:00-05:00,411.3329694515139,418.3253599276995,410.57190518220074,416.58441162109375,117726500,0.0,0.0,0.0
2022-03-03 00:00:00-05:00,419.0388167247073,419.64766225828436,412.69333456576396,414.5104064941406,105501700,0.0,0.0,0.0
2022-03-04 00:00:00-05:00,410.74309211192974,412.28426594780655,407.0613926078379,411.1426696777344,113978200,0.0,0.0,0.0
2022-03-07 00:00:00-05:00,410.55284710978884,411.26635572765974,398.95595138470884,399.0225524902344,137896600,0.0,0.0,0.0
2022-03-08 00:00:00-05:00,399.2032498255417,406.4239524600854,394.9221987671591,395.9972229003906,164772700,0.0,0.0,0.0
2022-03-09 00:00:00-05:00,404.4547460652673,408.61211823568055,402.247619140359,406.6142883300781,116990800,0.0,0.0,0.0
2022-03-10 00:00:00-05:00,401.96216640943857,405.6819278019332,399.9833821378538,404.7781677246094,93972700,0.0,0.0,0.0
2022-03-11 00:00:00-05:00,407.289753659499,407.9081220071555,399.1177048594008,399.6314392089844,95636300,0.0,0.0,0.0
2022-03-14 00:00:00-04:00,400.4114685461944,403.8933644587536,395.55960496561266,396.7107238769531,95729200,0.0,0.0,0.0
2022-03-15 00:00:00-04:00,399.34594120545717,406.0719549823202,398.06164912865256,405.4345703125,106219100,0.0,0.0,0.0
2022-03-16 00:00:00-04:00,408.9736478442885,414.4819135729484,404.1312770522876,414.4248352050781,144954800,0.0,0.0,0.0
2022-03-17 00:00:00-04:00,412.49358024225324,419.6096496582031,412.11304813627885,419.6096496582031,102676900,0.0,0.0,0.0
2022-03-18 00:00:00-04:00,417.9834786840698,424.52996393742103,417.23912570886466,424.20550537109375,106345500,1.366,0.0,0.0
2022-03-21 00:00:00-04:00,424.0337189354583,426.0568305641095,420.54097694294705,424.0814514160156,88349800,0.0,0.0,0.0
2022-03-22 00:00:00-04:00,425.48430327782444,429.9886017052283,425.48430327782444,429.0438537597656,74650400,0.0,0.0,0.0
2022-03-23 00:00:00-04:00,426.4862907603394,427.9940722088079,423.43251857940515,423.5184020996094,79426100,0.0,0.0,0.0
2022-03-24 00:00:00-04:00,425.560625266719,429.91223176451206,424.4345580420555,429.9026794433594,64736900,0.0,0.0,0.0
2022-03-25 00:00:00-04:00,430.5421189981454,432.2789525020039,427.9368687423576,432.002197265625,77101300,0.0,0.0,0.0
2022-03-28 00:00:00-04:00,431.4009808340559,435.0750427246094,429.49238028030686,435.0750427246094,68529800,0.0,0.0,0.0
2022-03-29 00:00:00-04:00,438.99719715099053,440.9535301667968,436.28698789480967,440.457275390625,86581500,0.0,0.0,0.0
2022-03-30 00:00:00-04:00,439.30264739227977,440.123360889083,435.6095094640086,437.73760986328125,79666900,0.0,0.0,0.0
2022-03-31 00:00:00-04:00,436.9645287864238,437.79476529359073,430.5420780115882,431.0001525878906,121699900,0.0,0.0,0.0
2022-04-01 00:00:00-04:00,432.5938721829011,432.7370114051407,428.6144561899683,432.2217102050781,89048800,0.0,0.0,0.0
2022-04-04 00:00:00-04:00,432.42199046284776,436.02924352152223,431.5917540710545,435.92425537109375,59601000,0.0,0.0,0.0
2022-04-05 00:00:00-04:00,434.41655006209146,436.9072596730443,429.26333466607076,430.41802978515625,74214500,0.0,0.0,0.0
2022-04-06 00:00:00-04:00,426.4672512967876,428.41400283186397,423.20353163844754,426.1141357421875,106898000,0.0,0.0,0.0
2022-04-07 00:00:00-04:00,425.22662384866436,430.0935607072761,423.2607677608337,428.26129150390625,78097200,0.0,0.0,0.0
2022-04-08 00:00:00-04:00,427.4978336150497,430.0362754746858,425.5606055015023,427.1161193847656,79272700,0.0,0.0,0.0
2022-04-11 00:00:00-04:00,423.8142565075086,424.6635976818795,419.30998742943643,419.8157653808594,89770500,0.0,0.0,0.0
2022-04-12 00:00:00-04:00,422.8313001658836,425.3792943956459,416.69515715434574,418.2602233886719,84363600,0.0,0.0,0.0
2022-04-13 00:00:00-04:00,418.0121079665926,423.81424026475486,417.8307886020003,423.0508117675781,74070400,0.0,0.0,0.0
2022-04-14 00:00:00-04:00,423.27986116881056,424.405957589073,417.6781234016021,417.7831115722656,97869500,0.0,0.0,0.0
2022-04-18 00:00:00-04:00,416.84784232588953,419.6534870707048,415.7026705073379,417.954833984375,66002500,0.0,0.0,0.0
2022-04-19 00:00:00-04:00,417.84988444636554,425.42703059727864,417.6781173945853,424.7017822265625,77821000,0.0,0.0,0.0
2022-04-20 00:00:00-04:00,426.49586526577247,427.1161545814654,423.21307019353713,424.3868408203125,65224400,0.0,0.0,0.0
2022-04-21 00:00:00-04:00,428.04181749165986,429.4446399428074,417.12462093429156,418.0407409667969,85417300,0.0,0.0,0.0
2022-04-22 00:00:00-04:00,416.9432443577617,418.059759123537,405.9974214613697,406.57000732421875,132471800,0.0,0.0,0.0
2022-04-25 00:00:00-04:00,404.3083756188095,409.0989521038459,399.69908937736324,408.92718505859375,119647700,0.0,0.0,0.0
2022-04-26 00:00:00-04:00,406.3696736308169,406.57009765724735,397.05572274258077,397.0843505859375,103996300,0.0,0.0,0.0
2022-04-27 00:00:00-04:00,398.1721778250147,403.59262470913546,396.04410716896217,398.2008056640625,122030000,0.0,0.0,0.0
2022-04-28 00:00:00-04:00,402.991428795092,410.00554090140133,398.51575864739607,408.2591552734375,105449100,0.0,0.0,0.0
2022-04-29 00:00:00-04:00,404.23199660880084,406.40779978354254,392.41775610484405,393.1716613769531,145491100,0.0,0.0,0.0
2022-05-02 00:00:00-04:00,393.23843291998924,396.9124939775019,386.51060001970393,395.5382995605469,158312500,0.0,0.0,0.0
2022-05-03 00:00:00-04:00,396.04411491786686,399.7849552003043,394.46949637064364,397.35150146484375,100028200,0.0,0.0,0.0
2022-05-04 00:00:00-04:00,398.0194999089657,410.02461229063664,394.8035130133532,409.4520263671875,144247900,0.0,0.0,0.0
2022-05-05 00:00:00-04:00,405.14813094235217,405.57757767376717,390.7286691598279,394.8989562988281,172929100,0.0,0.0,0.0
2022-05-06 00:00:00-04:00,392.3127558720858,395.84364857876244,387.18816926988325,392.5417785644531,151770800,0.0,0.0,0.0
2022-05-09 00:00:00-04:00,386.5869867289689,387.83711756374765,378.37999982371747,379.97369384765625,155586100,0.0,0.0,0.0
2022-05-10 00:00:00-04:00,386.0049001132154,387.52223402111315,376.77683297323864,380.8516845703125,132497200,0.0,0.0,0.0
2022-05-11 00:00:00-04:00,379.87830642417293,385.5754800653506,374.04751676936854,374.8014221191406,142361000,0.0,0.0,0.0
2022-05-12 00:00:00-04:00,371.5758530585973,377.71199617086995,367.5487051705862,374.4101257324219,125090800,0.0,0.0,0.0
2022-05-13 00:00:00-04:00,378.58045748857603,384.75478149060405,377.5307213516521,383.36151123046875,104174400,0.0,0.0,0.0
2022-05-16 00:00:00-04:00,381.7010407029058,385.50868954290604,379.42980135170086,381.8059997558594,78622400,0.0,0.0,0.0
2022-05-17 00:00:00-04:00,387.9516760051215,389.8984566521676,384.1821784020912,389.6598815917969,83029700,0.0,0.0,0.0
2022-05-18 00:00:00-04:00,385.0601250281532,385.346403434764,372.70192597101425,373.9520568847656,117674500,0.0,0.0,0.0
2022-05-19 00:00:00-04:00,370.8601649524356,376.12792106283007,369.41916223050765,371.6617736816406,98510700,0.0,0.0,0.0
2022-05-20 00:00:00-04:00,375.27856731709426,378.8858210395479,363.14941948778915,371.8240051269531,131432200,0.0,0.0,0.0
2022-05-23 00:00:00-04:00,374.87773977302686,379.5538341140032,372.53972172547,378.7808532714844,76414900,0.0,0.0,0.0
2022-05-24 00:00:00-04:00,374.62010760751093,377.0917417853128,369.276020328754,375.88934326171875,91448800,0.0,0.0,0.0
2022-05-25 00:00:00-04:00,374.38153955628485,381.19525751700854,373.980749748556,379.2102966308594,91472900,0.0,0.0,0.0
2022-05-26 00:00:00-04:00,380.450846302905,388.438333745229,380.2408991090227,386.7873840332031,82168300,0.0,0.0,0.0
2022-05-27 00:00:00-04:00,389.2685724925791,396.3971956829768,389.06817761817047,396.2826843261719,84768700,0.0,0.0,0.0
2022-05-31 00:00:00-04:00,394.6507739199975,397.42779055948637,391.29164822917306,394.0591125488281,95937000,0.0,0.0,0.0
2022-06-01 00:00:00-04:00,396.1968068098174,397.2178858387473,388.33335375593083,390.8717956542969,86585800,0.0,0.0,0.0
2022-06-02 00:00:00-04:00,390.70956506941627,398.3630414912432,388.43832614086085,398.3153381347656,79609600,0.0,0.0,0.0
2022-06-03 00:00:00-04:00,393.5534575681091,395.11852411735094,390.795544707174,391.7784729003906,71874300,0.0,0.0,0.0
2022-06-06 00:00:00-04:00,395.8246926829142,397.5710494858282,391.7879917724646,392.9713439941406,57508900,0.0,0.0,0.0
2022-06-07 00:00:00-04:00,389.4498848817779,397.19879719820443,388.9822580192843,396.74072265625,59272400,0.0,0.0,0.0
2022-06-08 00:00:00-04:00,395.0135138070431,396.81715534217307,391.6257594116493,392.4273681640625,64350000,0.0,0.0,0.0
2022-06-09 00:00:00-04:00,390.6332655578667,392.92358036094004,383.09429931640625,383.09429931640625,86289800,0.0,0.0,0.0
2022-06-10 00:00:00-04:00,376.8340673761907,377.6929317310131,371.9385026938927,371.9862060546875,132893900,0.0,0.0,0.0
2022-06-13 00:00:00-04:00,362.4909411964938,364.3613614567866,356.2402573368301,357.8625793457031,170004900,0.0,0.0,0.0
2022-06-14 00:00:00-04:00,359.6280660389109,360.66824984848057,353.6541369718167,356.78424072265625,104011800,0.0,0.0,0.0
2022-06-15 00:00:00-04:00,360.11466767647033,366.35579841417075,355.11414452846907,361.87060546875,125666800,0.0,0.0,0.0
2022-06-16 00:00:00-04:00,353.5778098205212,353.988151955779,347.441636821467,349.8941955566406,134473300,0.0,0.0,0.0
2022-06-17 00:00:00-04:00,350.3130435164958,354.0221341889106,347.11191563709605,350.6484680175781,111113900,1.577,0.0,0.0
2022-06-21 00:00:00-04:00,356.42780896765214,360.8748747996571,356.3511187773013,359.4755859375,76811900,0.0,0.0,0.0
2022-06-22 00:00:00-04:00,355.2105806049247,362.97380954248774,354.7888723195148,358.8238525390625,90059400,0.0,0.0,0.0
2022-06-23 00:00:00-04:00,360.98027343638654,363.0791918548647,357.38618897180834,362.3412170410156,79292100,0.0,0.0,0.0
2022-06-24 00:00:00-04:00,365.54231975908544,373.871013261912,365.51356825528467,373.8614196777344,98050300,0.0,0.0,0.0
2022-06-27 00:00:00-04:00,374.7911218990806,375.088230546052,371.33123057524386,372.43341064453125,66009600,0.0,0.0,0.0
2022-06-28 00:00:00-04:00,374.0052832976918,376.8134546579517,364.7085718420244,364.8235778808594,86548900,0.0,0.0,0.0
2022-06-29 00:00:00-04:00,365.3794383293623,366.3761767197178,362.68627331066523,364.52642822265625,65676000,0.0,0.0,0.0
2022-06-30 00:00:00-04:00,360.59686430725856,364.8331045358534,357.0698766025923,361.56488037109375,112508300,0.0,0.0,0.0
2022-07-01 00:00:00-04:00,360.9035668624178,365.82987245083206,358.25831145704467,365.38897705078125,74839700,0.0,0.0,0.0
2022-07-05 00:00:00-04:00,360.2518747779475,366.09825821521906,357.3957650335138,366.0790710449219,81438000,0.0,0.0,0.0
2022-07-06 00:00:00-04:00,366.2227835517865,369.82646127636144,363.8171631228118,367.3153991699219,70426200,0.0,0.0,0.0
2022-07-07 00:00:00-04:00,369.10768193097266,373.62184388034007,367.33459439180444,372.8167724609375,64525900,0.0,0.0,0.0
2022-07-08 00:00:00-04:00,371.16828636399435,374.3981948912325,369.62524011470316,372.5101013183594,72397800,0.0,0.0,0.0
2022-07-11 00:00:00-04:00,369.8073395278389,370.78491998015704,367.55504072968324,368.25469970703125,58366900,0.0,0.0,0.0
2022-07-12 00:00:00-04:00,367.69885270800796,370.1045029772354,363.2325995412346,364.99609375,62219200,0.0,0.0,0.0
2022-07-13 00:00:00-04:00,359.5042958079142,366.0407444632135,359.08258755604106,363.0791931152344,84224600,0.0,0.0,0.0
2022-07-14 00:00:00-04:00,358.0762747918634,363.29009638510695,355.6131507927619,362.197509765625,89704800,0.0,0.0,0.0
2022-07-15 00:00:00-04:00,366.644532509908,369.2322850782175,364.7181230855962,369.1172790527344,79060400,0.0,0.0,0.0
2022-07-18 00:00:00-04:00,372.2321692617026,372.9126411092704,364.83314571528604,366.06951904296875,63203600,0.0,0.0,0.0
2022-07-19 00:00:00-04:00,370.0277805315176,376.53547810469183,369.3664958535163,375.9604187011719,78506000,0.0,0.0,0.0
2022-07-20 00:00:00-04:00,376.15205489007207,379.7844841146986,374.77192424136786,378.3564147949219,71843800,0.0,0.0,0.0
2022-07-21 00:00:00-04:00,377.7718191775275,382.257229494255,375.3470114027863,382.2093200683594,64903900,0.0,0.0,0.0
2022-07-22 00:00:00-04:00,382.33392157500526,383.5415140516764,376.4204418031425,378.66314697265625,72197300,0.0,0.0,0.0
2022-07-25 00:00:00-04:00,379.2957084950685,379.98577387251356,376.8613071289796,379.1231994628906,53631500,0.0,0.0,0.0
2022-07-26 00:00:00-04:00,377.4650849566957,377.6759390604827,373.7368369268148,374.63775634765625,52946400,0.0,0.0,0.0
2022-07-27 00:00:00-04:00,377.9634688849113,386.1292469978394,377.6663602609532,384.3657531738281,82342100,0.0,0.0,0.0
2022-07-28 00:00:00-04:00,385.18041613085296,389.8862446661955,381.595896244646,389.1866149902344,73966600,0.0,0.0,0.0
2022-07-29 00:00:00-04:00,390.6338571186631,395.8572718100489,389.8575371790331,394.8605041503906,87003700,0.0,0.0,0.0
2022-08-01 00:00:00-04:00,392.1385528850216,396.2214420202733,391.41973602311015,393.6911926269531,69997500,0.0,0.0,0.0
2022-08-02 00:00:00-04:00,392.10979755199605,395.82848142777334,389.90543756315043,391.0938720703125,63435400,0.0,0.0,0.0
2022-08-03 00:00:00-04:00,393.24072407123106,398.3970415915023,392.9532090324076,397.21820068359375,67820600,0.0,0.0,0.0
2022-08-04 00:00:00-04:00,397.14155710217767,397.83162252504843,395.2918085550156,396.94989013671875,45656600,0.0,0.0,0.0
2022-08-05 00:00:00-04:00,392.62737371419047,396.9306814766419,392.5698707027924,396.2789611816406,56814900,0.0,0.0,0.0
2022-08-08 00:00:00-04:00,397.9849529544983,400.25640965580175,394.70713505409947,395.81890869140625,53886100,0.0,0.0,0.0
2022-08-09 00:00:00-04:00,395.080893142324,395.58885585754615,393.1640482926206,394.2470703125,44931800,0.0,0.0,0.0
2022-08-10 00:00:00-04:00,401.36817949580313,402.6716493250059,399.39383145561817,402.5278625488281,68665700,0.0,0.0,0.0
2022-08-11 00:00:00-04:00,405.40313009263934,407.2816592803511,401.7802941573866,402.5278625488281,59489700,0.0,0.0,0.0
2022-08-12 00:00:00-04:00,404.48304555538454,409.44766707403227,403.52462305763476,409.3422546386719,61694500,0.0,0.0,0.0
2022-08-15 00:00:00-04:00,407.10910828193994,411.55620265018104,407.0516052727586,411.029052734375,54048300,0.0,0.0,0.0
2022-08-16 00:00:00-04:00,409.9461043286603,413.7797946828474,409.13143927864826,411.8341979980469,59289000,0.0,0.0,0.0
2022-08-17 00:00:00-04:00,408.20169595903417,411.642428933168,406.8886619248883,408.9109191894531,63563400,0.0,0.0,0.0
2022-08-18 00:00:00-04:00,409.11225343890715,410.7894929743216,407.8088127536356,410.0994567871094,49023200,0.0,0.0,0.0
2022-08-19 00:00:00-04:00,407.31038672985295,407.57874384814335,403.70670892818333,404.5884704589844,68016900,0.0,0.0,0.0
2022-08-22 00:00:00-04:00,399.71002449708,399.88256274701143,395.2533664736353,396.16387939453125,77695600,0.0,0.0,0.0
2022-08-23 00:00:00-04:00,395.7326260221204,398.1478693291441,394.64960396761944,395.20550537109375,49105200,0.0,0.0,0.0
2022-08-24 00:00:00-04:00,394.9755369099544,397.8508048065064,394.28550069357,396.470703125,49177800,0.0,0.0,0.0
2022-08-25 00:00:00-04:00,397.9753576980948,402.11575000266055,396.8731776502491,402.0678405761719,50942300,0.0,0.0,0.0
2022-08-26 00:00:00-04:00,401.95279504755007,402.499073601019,388.40068791234046,388.45819091796875,103087000,0.0,0.0,0.0
2022-08-29 00:00:00-04:00,385.477564275104,388.9662071746011,384.5191417177305,385.8896789550781,65370800,0.0,0.0,0.0
2022-08-30 00:00:00-04:00,387.0588978028337,387.29850340637034,379.53527600203705,381.65338134765625,85652400,0.0,0.0,0.0
2022-08-31 00:00:00-04:00,383.30189644071856,384.5574275530069,378.6152257102167,378.7493896484375,76029700,0.0,0.0,0.0
2022-09-01 00:00:00-04:00,376.5546056575964,380.2828537316046,373.8230958598955,379.9378356933594,78740100,0.0,0.0,0.0
2022-09-02 00:00:00-04:00,383.63742817684476,384.86420803408595,374.1011108362964,375.93170166015625,99632100,0.0,0.0,0.0
2022-09-06 00:00:00-04:00,376.7846095249661,377.733438358328,372.2704481299422,374.5131530761719,76637400,0.0,0.0,0.0
2022-09-07 00:00:00-04:00,374.1968912357354,382.0176223786145,373.9764727789939,381.2413024902344,70964200,0.0,0.0,0.0
2022-09-08 00:00:00-04:00,378.9506661534871,384.1932088707895,377.7334509240558,383.7331848144531,80821700,0.0,0.0,0.0
2022-09-09 00:00:00-04:00,385.9950541542698,390.566748031032,385.72669703404705,389.694580078125,76706900,0.0,0.0,0.0
2022-09-12 00:00:00-04:00,391.7839260399427,394.6112839532159,391.47722383773527,393.88287353515625,69256300,0.0,0.0,0.0
2022-09-13 00:00:00-04:00,385.12293077799757,386.3401461684979,375.62498879036855,376.75592041015625,122947100,0.0,0.0,0.0
2022-09-14 00:00:00-04:00,378.0688513471266,379.72693247977287,374.8581307457053,378.1934509277344,85023700,0.0,0.0,0.0
2022-09-15 00:00:00-04:00,376.62175813763326,379.49702610124746,372.61555846136133,373.89984130859375,87633800,0.0,0.0,0.0
2022-09-16 00:00:00-04:00,369.68082910225274,371.71139375163744,367.7272109293128,371.04736328125,103084800,1.596,0.0,0.0
2022-09-19 00:00:00-04:00,367.87152400147454,373.92474365234375,367.7945188007343,373.92474365234375,73278500,0.0,0.0,0.0
2022-09-20 00:00:00-04:00,370.5661192149977,371.58621785976976,366.851425917786,369.63262939453125,77274900,0.0,0.0,0.0
2022-09-21 00:00:00-04:00,371.576653580682,374.6562160691355,363.175273011751,363.1849060058594,106746600,0.0,0.0,0.0
2022-09-22 00:00:00-04:00,362.4053401929484,364.06059976527723,359.383546529662,360.1341857910156,89472600,0.0,0.0,0.0
2022-09-23 00:00:00-04:00,356.6311392843892,356.66964188429637,349.6155602907762,354.10015869140625,122346900,0.0,0.0,0.0
2022-09-26 00:00:00-04:00,352.61809798878147,356.2750518234068,349.36531864035186,350.5971374511719,92581200,0.0,0.0,0.0
2022-09-27 00:00:00-04:00,354.16754240423256,356.45796277654676,347.28667766286367,349.70220947265625,108294100,0.0,0.0,0.0
2022-09-28 00:00:00-04:00,350.6645637219512,358.28643461129496,348.95156496514926,356.58306884765625,110802200,0.0,0.0,0.0
2022-09-29 00:00:00-04:00,353.00310475609075,353.2918008740039,346.16074244160404,349.1344299316406,112952300,0.0,0.0,0.0
2022-09-30 00:00:00-04:00,348.1816614544452,352.13697434058156,343.6008501250042,343.7355651855469,153711200,0.0,0.0,0.0
2022-10-03 00:00:00-04:00,347.48876096374755,354.6775877198943,345.6891533686318,352.81060791015625,89756500,0.0,0.0,0.0
2022-10-04 00:00:00-04:00,358.3826922250454,363.7719116040674,352.77214894457154,363.7430419921875,103602800,0.0,0.0,0.0
2022-10-05 00:00:00-04:00,359.33540585288915,365.1769053407249,356.9872464668105,362.8961181640625,88065700,0.0,0.0,0.0
2022-10-06 00:00:00-04:00,361.481481503714,364.46480191672816,358.65214213957154,359.152587890625,82333500,0.0,0.0,0.0
2022-10-07 00:00:00-04:00,355.0818049117138,359.23920522295987,347.35405888748875,349.1344299316406,107789500,0.0,0.0,0.0
2022-10-10 00:00:00-04:00,350.26035724680406,350.50094712307487,344.20713710542515,346.4686584472656,76042800,0.0,0.0,0.0
2022-10-11 00:00:00-04:00,344.75568540364674,349.36539599992454,342.3209168490355,344.2745056152344,92482800,0.0,0.0,0.0
2022-10-12 00:00:00-04:00,344.68836080575585,346.27624831782265,342.888723631936,343.1389465332031,76991800,0.0,0.0,0.0
2022-10-13 00:00:00-04:00,336.0655477704276,353.6767439796687,335.0069464624053,352.1947021484375,147254500,0.0,0.0,0.0
2022-10-14 00:00:00-04:00,354.67755820829706,356.3232139886059,343.52381587504453,344.1686096191406,123737000,0.0,0.0,0.0
2022-10-17 00:00:00-04:00,350.3084979310304,354.1290663964534,343.83180779495996,353.0127258300781,93168200,0.0,0.0,0.0
2022-10-18 00:00:00-04:00,361.0099608546208,361.3179229746476,353.68638903881856,357.1605224609375,97162900,0.0,0.0,0.0
2022-10-19 00:00:00-04:00,355.10103285468335,357.8533963767061,351.79051372870356,354.6294860839844,79746900,0.0,0.0,0.0
2022-10-20 00:00:00-04:00,354.17716945467555,358.642531680208,350.8858870066424,351.6557922363281,88283100,0.0,0.0,0.0
2022-10-21 00:00:00-04:00,351.37671849964545,360.6923520091851,349.8562033143349,360.2015686035156,131038400,0.0,0.0,0.0
2022-10-24 00:00:00-04:00,361.74137896509524,365.7544022149723,359.0659909733299,364.60919189453125,85436900,0.0,0.0,0.0
2022-10-25 00:00:00-04:00,364.53215864215014,370.74899271065016,364.416680202624,370.4314270019531,78846300,0.0,0.0,0.0
2022-10-26 00:00:00-04:00,367.2556260403501,372.9912804112845,366.9957995493151,367.64056396484375,104087300,0.0,0.0,0.0
2022-10-27 00:00:00-04:00,368.651116983852,370.508464053823,365.05187193362974,365.67742919921875,81971800,0.0,0.0,0.0
2022-10-28 00:00:00-04:00,365.57146200711037,374.8582243796141,365.38861137088577,374.3770446777344,100302000,0.0,0.0,0.0
2022-10-31 00:00:00-04:00,371.8941742829306,373.78039051101996,370.75859722298037,371.6728210449219,96631300,0.0,0.0,0.0
2022-11-01 00:00:00-04:00,375.45493257095166,375.69552243515034,368.86276441813186,370.04644775390625,85407600,0.0,0.0,0.0
2022-11-02 00:00:00-04:00,369.44984103766876,374.00181247499194,360.6538896494972,360.7597351074219,126990400,0.0,0.0,0.0
2022-11-03 00:00:00-04:00,357.4876905818057,360.1149426332723,354.9085741274679,357.0450134277344,87100100,0.0,0.0,0.0
2022-11-04 00:00:00-04:00,362.8095488271917,364.609156479117,356.07303200546664,362.18402099609375,103505200,0.0,0.0,0.0
2022-11-07 00:00:00-05:00,363.49282365285416,366.2451872849651,361.39488684633864,365.6485290527344,68286900,0.0,0.0,0.0
2022-11-08 00:00:00-05:00,366.7648238178479,370.6238949042184,363.502440305768,367.621337890625,84641100,0.0,0.0,0.0
2022-11-09 00:00:00-05:00,365.629281440746,366.79375772037304,359.5471616260403,360.047607421875,78495500,0.0,0.0,0.0
2022-11-10 00:00:00-05:00,373.44362792883896,380.1705414477744,371.124367156732,379.8337097167969,141455800,0.0,0.0,0.0
2022-11-11 00:00:00-05:00,380.69978507731844,384.31826613829907,378.79430272456955,383.5098876953125,93839900,0.0,0.0,0.0
2022-11-14 00:00:00-05:00,381.7295394766488,385.11703449189224,379.96840506811003,380.24749755859375,71903500,0.0,0.0,0.0
2022-11-15 00:00:00-05:00,386.05054164140967,387.16688228425386,379.6412232811692,383.49066162109375,93194500,0.0,0.0,0.0
2022-11-16 00:00:00-05:00,381.8450498874909,382.8074095101086,379.9299636365249,380.56512451171875,68508500,0.0,0.0,0.0
2022-11-17 00:00:00-05:00,375.76291669591336,380.0839312190446,375.4549839479505,379.400634765625,74496300,0.0,0.0,0.0
2022-11-18 00:00:00-05:00,382.7689177938408,382.8362900178735,378.2458450601618,381.123291015625,92922500,0.0,0.0,0.0
2022-11-21 00:00:00-05:00,379.7855623535299,380.9211395005758,377.88007999493357,379.7374267578125,51243200,0.0,0.0,0.0
2022-11-22 00:00:00-05:00,381.7006596517402,385.01117873734574,380.2763569948089,384.8475646972656,60429000,0.0,0.0,0.0
2022-11-23 00:00:00-05:00,384.510739070386,387.7635189859373,384.27978218086406,387.2727355957031,68261600,0.0,0.0,0.0
2022-11-25 00:00:00-05:00,386.7048859474889,387.7442506029543,386.42582285180555,387.1860656738281,30545400,0.0,0.0,0.0
2022-11-28 00:00:00-05:00,384.06807837532085,385.7233380152527,380.2378767028702,381.0077819824219,67881600,0.0,0.0,0.0
2022-11-29 00:00:00-05:00,381.1424449409695,382.3453942424735,378.49595647766074,380.35333251953125,52310000,0.0,0.0,0.0
2022-11-30 00:00:00-05:00,380.603581661163,392.3347473144531,378.66925887231594,392.3347473144531,144566700,0.0,0.0,0.0
2022-12-01 00:00:00-05:00,393.3836543284982,394.5673670023016,389.5149799858087,392.0459899902344,76398200,0.0,0.0,0.0
2022-12-02 00:00:00-05:00,387.10912055286985,392.5079434136724,387.0032751017398,391.5937194824219,85342700,0.0,0.0,0.0
2022-12-05 00:00:00-05:00,388.74515834977194,389.68825192816416,383.1827212342418,384.54925537109375,77289800,0.0,0.0,0.0
2022-12-06 00:00:00-05:00,384.38568907270064,384.9342117310818,376.89853246755,379.0060729980469,77972200,0.0,0.0,0.0
2022-12-07 00:00:00-05:00,378.1495773241654,380.7479599487779,377.216087352837,378.3612976074219,65927900,0.0,0.0,0.0
2022-12-08 00:00:00-05:00,380.26677586493946,382.4031859233919,378.46713879312887,381.3253479003906,60737900,0.0,0.0,0.0
2022-12-09 00:00:00-05:00,380.07429655718465,382.6534131944696,378.35166467807164,378.4767761230469,81447700,0.0,0.0,0.0
2022-12-12 00:00:00-05:00,379.27553374603605,383.9333801269531,378.6018996369105,383.9333801269531,75405800,0.0,0.0,0.0
2022-12-13 00:00:00-05:00,394.7791578944418,395.0389844147016,384.0488541845209,386.8396911621094,123782500,0.0,0.0,0.0
2022-12-14 00:00:00-05:00,386.4932004010938,390.23679310525836,381.3927065914141,384.36639404296875,108111300,0.0,0.0,0.0
2022-12-15 00:00:00-05:00,379.45834432599594,380.37259761113387,373.28964569069433,374.9641418457031,117705900,0.0,0.0,0.0
2022-12-16 00:00:00-05:00,372.38378215185156,373.7372663204885,368.38133400290076,370.5372314453125,119858000,1.781,0.0,0.0
2022-12-19 00:00:00-05:00,370.7306622854143,371.0690407612983,365.7130780252624,367.395263671875,79878100,0.0,0.0,0.0
2022-12-20 00:00:00-05:00,366.63147156997127,369.53180746862347,365.2973123359925,367.89794921875,74427200,0.0,0.0,0.0
2022-12-21 00:00:00-05:00,370.5179148047347,374.53971749870686,369.9765211251368,373.39892578125,78167400,0.0,0.0,0.0
2022-12-22 00:00:00-05:00,370.3245723752597,373.3795966336273,362.31964585149734,368.0719909667969,100120900,0.0,0.0,0.0
2022-12-23 00:00:00-05:00,367.03753146517226,370.3342504077494,365.4713546750832,370.1892395019531,59857300,0.0,0.0,0.0
2022-12-27 00:00:00-05:00,370.07323722730376,370.42126340728043,367.0375378622508,368.7294006347656,51638200,0.0,0.0,0.0
2022-12-28 00:00:00-05:00,368.6616903684727,370.65328153494426,363.914833150666,364.1468505859375,70911500,0.0,0.0,0.0
2022-12-29 00:00:00-05:00,367.01817491228553,371.5813712121696,366.4864289651558,370.70159912109375,66970900,0.0,0.0,0.0
2022-12-30 00:00:00-05:00,367.9946461194625,369.870169590767,365.8580440218217,369.72515869140625,84022200,0.0,0.0,0.0
2023-01-03 00:00:00-05:00,371.6007232288444,373.59228498534856,365.2779822862928,368.1686706542969,74850700,0.0,0.0,0.0
2023-01-04 00:00:00-05:00,370.4502991286672,373.0606137298058,367.37594957888035,371.01104736328125,85934100,0.0,0.0,0.0
2023-01-05 00:00:00-05:00,369.03877846602404,369.1547871931726,366.1771216826261,366.7765197753906,76970500,0.0,0.0,0.0
2023-01-06 00:00:00-05:00,369.899188748885,376.3186135568416,366.8055145734649,375.1874694824219,104189600,0.0,0.0,0.0
2023-01-09 00:00:00-05:00,377.40135515834453,380.62074439964675,374.79107065582673,374.9747314453125,73978100,0.0,0.0,0.0
2023-01-10 00:00:00-05:00,374.3850708968416,377.67211274573543,373.43761710059596,377.60443115234375,65358100,0.0,0.0,0.0
2023-01-11 00:00:00-05:00,379.1996293012979,382.45766887856325,378.37786148565715,382.38031005859375,68881100,0.0,0.0,0.0
2023-01-12 00:00:00-05:00,383.49211635979185,385.2516311546542,379.3833069228364,383.7724609375,90157700,0.0,0.0,0.0
2023-01-13 00:00:00-05:00,380.5434069776886,385.84136459387025,380.2727101362045,385.26129150390625,63903900,0.0,0.0,0.0
2023-01-17 00:00:00-05:00,385.24197609245294,386.93383876956204,383.86913739566575,384.5555419921875,62677300,0.0,0.0,0.0
2023-01-18 00:00:00-05:00,385.7543556522129,386.82746578377805,378.2811461230408,378.4841613769531,99632300,0.0,0.0,0.0
2023-01-19 00:00:00-05:00,376.4249341646831,378.0877946809782,374.39472253168697,375.7288818359375,86958900,0.0,0.0,0.0
2023-01-20 00:00:00-05:00,377.1403531634633,382.8830206422978,375.47749272340116,382.72833251953125,91806400,0.0,0.0,0.0
2023-01-23 00:00:00-05:00,383.54044837010724,389.2734390000284,382.57366966676494,387.320556640625,84178800,0.0,0.0,0.0
2023-01-24 00:00:00-05:00,385.6287216478806,387.82329884097453,384.4299254107055,386.9048767089844,59524900,0.0,0.0,0.0
2023-01-25 00:00:00-05:00,382.7960452634292,387.38824417476695,380.4854299651901,387.04986572265625,84800300,0.0,0.0,0.0
2023-01-26 00:00:00-05:00,389.73753403557015,391.46807631163625,386.74051391886957,391.3037109375,72287400,0.0,0.0,0.0
2023-01-27 00:00:00-05:00,390.24993725303113,394.6004418898706,390.0372447350802,392.20281982421875,68346200,0.0,0.0,0.0
2023-01-30 00:00:00-05:00,389.41846361771564,391.6710745979234,386.9821918208505,387.2818908691406,74202000,0.0,0.0,0.0
2023-01-31 00:00:00-05:00,387.8039547265191,393.0245539413983,387.4558990435297,392.9762268066406,86811800,0.0,0.0,0.0
2023-02-01 00:00:00-05:00,391.74839003332494,399.92735910448135,388.98341710417714,397.1526794433594,101459200,0.0,0.0,0.0
2023-02-02 00:00:00-05:00,401.0777625537705,404.4131605811476,399.163559776095,402.9339904785156,101654500,0.0,0.0,0.0
2023-02-03 00:00:00-05:00,397.91639240208616,403.11766588570333,397.43300311184277,398.6511535644531,94736800,0.0,0.0,0.0
2023-02-06 00:00:00-05:00,396.17622436494423,397.62639231476203,394.54236611451677,396.2148742675781,60295300,0.0,0.0,0.0
2023-02-07 00:00:00-05:00,395.28683217754036,402.6536817068585,394.03003157419744,401.3968811035156,90990700,0.0,0.0,0.0
2023-02-08 00:00:00-05:00,399.4052816651165,400.75876591933667,396.31157808083276,397.0076599121094,76227500,0.0,0.0,0.0
2023-02-09 00:00:00-05:00,400.6427137171606,400.7974018299612,392.3284120525078,393.5658874511719,78694900,0.0,0.0,0.0
2023-02-10 00:00:00-05:00,392.3767447314671,394.8710500180244,391.5550065322148,394.4843444824219,70769700,0.0,0.0,0.0
2023-02-13 00:00:00-05:00,395.1417881132916,399.2505975536563,394.67772371985546,399.115234375,64913500,0.0,0.0,0.0
2023-02-14 00:00:00-05:00,397.578065797823,401.26149030908425,394.9387788116209,398.93157958984375,88389300,0.0,0.0,0.0
2023-02-15 00:00:00-05:00,396.717669682825,400.3044106179049,395.86689965424887,400.2270812988281,61555700,0.0,0.0,0.0
2023-02-16 00:00:00-05:00,395.20946671680116,399.1925901765336,394.5810664725947,394.7164001464844,76431500,0.0,0.0,0.0
2023-02-17 00:00:00-05:00,392.5701698812489,393.97201084530985,390.6269351871185,393.7303161621094,89257800,0.0,0.0,0.0
2023-02-21 00:00:00-05:00,389.6698388747305,390.7333013957311,385.5707064342329,385.83172607421875,82655900,0.0,0.0,0.0
2023-02-22 00:00:00-05:00,386.24738143518493,387.80391034644146,383.8304348989882,385.2999572753906,83742300,0.0,0.0,0.0
2023-02-23 00:00:00-05:00,388.2196738346871,388.8384263986289,383.08608101470145,387.3495788574219,96242400,0.0,0.0,0.0
2023-02-24 00:00:00-05:00,382.28360125842454,384.05279308823594,380.56273655639154,383.2117004394531,108194400,0.0,0.0,0.0
2023-02-27 00:00:00-05:00,386.5858285163745,387.9586673744243,383.5694834240364,384.5169372558594,80444700,0.0,0.0,0.0
2023-02-28 00:00:00-05:00,384.0335713378203,386.0154561691752,382.9894336628025,383.0957946777344,96438600,0.0,0.0,0.0
2023-03-01 00:00:00-05:00,382.2739754241372,383.511450999788,380.31141581188444,381.626220703125,99706800,0.0,0.0,0.0
2023-03-02 00:00:00-05:00,379.63459850427716,385.44494710093625,379.29622010695476,384.59417724609375,85127800,0.0,0.0,0.0
2023-03-03 00:00:00-05:00,386.43111923732835,391.01367049584815,385.7737167795645,390.7622985839844,90120000,0.0,0.0,0.0
2023-03-06 00:00:00-05:00,391.59367761576857,393.91396996237825,390.58824906956335,391.032958984375,72795900,0.0,0.0,0.0
2023-03-07 00:00:00-05:00,390.9846530099192,391.2263476837906,384.4202174065238,385.0389404296875,108310600,0.0,0.0,0.0
2023-03-08 00:00:00-05:00,385.154997362672,386.43112287984667,383.4147779240316,385.6673889160156,74746600,0.0,0.0,0.0
2023-03-09 00:00:00-05:00,386.4601228702266,388.1423379350798,377.55609896389603,378.5518798828125,111945300,0.0,0.0,0.0
2023-03-10 00:00:00-05:00,378.00079187237594,380.09871461859655,371.552394509817,373.0895690917969,189253000,0.0,0.0,0.0
2023-03-13 00:00:00-04:00,369.1258084161372,377.42078697815566,368.00434147635104,372.557861328125,157790000,0.0,0.0,0.0
2023-03-14 00:00:00-04:00,377.52706866178323,380.3790775248741,374.1916704662189,378.7162170410156,149752400,0.0,0.0,0.0
2023-03-15 00:00:00-04:00,373.0702914062518,376.55067154027694,370.9626911648723,376.34765625,172996900,0.0,0.0,0.0
2023-03-16 00:00:00-04:00,373.9693310207148,383.29873925578954,373.4569395073944,382.95068359375,143254200,0.0,0.0,0.0
2023-03-17 00:00:00-04:00,381.607585016245,382.7527306190726,377.07548456199856,378.47296142578125,140553400,1.506,0.0,0.0
2023-03-20 00:00:00-04:00,379.2590034186081,382.52950649859656,378.5505805072956,382.1121826171875,93055800,0.0,0.0,0.0
2023-03-21 00:00:00-04:00,385.50885188456004,387.614781311772,383.8978708110625,387.1295471191406,91524200,0.0,0.0,0.0
2023-03-22 00:00:00-04:00,386.9549219600287,390.6038634402555,380.49159809095227,380.5303955078125,111746600,0.0,0.0,0.0
2023-03-23 00:00:00-04:00,383.42242614721533,387.4984060130548,378.8224145740955,381.55914306640625,119351300,0.0,0.0,0.0
2023-03-24 00:00:00-04:00,380.2683614595609,384.15023533679164,377.90041602514236,384.0628967285156,107682400,0.0,0.0,0.0
2023-03-27 00:00:00-04:00,386.36287408760825,387.1392665762463,383.87847735665684,384.781005859375,74010400,0.0,0.0,0.0
2023-03-28 00:00:00-04:00,384.0822909335534,384.78102940791774,382.06372957224914,383.9173278808594,62871700,0.0,0.0,0.0
2023-03-29 00:00:00-04:00,388.1194194018951,389.7401146581548,386.90633390408976,389.49749755859375,77497900,0.0,0.0,0.0
2023-03-30 00:00:00-04:00,392.1566045137155,392.40893579573674,389.89542598659796,391.77813720703125,69840000,0.0,0.0,0.0
2023-03-31 00:00:00-04:00,392.70978323761483,397.600952726272,392.6030163030725,397.30010986328125,112062600,0.0,0.0,0.0
2023-04-03 00:00:00-04:00,396.77594510272803,399.2215144010565,396.3780495711138,398.8139343261719,67391100,0.0,0.0,0.0
2023-04-04 00:00:00-04:00,399.4642129941079,399.75537129479324,395.21355650468024,396.6013488769531,66601500,0.0,0.0,0.0
2023-04-05 00:00:00-04:00,395.86380062270194,396.6304790133016,393.89375079598193,395.5629577636719,65200200,0.0,0.0,0.0
2023-04-06 00:00:00-04:00,394.75741053080964,397.387401152786,393.69960355523335,397.10595703125,63743300,0.0,0.0,0.0
2023-04-10 00:00:00-04:00,394.602144584938,397.5912038623676,393.98106020522437,397.5135498046875,63681000,0.0,0.0,0.0
2023-04-11 00:00:00-04:00,398.1443920612367,399.0372064417564,396.8439679043257,397.6203308105469,59297900,0.0,0.0,0.0
2023-04-12 00:00:00-04:00,399.70679952228363,399.997957800693,395.40763178650366,395.9996032714844,86420400,0.0,0.0,0.0
2023-04-13 00:00:00-04:00,397.09626466658324,401.6186510996425,395.9414048667764,401.25958251953125,85814800,0.0,0.0,0.0
2023-04-14 00:00:00-04:00,400.61908883486547,402.8317557734293,397.95030052835284,400.2794189453125,78161500,0.0,0.0,0.0
2023-04-17 00:00:00-04:00,400.1920557220782,401.73509694861116,398.9498573350132,401.7156982421875,66436400,0.0,0.0,0.0
2023-04-18 00:00:00-04:00,403.30725918530067,403.4431389820466,400.5899594138446,401.97772216796875,63560000,0.0,0.0,0.0
2023-04-19 00:00:00-04:00,400.04650809005335,402.82203365818003,399.988282352005,401.9098205566406,55227300,0.0,0.0,0.0
2023-04-20 00:00:00-04:00,399.06629536917717,401.4827817812853,398.1540527201049,399.7165222167969,75840400,0.0,0.0,0.0
2023-04-21 00:00:00-04:00,400.01741596465905,400.49293605549497,398.05708024389907,400.0271301269531,73457400,0.0,0.0,0.0
2023-04-24 00:00:00-04:00,399.8233134257065,400.8714360055101,398.4743775923548,400.4444274902344,64332100,0.0,0.0,0.0
2023-04-25 00:00:00-04:00,398.45490691915677,399.017795182354,394.02957333694803,394.0877990722656,97766700,0.0,0.0,0.0
2023-04-26 00:00:00-04:00,394.7088998740794,395.7958197187947,391.8557204735294,392.4185791015625,80447000,0.0,0.0,0.0
2023-04-27 00:00:00-04:00,394.9806882582914,400.50265651504327,394.7283569654648,400.2309265136719,92968400,0.0,0.0,0.0
2023-04-28 00:00:00-04:00,399.33808997017496,403.65668681887996,399.2798642270942,403.64697265625,89335600,0.0,0.0,0.0
2023-05-01 00:00:00-04:00,403.200522335213,405.28702354957994,403.00641680145253,403.2393493652344,62122300,0.0,0.0,0.0
2023-05-02 00:00:00-04:00,402.5211478725683,402.5696890599957,395.77641059303534,398.70721435546875,103998500,0.0,0.0,0.0
2023-05-03 00:00:00-04:00,399.2118195023186,401.64770437490137,395.7278419131247,395.970458984375,91531800,0.0,0.0,0.0
2023-05-04 00:00:00-04:00,394.91272494332975,395.24268066712455,391.81692817389546,393.1658935546875,94901900,0.0,0.0,0.0
2023-05-05 00:00:00-04:00,396.834283435125,401.5022346160565,396.57226759834845,400.4444274902344,87844000,0.0,0.0,0.0
2023-05-08 00:00:00-04:00,400.7743353366889,401.03635114215353,399.1342413754571,400.5511169433594,50046800,0.0,0.0,0.0
2023-05-09 00:00:00-04:00,398.98869171483597,399.92033311821206,398.56168323488316,398.7945861816406,49220100,0.0,0.0,0.0
2023-05-10 00:00:00-04:00,401.6574486554975,402.2979613255918,396.795392705803,400.6578674316406,96142900,0.0,0.0,0.0
2023-05-11 00:00:00-04:00,399.78449026719835,400.25029616925275,397.8629520721835,399.95916748046875,70157100,0.0,0.0,0.0
2023-05-12 00:00:00-04:00,401.2110935391288,401.4245977901843,396.9895497120096,399.43511962890625,70439400,0.0,0.0,0.0
2023-05-15 00:00:00-04:00,400.04649304279087,401.2207515377264,398.11527036535244,400.81317138671875,54289400,0.0,0.0,0.0
2023-05-16 00:00:00-04:00,399.697175306011,400.6288464669636,398.1250209443857,398.1347351074219,57705500,0.0,0.0,0.0
2023-05-17 00:00:00-04:00,400.1726973107689,403.579021652724,398.51320444590107,402.9676513671875,87287000,0.0,0.0,0.0
2023-05-18 00:00:00-04:00,402.6473122489902,407.27646523015943,402.42412348308477,406.8494567871094,97177200,0.0,0.0,0.0
2023-05-19 00:00:00-04:00,407.7617205962154,408.2954663695949,405.0249926007152,406.2574768066406,103679700,0.0,0.0,0.0
2023-05-22 00:00:00-04:00,406.27689050251644,407.9752101411121,405.0249780192039,406.4224548339844,60745400,0.0,0.0,0.0
2023-05-23 00:00:00-04:00,404.7629582072301,406.35454064219726,401.46337148110194,401.86126708984375,86383500,0.0,0.0,0.0
2023-05-24 00:00:00-04:00,400.24059920417324,400.62878064928873,397.775601122354,398.9498596191406,89213700,0.0,0.0,0.0
2023-05-25 00:00:00-04:00,402.4920322006636,403.870110282688,400.2308539864733,402.4046936035156,90961600,0.0,0.0,0.0
2023-05-26 00:00:00-04:00,403.0646504780238,408.3440012437636,402.98702603279827,407.61614990234375,93830000,0.0,0.0,0.0
2023-05-30 00:00:00-04:00,409.5667652310189,410.10051098827387,406.37391599939184,407.7713928222656,72216000,0.0,0.0,0.0
2023-05-31 00:00:00-04:00,405.92757878713854,406.8398215819354,403.928415968673,405.5102844238281,110811800,0.0,0.0,0.0
2023-06-01 00:00:00-04:00,405.7431486299385,410.4305278046026,404.4815514979341,409.3630065917969,88865000,0.0,0.0,0.0
2023-06-02 00:00:00-04:00,411.9638523391995,416.07862904316585,411.4301065443092,415.2828674316406,91366700,0.0,0.0,0.0
2023-06-05 00:00:00-04:00,415.63226735745394,416.932691654072,413.7786688821428,414.48712158203125,65460200,0.0,0.0,0.0
2023-06-06 00:00:00-04:00,414.0697645963024,415.9233331749512,413.4098235769365,415.38958740234375,64022200,0.0,0.0,0.0
2023-06-07 00:00:00-04:00,415.7875077033556,416.9326533736374,413.52629961547433,413.95330810546875,85373300,0.0,0.0,0.0
2023-06-08 00:00:00-04:00,414.02123756211967,416.9132441502529,413.2448746633565,416.4571228027344,61952800,0.0,0.0,0.0
2023-06-09 00:00:00-04:00,417.2625714359286,419.2326210393688,416.204764468204,417.204345703125,85742800,0.0,0.0,0.0
2023-06-12 00:00:00-04:00,418.194242237204,421.0668203143709,417.4663909610866,420.9891662597656,76104300,0.0,0.0,0.0
2023-06-13 00:00:00-04:00,422.4642854492551,424.4149066761851,421.7946599244401,423.76470947265625,95899700,0.0,0.0,0.0
2023-06-14 00:00:00-04:00,424.1043851094063,426.0938333897445,420.7853703055735,424.26934814453125,100612100,0.0,0.0,0.0
2023-06-15 00:00:00-04:00,423.4444413767819,430.7908938812354,423.34741823502816,429.529296875,110303100,0.0,0.0,0.0
2023-06-16 00:00:00-04:00,431.5339523095055,432.10865200218734,427.5889672468764,428.0662536621094,114121300,1.638,0.0,0.0
2023-06-20 00:00:00-04:00,426.1083557168095,427.00448646134066,423.75108536881726,425.8453369140625,76160400,0.0,0.0,0.0
2023-06-21 00:00:00-04:00,424.85179218462685,425.6602599023348,423.0692214907974,423.6634216308594,76982300,0.0,0.0,0.0
2023-06-22 00:00:00-04:00,422.6991844112322,425.29994386915916,422.35825275935235,425.19281005859375,70637200,0.0,0.0,0.0
2023-06-23 00:00:00-04:00,421.70559315449873,423.7803742685924,421.2575277104513,421.97833251953125,92074500,0.0,0.0,0.0
2023-06-26 00:00:00-04:00,421.40354965036323,423.34194583639254,420.01063208679795,420.254150390625,72823600,0.0,0.0,0.0
2023-06-27 00:00:00-04:00,421.1406050558911,425.48496373154705,420.68278940729704,424.861572265625,72813700,0.0,0.0,0.0
2023-06-28 00:00:00-04:00,423.77058230253635,426.0986317858107,423.1471908408459,425.07586669921875,75636000,0.0,0.0,0.0
2023-06-29 00:00:00-04:00,424.65699951195626,426.9168567659676,424.247905361188,426.7512512207031,67882300,0.0,0.0,0.0
2023-06-30 00:00:00-04:00,429.99490966568123,432.78074496852855,429.6734488375943,431.7872009277344,104921500,0.0,0.0,0.0
2023-07-03 00:00:00-04:00,431.4365880280361,432.5664869725604,431.154098428725,432.2840270996094,32793400,0.0,0.0,0.0
2023-07-05 00:00:00-04:00,430.4527122131005,432.3813879439363,430.442961968195,431.6410827636719,58418400,0.0,0.0,0.0
2023-07-06 00:00:00-04:00,428.02724879550436,428.6896114219704,425.72842063858405,428.2610168457031,80658300,0.0,0.0,0.0
2023-07-07 00:00:00-04:00,427.25775207664765,431.16379530030736,426.93629125913884,427.1798095703125,86076100,0.0,0.0,0.0
2023-07-10 00:00:00-04:00,426.81937784131736,428.4363428833522,426.24467823367587,428.2610168457031,62443500,0.0,0.0,0.0
2023-07-11 00:00:00-04:00,429.0306276136978,431.4852818040741,428.0468039977766,430.9884948730469,64463800,0.0,0.0,0.0
2023-07-12 00:00:00-04:00,434.81657831783224,435.8783146077755,433.37493918651154,434.4561462402344,91924500,0.0,0.0,0.0
2023-07-13 00:00:00-04:00,436.2874535946346,438.7031662377606,435.8491384168472,437.9044189453125,72425200,0.0,0.0,0.0
2023-07-14 00:00:00-04:00,438.8005526873744,439.65771222475354,436.86212659849105,437.63165283203125,69761800,0.0,0.0,0.0
2023-07-17 00:00:00-04:00,437.48549673235584,440.2128897747581,437.43677523702615,439.1511535644531,52680200,0.0,0.0,0.0
2023-07-18 00:00:00-04:00,438.8200347136693,443.06698015944903,438.3816898250766,442.41436767578125,80744400,0.0,0.0,0.0
2023-07-19 00:00:00-04:00,443.2131170478764,444.5962845348713,442.33642726652124,443.398193359375,65891700,0.0,0.0,0.0
2023-07-20 00:00:00-04:00,442.3948774694611,443.3007584912939,439.7356466966679,440.4564514160156,70591600,0.0,0.0,0.0
2023-07-21 00:00:00-04:00,442.1903006763833,442.3948774694611,440.4467308970769,440.4564514160156,71245400,0.0,0.0,0.0
2023-07-24 00:00:00-04:00,441.6156053010378,443.2423207844018,440.57333974034657,442.4241027832031,54023400,0.0,0.0,0.0
2023-07-25 00:00:00-04:00,442.1514076693892,444.8982720458587,442.10268616391835,443.6319885253906,55191200,0.0,0.0,0.0
2023-07-26 00:00:00-04:00,442.687120179267,445.1417743398263,441.6253837862583,443.7001647949219,71052900,0.0,0.0,0.0
2023-07-27 00:00:00-04:00,447.11915133944154,447.52827523786544,439.8428220155656,440.7584533691406,92194400,0.0,0.0,0.0
2023-07-28 00:00:00-04:00,444.0605333424016,445.91126663621435,440.7584106419101,445.0735778808594,80011800,0.0,0.0,0.0
2023-07-31 00:00:00-04:00,445.55092888526013,446.2814839539918,444.2261735695851,445.92108154296875,62040400,0.0,0.0,0.0
2023-08-01 00:00:00-04:00,444.4404122184633,445.395014750363,443.68063623637426,444.6449890136719,55291500,0.0,0.0,0.0
2023-08-02 00:00:00-04:00,441.4987599543318,441.7617490657216,437.6998797135655,438.45965576171875,93933400,0.0,0.0,0.0
2023-08-03 00:00:00-04:00,436.42378673872713,439.1024881730683,435.7711445823999,437.2030334472656,64276100,0.0,0.0,0.0
2023-08-04 00:00:00-04:00,439.03433834610644,441.15781109952064,434.69970007921177,435.2257080078125,100052300,0.0,0.0,0.0
2023-08-07 00:00:00-04:00,437.07645044173086,439.180452473231,436.37511643123077,439.02459716796875,58357500,0.0,0.0,0.0
2023-08-08 00:00:00-04:00,436.46274478186683,439.01484176057045,433.725601227127,437.1153869628906,71361300,0.0,0.0,0.0
2023-08-09 00:00:00-04:00,437.3881355250402,437.5537410667036,433.42365003419826,434.19317626953125,78789600,0.0,0.0,0.0
2023-08-10 00:00:00-04:00,436.56991547990276,439.98892228140517,433.1704091693041,434.3490295410156,93005500,0.0,0.0,0.0
2023-08-11 00:00:00-04:00,432.4593889406208,435.11862014926663,431.8554681604152,434.0958251953125,68664600,0.0,0.0,0.0
2023-08-14 00:00:00-04:00,433.17044035569324,436.49200439453125,432.8587297423723,436.49200439453125,47867400,0.0,0.0,0.0
2023-08-15 00:00:00-04:00,434.6996914970112,435.06012359694716,430.83261921259293,431.4073486328125,75707500,0.0,0.0,0.0
2023-08-16 00:00:00-04:00,430.98844111659446,432.6638482927137,428.13441363341985,428.2415771484375,80107200,0.0,0.0,0.0
2023-08-17 00:00:00-04:00,429.72218687393826,429.985175967292,424.45244667677787,424.97845458984375,95711300,0.0,0.0,0.0
2023-08-18 00:00:00-04:00,422.13418989713045,426.22531011899486,421.7835377373851,425.18304443359375,98758400,0.0,0.0,0.0
2023-08-21 00:00:00-04:00,426.2057717615397,428.6993970971765,424.0336072701389,427.9493713378906,68719000,0.0,0.0,0.0
2023-08-22 00:00:00-04:00,429.7416631589512,429.7416631589512,426.22527271805467,426.79022216796875,65062900,0.0,0.0,0.0
2023-08-23 00:00:00-04:00,427.8616749592398,432.16709180279753,427.7155699170463,431.5436706542969,68441000,0.0,0.0,0.0
2023-08-24 00:00:00-04:00,433.16065654981514,433.6769142078476,425.5336459923203,425.5628967285156,88517300,0.0,0.0,0.0
2023-08-25 00:00:00-04:00,427.30648638229246,429.8585537812075,423.7219036193333,428.56304931640625,102325100,0.0,0.0,0.0
2023-08-28 00:00:00-04:00,430.77425499161495,431.90418381842204,428.56311884880387,431.2807922363281,61595400,0.0,0.0,0.0
2023-08-29 00:00:00-04:00,431.1735437614665,437.7972600904608,430.98846745487197,437.5147705078125,83081900,0.0,0.0,0.0
2023-08-30 00:00:00-04:00,437.85572346311113,439.95972547776927,437.14463921223677,439.31683349609375,69053900,0.0,0.0,0.0
2023-08-31 00:00:00-04:00,439.94020308607463,441.0896024538122,438.48884337132733,438.6739196777344,66084600,0.0,0.0,0.0
2023-09-01 00:00:00-04:00,441.4208329161118,441.9078695909099,438.02129671209656,439.4921569824219,58875700,0.0,0.0,0.0
2023-09-05 00:00:00-04:00,439.0440407038739,439.36547179240625,437.5244888326453,437.5926513671875,55166200,0.0,0.0,0.0
2023-09-06 00:00:00-04:00,436.7744736941856,436.8816372178162,432.30348069233634,434.6510009765625,70758500,0.0,0.0,0.0
2023-09-07 00:00:00-04:00,431.6215901080159,433.9983312522978,431.2709380013302,433.3164978027344,70355400,0.0,0.0,0.0
2023-09-08 00:00:00-04:00,433.3652260097677,435.51791978263486,433.0048236276994,433.9691467285156,61659700,0.0,0.0,0.0
2023-09-11 00:00:00-04:00,436.6186043573603,437.1348620147967,434.89450532622925,436.82318115234375,60180100,0.0,0.0,0.0
2023-09-12 00:00:00-04:00,435.36207268757624,436.90109541972345,433.8425207199116,434.42694091796875,67565400,0.0,0.0,0.0
2023-09-13 00:00:00-04:00,434.650982103864,436.1023417850181,433.54052429112454,434.9334716796875,60199300,0.0,0.0,0.0
2023-09-14 00:00:00-04:00,437.4270911503676,439.384958212086,436.1120862886206,438.6836242675781,83430800,0.0,0.0,0.0
2023-09-15 00:00:00-04:00,437.0834832144138,437.4158327666278,432.95839314801873,433.39825439453125,111761400,1.583,0.0,0.0
2023-09-18 00:00:00-04:00,433.0854327520232,434.9622635141281,432.6064627970625,433.65240478515625,55752200,0.0,0.0,0.0
2023-09-19 00:00:00-04:00,432.72381922415445,433.3201154224225,430.0454532295928,432.7531433105469,66514600,0.0,0.0,0.0
2023-09-20 00:00:00-04:00,434.0238470457339,434.4441688205573,428.56932928566505,428.7746276855469,82562600,0.0,0.0,0.0
2023-09-21 00:00:00-04:00,425.90077594366056,426.16469269187604,421.5313085692554,421.6877136230469,103976100,0.0,0.0,0.0
2023-09-22 00:00:00-04:00,422.7238749981699,424.336759248272,420.3191808335087,420.7395324707031,100829700,0.0,0.0,0.0
2023-09-25 00:00:00-04:00,419.5176437627186,422.547898470282,419.077752682607,422.5088195800781,70874500,0.0,0.0,0.0
2023-09-26 00:00:00-04:00,419.439432018477,420.15302449578013,415.4609622919606,416.3016357421875,96168400,0.0,0.0,0.0
2023-09-27 00:00:00-04:00,417.48439133556235,418.0513633643946,412.7923592127114,416.4677734375,104705800,0.0,0.0,0.0
2023-09-28 00:00:00-04:00,415.9106564703267,420.5733649661584,415.3143603011989,418.88226318359375,92258300,0.0,0.0,0.0
2023-09-29 00:00:00-04:00,421.96139691596545,422.1373414072314,416.3309345457559,417.8656311035156,115078500,0.0,0.0,0.0
2023-10-02 00:00:00-04:00,417.0249791415545,418.9604581386107,414.91355564418797,417.699462890625,83798600,0.0,0.0,0.0
2023-10-03 00:00:00-04:00,415.5000820918696,417.7581260874009,410.729832148183,412.1081237792969,103760600,0.0,0.0,0.0
2023-10-04 00:00:00-04:00,412.5773245188018,415.86174118597603,411.10127604748675,415.10906982421875,87453000,0.0,0.0,0.0
2023-10-05 00:00:00-04:00,414.8158016254417,415.80309549159205,411.697574633212,414.9526672363281,70142700,0.0,0.0,0.0
2023-10-06 00:00:00-04:00,412.47961126039746,421.4336002614177,411.14042825750295,419.8793640136719,113202700,0.0,0.0,0.0
2023-10-09 00:00:00-04:00,417.9633844028283,423.14420123252046,417.40622681216456,422.5674743652344,80374400,0.0,0.0,0.0
2023-10-10 00:00:00-04:00,423.202855460451,427.38659384117693,422.80207308974036,424.7668762207031,78607300,0.0,0.0,0.0
2023-10-11 00:00:00-04:00,425.8421063481672,426.7609375172326,423.43741232724693,426.5068054199219,62451700,0.0,0.0,0.0
2023-10-12 00:00:00-04:00,427.1226603756323,427.50387345452793,421.5313065125249,423.9066467285156,81154200,0.0,0.0,0.0
2023-10-13 00:00:00-04:00,425.421777892383,426.63390960644494,420.2116668925535,421.79522705078125,95143100,0.0,0.0,0.0
2023-10-16 00:00:00-04:00,424.06308250460796,427.30842046983895,423.8187051848987,426.233154296875,75433200,0.0,0.0,0.0
2023-10-17 00:00:00-04:00,423.0757960416815,428.28593729516797,422.72390701408335,426.2135925292969,75324700,0.0,0.0,0.0
2023-10-18 00:00:00-04:00,424.4247382272408,425.3924628264014,419.4394351496232,420.53424072265625,93559800,0.0,0.0,0.0
2023-10-19 00:00:00-04:00,421.2576248349315,423.0855623664448,416.15502533712146,416.8392639160156,121323000,0.0,0.0,0.0
2023-10-20 00:00:00-04:00,416.3993177390122,416.946720422988,411.6094995074107,411.717041015625,123845800,0.0,0.0,0.0
2023-10-23 00:00:00-04:00,410.1726511918485,414.9038223184938,408.40336179651354,411.0035400390625,92035100,0.0,0.0,0.0
2023-10-24 00:00:00-04:00,413.1442945629212,415.26550284339015,411.27724824329425,414.1022644042969,78564200,0.0,0.0,0.0
2023-10-25 00:00:00-04:00,412.4013823638362,412.4307064474165,407.64088736705776,408.1589660644531,94223200,0.0,0.0,0.0
2023-10-26 00:00:00-04:00,407.0837024187674,407.9438854230487,402.34277701715826,403.2713928222656,115156800,0.0,0.0,0.0
2023-10-27 00:00:00-04:00,404.8745791501567,405.2753615427014,400.00657209936367,401.4435119628906,107367700,0.0,0.0,0.0
2023-10-30 00:00:00-04:00,404.25869952338684,407.3085234329511,402.9488407843413,406.2430419921875,86562700,0.0,0.0,0.0
2023-10-31 00:00:00-04:00,406.8197848189247,409.11693747926455,404.8940904395608,408.79437255859375,79665200,0.0,0.0,0.0
2023-11-01 00:00:00-04:00,409.77187916766434,413.9751569038601,409.23423119503474,413.154052734375,98068100,0.0,0.0,0.0
2023-11-02 00:00:00-04:00,416.9858880255394,421.2283044757911,416.96634857952904,421.0718994140625,94938900,0.0,0.0,0.0
2023-11-03 00:00:00-04:00,423.3983553166376,426.47750337482717,423.27127434580973,424.9134826660156,100110800,0.0,0.0,0.0
2023-11-06 00:00:00-05:00,425.67593799092367,426.3406370959797,423.92618814768423,425.8909912109375,67831700,0.0,0.0,0.0
2023-11-07 00:00:00-05:00,425.8909865146741,427.74824803183367,424.73753281605235,427.10308837890625,64256100,0.0,0.0,0.0
2023-11-08 00:00:00-05:00,427.70913437935815,428.23699769497836,425.0894169082568,427.4158935546875,61746000,0.0,0.0,0.0
2023-11-09 00:00:00-05:00,428.5693749791291,428.60848370202086,423.6525046258201,424.0826110839844,83174400,0.0,0.0,0.0
2023-11-10 00:00:00-05:00,426.17447481256386,431.0131274885478,424.072806152516,430.7003173828125,89462200,0.0,0.0,0.0
2023-11-13 00:00:00-05:00,429.351394403823,431.40413994370897,428.5596143055894,430.289794921875,52236100,0.0,0.0,0.0
2023-11-14 00:00:00-05:00,436.2819250150931,439.9377999752436,436.05708715382076,438.6377258300781,97176900,0.0,0.0,0.0
2023-11-15 00:00:00-05:00,439.98666702600025,441.22812284523997,438.7061323158723,439.56634521484375,77327600,0.0,0.0,0.0
2023-11-16 00:00:00-05:00,439.1166795607035,440.4265382956643,438.0414134853736,440.1039733886719,66665800,0.0,0.0,0.0
2023-11-17 00:00:00-05:00,440.11371924516214,441.2672027377204,439.185103432199,440.6513671875,83133200,0.0,0.0,0.0
2023-11-20 00:00:00-05:00,440.39721493671476,444.8937631847096,440.3874302988097,444.0433349609375,69936200,0.0,0.0,0.0
2023-11-21 00:00:00-05:00,442.98758927971426,443.9162349043682,441.7950269238906,443.0755615234375,49244600,0.0,0.0,0.0
2023-11-22 00:00:00-05:00,444.7471454758028,446.1156523862387,443.68166403013447,444.7862243652344,59394900,0.0,0.0,0.0
2023-11-24 00:00:00-05:00,444.8351284945164,445.25545030018225,444.5027789390216,445.0599365234375,29737400,0.0,0.0,0.0
2023-11-27 00:00:00-05:00,444.4245521926465,445.2456563416009,443.8673647886803,444.2583923339844,50506000,0.0,0.0,0.0
2023-11-28 00:00:00-05:00,443.867383882385,446.008131510795,443.30044164724757,444.6982727050781,62115000,0.0,0.0,0.0
2023-11-29 00:00:00-05:00,446.8683493865676,448.0120483391923,443.9847149867277,444.3854675292969,63146000,0.0,0.0,0.0
2023-11-30 00:00:00-05:00,445.2359315687219,446.48714223694196,443.1440474188456,446.1352233886719,79752700,0.0,0.0,0.0
2023-12-01 00:00:00-05:00,445.5194133819058,449.3121543279484,444.92314701389023,448.7745361328125,89097900,0.0,0.0,0.0
2023-12-04 00:00:00-05:00,445.3531587810642,448.7939801267892,444.1214877501192,446.41864013671875,72430900,0.0,0.0,0.0
2023-12-05 00:00:00-05:00,445.0208602097659,447.29844358283805,444.63961729227043,446.3307189941406,69793500,0.0,0.0,0.0
2023-12-06 00:00:00-05:00,448.49100491903886,448.5203290025261,444.0922134086644,444.5321044921875,69124700,0.0,0.0,0.0
2023-12-07 00:00:00-05:00,446.6337224725188,448.5789561923744,446.027671554647,447.9240417480469,66995400,0.0,0.0,0.0
2023-12-08 00:00:00-05:00,447.1713663732682,450.38738010975453,446.92698906447293,449.8497619628906,83080900,0.0,0.0,0.0
2023-12-11 00:00:00-05:00,449.3511976042757,451.7754311113343,449.13614439130106,451.5994567871094,65002200,0.0,0.0,0.0
2023-12-12 00:00:00-05:00,451.2475993020298,453.7598052309679,450.24076596900215,453.66204833984375,68327600,0.0,0.0,0.0
2023-12-13 00:00:00-05:00,454.0433110817396,460.1723138339398,453.6816373931266,459.91815185546875,93278000,0.0,0.0,0.0
2023-12-14 00:00:00-05:00,461.87313504052287,463.0754821947867,458.69622987886845,461.3941650390625,119026000,0.0,0.0,0.0
2023-12-15 00:00:00-05:00,460.7914691104517,461.9790722841804,458.7696383555202,460.6344299316406,141319300,1.906,0.0,0.0
2023-12-18 00:00:00-05:00,462.2539072749284,464.21685218338376,461.1841058940797,463.2255554199219,70375300,0.0,0.0,0.0
2023-12-19 00:00:00-05:00,463.7751898828678,466.120923487645,463.6966852634015,466.0423889160156,55761800,0.0,0.0,0.0
2023-12-20 00:00:00-05:00,465.17869531825653,467.0827543546259,459.1524697744098,459.5843200683594,102921000,0.0,0.0,0.0
2023-12-21 00:00:00-05:00,462.5973742504415,464.21682767615175,460.1535175531242,463.9420166015625,86667500,0.0,0.0,0.0
2023-12-22 00:00:00-05:00,465.08049046289705,466.5723476590316,462.9605364669926,464.8743896484375,67126600,0.0,0.0,0.0
2023-12-26 00:00:00-05:00,465.2866280947504,467.75010345254253,465.2080935295003,466.83734130859375,55387000,0.0,0.0,0.0
2023-12-27 00:00:00-05:00,466.6312747852937,467.82867239999376,466.0914769062102,467.68145751953125,68000300,0.0,0.0,0.0
2023-12-28 00:00:00-05:00,468.04457541887774,468.7021451712498,467.4360673069532,467.85809326171875,77158100,0.0,0.0,0.0
2023-12-29 00:00:00-05:00,467.6618229910359,468.1918265288325,464.5309233128284,466.5036926269531,122234100,0.0,0.0,0.0
2024-01-02 00:00:00-05:00,463.41200193747073,464.8940348140508,461.772929886034,463.8929138183594,123623700,0.0,0.0,0.0
2024-01-03 00:00:00-05:00,461.71406085489247,462.4599894747497,459.4959535651588,460.1044616699219,103585900,0.0,0.0,0.0
2024-01-04 00:00:00-05:00,459.62352762063693,462.234247882289,458.39668708144865,458.6224365234375,84232200,0.0,0.0,0.0
2024-01-05 00:00:00-05:00,458.8285239371963,461.72387950592247,457.78816558654415,459.2505798339844,86060800,0.0,0.0,0.0
2024-01-08 00:00:00-05:00,459.751155747246,465.95406913253754,459.6235595299662,465.8068542480469,74879100,0.0,0.0,0.0
2024-01-09 00:00:00-05:00,463.1273895276289,466.13069275931775,462.617034648156,465.10015869140625,65931400,0.0,0.0,0.0
2024-01-10 00:00:00-05:00,465.3749714238804,468.60402410810553,465.0903360323178,467.7304992675781,67310600,0.0,0.0,0.0
2024-01-11 00:00:00-05:00,468.74146092978486,469.26164017140127,463.5102255358753,467.5244445800781,77940700,0.0,0.0,0.0
2024-01-12 00:00:00-05:00,468.98677820454157,469.7327068294288,466.4251495619597,467.8482666015625,57944000,0.0,0.0,0.0
2024-01-16 00:00:00-05:00,466.4546094711113,467.77957332625357,464.2953580849732,466.1307067871094,85014900,0.0,0.0,0.0
2024-01-17 00:00:00-05:00,463.0783490739121,464.0303785701395,461.1644657720421,463.5396423339844,68843900,0.0,0.0,0.0
2024-01-18 00:00:00-05:00,465.2277716609403,468.221250691515,463.66723403940006,467.66180419921875,91856200,0.0,0.0,0.0
2024-01-19 00:00:00-05:00,468.8002927931282,473.7763651231368,467.71087279007605,473.4917297363281,110733300,0.0,0.0,0.0
2024-01-22 00:00:00-05:00,475.0424810520667,476.2300543073191,473.83525917880513,474.49285888671875,75844900,0.0,0.0,0.0
2024-01-23 00:00:00-05:00,475.04248137893603,476.12207709236566,473.9432370474837,475.876708984375,49945300,0.0,0.0,0.0
2024-01-24 00:00:00-05:00,478.77205810079477,479.7142632360057,475.8963511029374,476.39691162109375,81765000,0.0,0.0,0.0
2024-01-25 00:00:00-05:00,478.546362490478,479.2628482193967,476.396965208051,478.988037109375,72525000,0.0,0.0,0.0
2024-01-26 00:00:00-05:00,478.55611340600586,480.0577649469223,477.5255793895149,478.37945556640625,76641600,0.0,0.0,0.0
2024-01-29 00:00:00-05:00,478.69354747987603,482.31518305508706,478.14392532855254,482.1679382324219,61322800,0.0,0.0,0.0
2024-01-30 00:00:00-05:00,481.47111075404376,482.5114691291103,481.0294361816153,481.7950134277344,58618400,0.0,0.0,0.0
2024-01-31 00:00:00-05:00,479.5670527944145,480.01852172451737,473.91376202659535,473.93341064453125,126011100,0.0,0.0,0.0
2024-02-01 00:00:00-05:00,475.6509858532321,480.1657649961314,474.8363469677288,480.1363220214844,91891600,0.0,0.0,0.0
2024-02-02 00:00:00-05:00,480.5780156402237,486.8594338067115,480.23449426620925,485.1909484863281,99147700,0.0,0.0,0.0
2024-02-05 00:00:00-05:00,484.55297267858543,485.22036677277737,481.14726199372336,483.42425537109375,75757100,0.0,0.0,0.0
2024-02-06 00:00:00-05:00,484.37625990846743,485.1614558189623,482.93349424710465,484.8277587890625,55918600,0.0,0.0,0.0
2024-02-07 00:00:00-05:00,487.0949667191754,489.29345540498053,486.18217458429916,488.8714294433594,70556500,0.0,0.0,0.0
2024-02-08 00:00:00-05:00,488.87144668318996,489.4701305169981,488.04701339693975,489.0873718261719,52343600,0.0,0.0,0.0
2024-02-09 00:00:00-05:00,489.59774129316327,492.35567663881847,489.2542199256344,491.9140319824219,63979400,0.0,0.0,0.0
2024-02-12 00:00:00-05:00,491.88457176538435,494.1713894452359,490.97177960316253,491.6980895996094,56502300,0.0,0.0,0.0
2024-02-13 00:00:00-05:00,485.3675779113311,487.8801450306983,481.62817020820404,484.9259033203125,113099200,0.0,0.0,0.0
2024-02-14 00:00:00-05:00,487.58568295930564,489.82343883770176,485.23994954156973,489.33270263671875,68387800,0.0,0.0,0.0
2024-02-15 00:00:00-05:00,490.0393781661973,492.8954665329509,489.5584363078264,492.708984375,61683000,0.0,0.0,0.0
2024-02-16 00:00:00-05:00,492.4047064556252,493.5530123703475,489.50935094536004,490.2552795410156,75461200,0.0,0.0,0.0
2024-02-20 00:00:00-05:00,488.49844902332507,489.1756673822871,485.2890450259284,487.5562438964844,71736700,0.0,0.0,0.0
2024-02-21 00:00:00-05:00,486.2410802182536,488.1549334688022,484.4155259392156,487.9978942871094,59603800,0.0,0.0,0.0
2024-02-22 00:00:00-05:00,494.6719606242744,499.0689382221311,493.70028248904225,498.0972900390625,76402500,0.0,0.0,0.0
2024-02-23 00:00:00-05:00,499.8344394185865,500.6785212594889,497.7046610793081,498.4407653808594,61321800,0.0,0.0,0.0
2024-02-26 00:00:00-05:00,498.88243333368956,499.324107916151,496.48763816441505,496.615234375,50386700,0.0,0.0,0.0
2024-02-27 00:00:00-05:00,497.31209178999444,497.76356072076084,495.3982085724458,497.5378112792969,48854500,0.0,0.0,0.0
2024-02-28 00:00:00-05:00,495.9674568869859,497.469108528036,495.6043168750962,496.8802490234375,56506600,0.0,0.0,0.0
2024-02-29 00:00:00-05:00,498.6567095493246,500.295751750158,495.9871033156694,498.66650390625,83924800,0.0,0.0,0.0
2024-03-01 00:00:00-05:00,499.5498807243941,503.7799948247359,499.1376490980071,503.34814453125,76805900,0.0,0.0,0.0
2024-03-04 00:00:00-05:00,502.54333176640824,504.6731100589892,502.51385884091815,502.80828857421875,49799300,0.0,0.0,0.0
2024-03-05 00:00:00-05:00,500.78647580329834,501.23797468007746,495.5552410065555,497.7831726074219,72855600,0.0,0.0,0.0
2024-03-06 00:00:00-05:00,501.0907384749683,502.58259574187963,499.00022735337984,500.3055725097656,68382400,0.0,0.0,0.0
2024-03-07 00:00:00-05:00,503.6328082995346,506.3318576491991,500.364488132002,505.2718505859375,58652100,0.0,0.0,0.0
2024-03-08 00:00:00-05:00,505.90980197460954,508.61861557056596,501.6600095657121,502.23907470703125,86425500,0.0,0.0,0.0
2024-03-11 00:00:00-04:00,501.02202402970323,502.3960793512633,499.07869796282273,501.80718994140625,62557200,0.0,0.0,0.0
2024-03-12 00:00:00-04:00,503.9370328074364,507.79421228139387,501.394992847546,507.2053527832031,73114400,0.0,0.0,0.0
2024-03-13 00:00:00-04:00,507.5292018025495,507.7058596541813,504.9577487882575,506.4103088378906,55104100,0.0,0.0,0.0
2024-03-14 00:00:00-04:00,507.391774299899,507.5488434354038,502.33722721885914,505.40924072265625,110171800,0.0,0.0,0.0
2024-03-15 00:00:00-04:00,502.31293540387725,503.77989353927506,500.2552881350044,501.9388122558594,107585800,1.595,0.0,0.0
2024-03-18 00:00:00-04:00,506.0442443605613,507.5013175083765,504.5083926373261,504.921875,88893300,0.0,0.0,0.0
2024-03-19 00:00:00-04:00,504.22297875316605,508.01336451032637,503.2088922247752,507.7278747558594,60755300,0.0,0.0,0.0
2024-03-20 00:00:00-04:00,507.78689040545135,512.5617976859555,507.107567876367,512.4239501953125,69594600,0.0,0.0,0.0
2024-03-21 00:00:00-04:00,515.2888929469045,515.9977198182323,513.8317597828803,514.1173095703125,60256100,0.0,0.0,0.0
2024-03-22 00:00:00-04:00,514.0286727434162,514.5209336531528,512.9063034475105,513.1426391601562,79023000,0.0,0.0,0.0
2024-03-25 00:00:00-04:00,511.75444947705085,512.8866736492802,511.5673879205202,511.7249450683594,48512100,0.0,0.0,0.0
2024-03-26 00:00:00-04:00,513.1623112385308,513.5069299447247,510.3761576323609,510.77978515625,65463700,0.0,0.0,0.0
2024-03-27 00:00:00-04:00,513.6349630852659,515.1117459956549,511.4492931308559,515.0723266601562,82999800,0.0,0.0,0.0
2024-03-28 00:00:00-04:00,515.1117244407011,516.490019045119,514.6883872349583,514.973876953125,96294900,0.0,0.0,0.0
2024-04-01 00:00:00-04:00,515.722075543962,516.2635505203092,512.9062975041601,514.077880859375,62477500,0.0,0.0,0.0
2024-04-02 00:00:00-04:00,510.21866847403214,510.9472051350024,508.4859001503982,510.8094177246094,74230300,0.0,0.0,0.0
2024-04-03 00:00:00-04:00,509.70660859885675,512.8866549438985,509.65739452586894,511.3704528808594,59155800,0.0,0.0,0.0
2024-04-04 00:00:00-04:00,515.4169280571225,515.7614866884437,504.82346272177824,505.128662109375,96858100,0.0,0.0,0.0
2024-04-05 00:00:00-04:00,506.4971168686197,512.38453812001,506.054070031777,510.4056396484375,74482100,0.0,0.0,0.0
2024-04-08 00:00:00-04:00,511.1145288556158,512.1285550870866,509.8740217431722,510.6911315917969,48401800,0.0,0.0,0.0
2024-04-09 00:00:00-04:00,512.443711194131,512.6898416990273,506.3888767374995,511.281982421875,68124400,0.0,0.0,0.0
2024-04-10 00:00:00-04:00,505.5322756084268,508.170787035425,504.1638358642507,506.1623840332031,82652800,0.0,0.0,0.0
2024-04-11 00:00:00-04:00,507.69829312736044,511.4394646752122,504.1540379958069,509.9823913574219,70099000,0.0,0.0,0.0
2024-04-12 00:00:00-04:00,506.408499260351,507.8360679611742,501.20037026033424,502.9429931640625,92469100,0.0,0.0,0.0
2024-04-15 00:00:00-04:00,507.1567454749187,507.3240973641196,495.78550007855466,496.6420593261719,92101400,0.0,0.0,0.0
2024-04-16 00:00:00-04:00,497.1244770540518,498.66032877261614,494.4367215239526,495.7362976074219,73484000,0.0,0.0,0.0
2024-04-17 00:00:00-04:00,498.21733054796636,498.38471250264746,491.3946005115471,492.8024597167969,75910300,0.0,0.0,0.0
2024-04-18 00:00:00-04:00,494.21030606249184,496.32702210368694,490.84322799988655,491.7883605957031,74548100,0.0,0.0,0.0
2024-04-19 00:00:00-04:00,491.7096327653415,492.7138343128459,486.2159835969546,487.4958801269531,102129100,0.0,0.0,0.0
2024-04-22 00:00:00-04:00,490.12452969399504,494.60412241582105,487.7616831168291,491.98529052734375,67961000,0.0,0.0,0.0
2024-04-23 00:00:00-04:00,494.0133914313267,498.2566783621757,491.79821718479525,497.823486328125,64633600,0.0,0.0,0.0
2024-04-24 00:00:00-04:00,498.7193828321204,499.5168431220452,495.3424801184661,497.5871887207031,55928100,0.0,0.0,0.0
2024-04-25 00:00:00-04:00,491.453612620451,496.464825259548,489.78976828102867,495.6968994140625,69122400,0.0,0.0,0.0
2024-04-26 00:00:00-04:00,498.5126869433467,501.98804816614137,497.8727536957366,500.39312744140625,64306100,0.0,0.0,0.0
2024-04-29 00:00:00-04:00,502.1947871416069,502.8445752201524,499.3987484687662,502.1652526855469,46415400,0.0,0.0,0.0
2024-04-30 00:00:00-04:00,500.6884372829481,501.67295914799166,494.2102966308594,494.2102966308594,77483600,0.0,0.0,0.0
2024-05-01 00:00:00-04:00,493.61961670244926,500.3242087322079,492.13297895370425,492.6055603027344,80242800,0.0,0.0,0.0
2024-05-02 00:00:00-04:00,496.34672015087597,498.05980872309107,491.8179133080799,497.2131042480469,62550200,0.0,0.0,0.0
2024-05-03 00:00:00-04:00,503.248197536518,504.61666729833007,500.6884346916083,503.3761901855469,72756700,0.0,0.0,0.0
2024-05-06 00:00:00-04:00,505.79813439396054,508.6138526522853,505.35508751362784,508.5744934082031,47264700,0.0,0.0,0.0
2024-05-07 00:00:00-04:00,509.5491940766101,510.54357089188056,508.4563890994219,509.1357116699219,52561300,0.0,0.0,0.0
2024-05-08 00:00:00-04:00,507.2847554633929,509.7263505062841,507.16661764457217,509.18487548828125,42047200,0.0,0.0,0.0
2024-05-09 00:00:00-04:00,509.37191905270333,512.1581327107517,508.7123062391851,512.1187133789062,43643700,0.0,0.0,0.0
2024-05-10 00:00:00-04:00,513.7333998374235,514.5505698868354,511.5477899369006,512.7784423828125,52233200,0.0,0.0,0.0
2024-05-13 00:00:00-04:00,514.4717752531619,514.5800582433153,511.6954162109544,512.8472900390625,36716400,0.0,0.0,0.0
2024-05-14 00:00:00-04:00,513.0442119381321,515.7221428526045,512.5027368911151,515.2003173828125,57535900,0.0,0.0,0.0
2024-05-15 00:00:00-04:00,517.6912043252978,521.875422697918,517.0512410085985,521.580078125,59504900,0.0,0.0,0.0
2024-05-16 00:00:00-04:00,521.678419290077,523.2930494733743,520.3591336304459,520.5068359375,50244800,0.0,0.0,0.0
2024-05-17 00:00:00-04:00,520.6250185214858,521.324050696315,519.1580905190848,521.255126953125,59187600,0.0,0.0,0.0
2024-05-20 00:00:00-04:00,521.373306739912,523.3324958452743,520.9794739158245,521.855712890625,37764200,0.0,0.0,0.0
2024-05-21 00:00:00-04:00,521.087796729706,523.2931162417177,520.8810254915362,523.1355590820312,33437000,0.0,0.0,0.0
2024-05-22 00:00:00-04:00,522.4365876566568,523.1552694386295,519.4337476893709,521.6292724609375,48390000,0.0,0.0,0.0
2024-05-23 00:00:00-04:00,524.7108060345491,524.8190890203099,516.5982952173239,517.8191528320312,57211200,0.0,0.0,0.0
2024-05-24 00:00:00-04:00,519.6798231107829,522.0624092007496,518.7248657806001,521.2452392578125,41258400,0.0,0.0,0.0
2024-05-28 00:00:00-04:00,522.0624598230312,522.2987354702987,518.95133689281,521.6095581054688,36269600,0.0,0.0,0.0
2024-05-29 00:00:00-04:00,517.543487824079,519.148263398525,517.2382884253442,517.9569702148438,45190300,0.0,0.0,0.0
2024-05-30 00:00:00-04:00,516.4014666477996,517.0709343554327,513.2608392589262,514.52099609375,46468500,0.0,0.0,0.0
2024-05-31 00:00:00-04:00,515.4858746985078,519.3353290866311,510.3367840339242,519.2073364257812,90785800,0.0,0.0,0.0
2024-06-03 00:00:00-04:00,520.8318243026798,521.1173140373083,514.5111500811196,519.6306762695312,46835700,0.0,0.0,0.0
2024-06-04 00:00:00-04:00,518.3114277709847,520.9597941196552,516.8346449019963,520.2115478515625,34632700,0.0,0.0,0.0
2024-06-05 00:00:00-04:00,522.5546879019944,526.4139967755568,520.5462248457087,526.394287109375,47610400,0.0,0.0,0.0
2024-06-06 00:00:00-04:00,526.6995146727619,527.1327067188278,524.4351262871471,526.3844604492188,30808500,0.0,0.0,0.0
2024-06-07 00:00:00-04:00,525.3999491397393,528.5799958497668,524.2972893803054,525.7445678710938,43224500,0.0,0.0,0.0
2024-06-10 00:00:00-04:00,524.927362515156,527.6938665613864,524.3268185972163,527.3689575195312,35729300,0.0,0.0,0.0
2024-06-11 00:00:00-04:00,525.8036102503464,528.6981069954104,523.8148568140152,528.6390380859375,36383400,0.0,0.0,0.0
2024-06-12 00:00:00-04:00,533.246614073991,535.6980640483052,531.9371830907995,532.9807739257812,63251300,0.0,0.0,0.0
2024-06-13 00:00:00-04:00,534.7431324757749,534.9203392196645,531.2382366633478,534.053955078125,44760900,0.0,0.0,0.0
2024-06-14 00:00:00-04:00,532.508229500441,534.4083496258869,531.4941430630411,534.3788452148438,40089900,0.0,0.0,0.0
2024-06-17 00:00:00-04:00,533.6895775172082,540.0397549471592,533.2268210386173,538.6318359375,55839500,0.0,0.0,0.0
2024-06-18 00:00:00-04:00,538.6909962454417,540.1284199050533,538.2676590236715,540.0004272460938,41376400,0.0,0.0,0.0
2024-06-20 00:00:00-04:00,540.9356829623472,541.6051506036705,536.7416103033577,538.533447265625,70328200,0.0,0.0,0.0
2024-06-21 00:00:00-04:00,537.7028911104192,538.9375137844564,536.3398628555373,537.8115234375,64513900,1.759,0.0,0.0
2024-06-24 00:00:00-04:00,537.6337600674972,540.2215244420265,535.9447744997484,536.0632934570312,45528700,0.0,0.0,0.0
2024-06-25 00:00:00-04:00,537.2978705616919,538.4930069445525,535.7669505898007,538.1275634765625,38273300,0.0,0.0,0.0
2024-06-26 00:00:00-04:00,537.0015765793066,539.5201946501434,536.3497223654682,538.7991943359375,38550600,0.0,0.0,0.0
2024-06-27 00:00:00-04:00,538.6609224788729,540.2313890252565,537.9102622571704,539.6486206054688,35041500,0.0,0.0,0.0
2024-06-28 00:00:00-04:00,540.42885920361,543.5105326991545,536.2706888358666,537.5250244140625,76144500,0.0,0.0,0.0
2024-07-01 00:00:00-04:00,538.9176973561733,539.1646218711988,535.8459708574896,538.6312866210938,40297800,0.0,0.0,0.0
2024-07-02 00:00:00-04:00,537.0114898478076,542.2561645507812,536.962116997755,542.2561645507812,40434800,0.0,0.0,0.0
2024-07-03 00:00:00-04:00,541.9400823151169,545.041468871229,541.9005960927817,544.676025390625,32789900,0.0,0.0,0.0
2024-07-05 00:00:00-04:00,544.9822057765736,548.2218242315001,544.3401778909604,547.81689453125,41488400,0.0,0.0,0.0
2024-07-08 00:00:00-04:00,548.6070408170895,549.4070738750903,547.3724181791679,548.4490356445312,36110500,0.0,0.0,0.0
2024-07-09 00:00:00-04:00,549.4168893283099,550.3255545925022,548.6860024668314,548.9822998046875,27289700,0.0,0.0,0.0
2024-07-10 00:00:00-04:00,550.2169561678987,554.760343052966,549.9206588117951,554.4146728515625,38701200,0.0,0.0,0.0
2024-07-11 00:00:00-04:00,554.5332205594168,555.4122863317111,548.9922487177857,549.6342163085938,53054200,0.0,0.0,0.0
2024-07-12 00:00:00-04:00,550.7700602883441,556.7357347196536,550.2959845223418,553.1010131835938,53084400,0.0,0.0,0.0
2024-07-15 00:00:00-04:00,555.1159803872545,557.8914095784243,552.7454808834603,554.6221313476562,40584300,0.0,0.0,0.0
2024-07-16 00:00:00-04:00,555.9456232442218,558.2074301848496,555.1850764182681,557.9111328125,36475300,0.0,0.0,0.0
2024-07-17 00:00:00-04:00,551.9257271809707,553.6147127596594,549.7626657700799,550.088623046875,57119000,0.0,0.0,0.0
2024-07-18 00:00:00-04:00,551.639276116981,552.6368608446285,543.6586585801087,545.8612060546875,56270400,0.0,0.0,0.0
2024-07-19 00:00:00-04:00,545.6241865270397,547.2637991893615,541.1696582953947,542.2363891601562,65509100,0.0,0.0,0.0
2024-07-22 00:00:00-04:00,546.1970562271703,548.4391502335842,544.2414332553465,547.8267822265625,43346700,0.0,0.0,0.0
2024-07-23 00:00:00-04:00,547.7180681590119,549.8910159782978,546.4736192248041,546.9674682617188,34439600,0.0,0.0,0.0
2024-07-24 00:00:00-04:00,542.1079180206098,542.414101993874,533.6433387983191,534.57177734375,74515300,0.0,0.0,0.0
2024-07-25 00:00:00-04:00,534.6903338025456,540.7252149134714,530.8383474445005,531.7864990234375,61158300,0.0,0.0,0.0
2024-07-26 00:00:00-04:00,535.6089691765218,540.4585404543662,534.828649074335,537.7423706054688,53763800,0.0,0.0,0.0
2024-07-29 00:00:00-04:00,539.3029198591126,540.320217524103,536.0434679983305,538.0584106445312,39515800,0.0,0.0,0.0
2024-07-30 00:00:00-04:00,539.5399397118119,540.6066704721179,531.8951665456115,535.3323364257812,46853600,0.0,0.0,0.0
2024-07-31 00:00:00-04:00,542.2264921510769,546.6909069240734,540.8437509599753,544.0339965820312,65663400,0.0,0.0,0.0
2024-08-01 00:00:00-04:00,545.7723474991777,548.0440410770948,532.7939799696431,536.3299560546875,76428700,0.0,0.0,0.0
2024-08-02 00:00:00-04:00,529.1592759231037,530.3840119652383,522.0972101428371,526.3443603515625,82789100,0.0,0.0,0.0
2024-08-05 00:00:00-04:00,505.3459113976493,517.1390300808872,503.9927395713321,511.0152893066406,146267400,0.0,0.0,0.0
2024-08-06 00:00:00-04:00,512.8326148471089,523.23310551279,511.49924643144766,515.7266235351562,84826300,0.0,0.0,0.0
2024-08-07 00:00:00-04:00,521.9687339288903,525.0504071552026,511.67693763261536,512.2794189453125,70698300,0.0,0.0,0.0
2024-08-08 00:00:00-04:00,517.4649338517983,524.7541513400422,515.4204516421592,524.1220703125,63276600,0.0,0.0,0.0
2024-08-09 00:00:00-04:00,523.2922939838902,527.9344868094374,522.0576714390269,526.4331665039062,45619600,0.0,0.0,0.0
2024-08-12 00:00:00-04:00,527.6382775873748,529.1395378593587,524.418371807059,526.7098388671875,42542100,0.0,0.0,0.0
2024-08-13 00:00:00-04:00,529.9296605871888,535.608924341297,529.6827360761406,535.371826171875,52333100,0.0,0.0,0.0
2024-08-14 00:00:00-04:00,536.1718386960852,538.2559273057971,533.475442429411,537.060791015625,42446900,0.0,0.0,0.0
2024-08-15 00:00:00-04:00,542.7400850013888,546.5525850520006,542.1277170257696,546.2661743164062,60846800,0.0,0.0,0.0
2024-08-16 00:00:00-04:00,544.6364439181536,548.1921930822297,544.4784387546481,547.4909057617188,44430700,0.0,0.0,0.0
2024-08-19 00:00:00-04:00,547.9057365553024,552.7257080078125,547.04644404856,552.7257080078125,39121800,0.0,0.0,0.0
2024-08-20 00:00:00-04:00,552.2713804695546,553.9405925603355,550.4737628114597,551.826904296875,33732300,0.0,0.0,0.0
2024-08-21 00:00:00-04:00,552.8837473869856,555.1949270256794,547.9057107172382,553.7232666015625,41514600,0.0,0.0,0.0
2024-08-22 00:00:00-04:00,555.6394125324648,556.2517805006497,548.1526444347239,549.3773803710938,56121500,0.0,0.0,0.0
2024-08-23 00:00:00-04:00,552.6466700550034,556.1628723911551,550.4341759795476,555.2146606445312,50639400,0.0,0.0,0.0
2024-08-26 00:00:00-04:00,556.2518484473743,556.9728488208845,552.1726501803229,553.8912353515625,35788600,0.0,0.0,0.0
2024-08-27 00:00:00-04:00,552.60719113133,555.1455824402227,551.4516012531584,554.6517333984375,32693900,0.0,0.0,0.0
2024-08-28 00:00:00-04:00,554.3060588906137,554.7406484553917,548.2119183574736,551.4318237304688,41066000,0.0,0.0,0.0
2024-08-29 00:00:00-04:00,553.4171111191611,556.7456488400046,550.3256112930245,551.481201171875,38715200,0.0,0.0,0.0
2024-08-30 00:00:00-04:00,553.8714307928684,557.2592277234747,550.2860822039601,556.74560546875,62700100,0.0,0.0,0.0
2024-09-03 00:00:00-04:00,553.5751944281147,553.9110383492275,542.7500604797434,545.2884521484375,60600100,0.0,0.0,0.0
2024-09-04 00:00:00-04:00,543.4315286411534,547.609472482038,542.7006416631017,544.1723022460938,47224900,0.0,0.0,0.0
2024-09-05 00:00:00-04:00,544.1130374259648,546.987212459813,540.369622930467,542.8487548828125,44264300,0.0,0.0,0.0
2024-09-06 00:00:00-04:00,543.1746889776059,544.8142412787463,532.8038590526223,533.7125244140625,68493800,0.0,0.0,0.0
2024-09-09 00:00:00-04:00,537.9497514376588,540.9721049715934,536.0039549877774,539.6880493164062,40445800,0.0,0.0,0.0
2024-09-10 00:00:00-04:00,541.6141154106779,542.3944354912933,536.6953981658095,542.038818359375,36394600,0.0,0.0,0.0
2024-09-11 00:00:00-04:00,541.9499443030138,548.5279869391354,533.3174727969968,547.5995483398438,75248600,0.0,0.0,0.0
2024-09-12 00:00:00-04:00,548.1823330685932,552.5183422032788,545.9402390867614,552.212158203125,51892700,0.0,0.0,0.0
2024-09-13 00:00:00-04:00,552.824497945327,556.1036627094621,552.5676868065235,555.09619140625,39310500,0.0,0.0,0.0
2024-09-16 00:00:00-04:00,554.8295115629904,556.1826531141121,553.0121808492725,555.916015625,36656100,0.0,0.0,0.0
2024-09-17 00:00:00-04:00,558.1481230600576,559.6099571126953,553.8911470351901,556.1431274414062,49321000,0.0,0.0,0.0
2024-09-18 00:00:00-04:00,556.8048930733479,561.6940105129354,553.9307182522333,554.4937133789062,59044900,0.0,0.0,0.0
2024-09-19 00:00:00-04:00,563.9855314630629,565.8325221847023,561.0915831115941,563.9558715820312,75315500,0.0,0.0,0.0
2024-09-20 00:00:00-04:00,562.5748463140295,564.0311870143781,559.9295598052497,562.9810180664062,77503100,1.746,0.0,0.0
2024-09-23 00:00:00-04:00,564.0608597882709,565.0416704048506,562.8323068106478,564.3877563476562,44116900,0.0,0.0,0.0
2024-09-24 00:00:00-04:00,565.1902206826558,566.0620657446156,562.336920565189,566.0026245117188,46805700,0.0,0.0,0.0
2024-09-25 00:00:00-04:00,565.8442312792934,566.5872770519147,563.634867396296,564.75439453125,38428600,0.0,0.0,0.0
2024-09-26 00:00:00-04:00,569.054138596357,569.381095644281,564.6156981825178,566.993408203125,48336000,0.0,0.0,0.0
2024-09-27 00:00:00-04:00,568.0733221030284,568.8955824862597,565.1308296402824,566.1710815429688,42100900,0.0,0.0,0.0
2024-09-30 00:00:00-04:00,565.1308235636413,569.054126648712,562.8125548304923,568.4398803710938,63557400,0.0,0.0,0.0
2024-10-01 00:00:00-04:00,568.0832412262648,568.7370948487,560.7518326540558,563.3475341796875,72668800,0.0,0.0,0.0
2024-10-02 00:00:00-04:00,562.4460266108737,564.6157226242663,560.0286486802867,563.5853271484375,38097800,0.0,0.0,0.0
2024-10-03 00:00:00-04:00,562.0992361787922,564.5166141116738,560.2465802739564,562.5549926757812,40846500,0.0,0.0,0.0
2024-10-04 00:00:00-04:00,567.0429509955953,568.0435956054741,562.8323584481524,567.6671142578125,42939100,0.0,0.0,0.0
2024-10-07 00:00:00-04:00,566.0027030784669,566.6566172003112,561.3760218130078,562.53515625,49964700,0.0,0.0,0.0
2024-10-08 00:00:00-04:00,565.1309064014863,568.4597975991435,564.2492046603182,567.8554077148438,37398700,0.0,0.0,0.0
2024-10-09 00:00:00-04:00,567.8454370265796,572.3532962392944,567.2411076686911,571.78857421875,37912200,0.0,0.0,0.0
2024-10-10 00:00:00-04:00,570.4312554050144,572.2244699604879,569.1630950388911,570.7879028320312,44138100,0.0,0.0,0.0
2024-10-11 00:00:00-04:00,570.7086350830941,574.9489783343695,570.5699187032751,574.2059326171875,42268000,0.0,0.0,0.0
2024-10-14 00:00:00-04:00,575.8306855964628,579.8431808838789,575.3452387315617,578.9019775390625,36217200,0.0,0.0,0.0
2024-10-15 00:00:00-04:00,579.1694498706809,579.476572994963,573.1754997680354,574.404052734375,54203600,0.0,0.0,0.0
2024-10-16 00:00:00-04:00,574.4041032535349,577.4258104780474,573.5916993280316,576.9006958007812,30725400,0.0,0.0,0.0
2024-10-17 00:00:00-04:00,580.4771831597582,580.6852577252666,576.7619546491962,576.9501953125,34393700,0.0,0.0,0.0
2024-10-18 00:00:00-04:00,578.6542969086659,579.9620646428958,577.1781224079018,579.1694946289062,37416800,0.0,0.0,0.0
2024-10-21 00:00:00-04:00,578.4363148470578,579.427042498055,575.2164499813167,578.2183837890625,36439000,0.0,0.0,0.0
2024-10-22 00:00:00-04:00,575.6622837872882,579.0803062430451,574.9985131991087,577.9112548828125,34183800,0.0,0.0,0.0
2024-10-23 00:00:00-04:00,575.8703751003621,576.3162146456757,569.0937712315641,572.6306762695312,49314600,0.0,0.0,0.0
2024-10-24 00:00:00-04:00,574.6021472693831,574.6814224050617,571.2237929175743,573.8690185546875,34979900,0.0,0.0,0.0
2024-10-25 00:00:00-04:00,576.1180270991449,579.0406856675128,572.7198386240539,573.6708984375,47268200,0.0,0.0,0.0
2024-10-28 00:00:00-04:00,577.1781704779371,577.3069699187241,575.1372737990611,575.4443969726562,30174700,0.0,0.0,0.0
2024-10-29 00:00:00-04:00,574.4733698377371,577.5049938494554,573.0665535889564,576.3756103515625,42899700,0.0,0.0,0.0
2024-10-30 00:00:00-04:00,575.900057964771,577.9112641336919,573.9186026507842,574.6319580078125,41435800,0.0,0.0,0.0
2024-10-31 00:00:00-04:00,570.2232506098582,570.2926088073559,563.1692740005201,563.367431640625,60182500,0.0,0.0,0.0
2024-11-01 00:00:00-04:00,566.0225499653657,570.2133087354622,565.3290284899207,565.7451171875,45667500,0.0,0.0,0.0
2024-11-04 00:00:00-05:00,565.8837812272758,567.1915489107644,562.624309204199,564.5264892578125,38217000,0.0,0.0,0.0
2024-11-05 00:00:00-05:00,565.4479024326085,571.3922684708153,565.2299713697657,571.3526611328125,39478300,0.0,0.0,0.0
2024-11-06 00:00:00-05:00,583.7367872329222,586.4414545700248,579.9621170222276,585.5596923828125,68182000,0.0,0.0,0.0
2024-11-07 00:00:00-05:00,587.5807707664578,591.1176757282863,587.5014956231886,590.0872802734375,47233200,0.0,0.0,0.0
2024-11-08 00:00:00-05:00,590.642082391681,594.079938759187,590.642082391681,592.6433715820312,46444900,0.0,0.0,0.0
2024-11-11 00:00:00-05:00,594.2483207362625,594.6049681604908,591.4643785924768,593.2080688476562,37586800,0.0,0.0,0.0
2024-11-12 00:00:00-05:00,593.1288814294384,593.7332108436276,588.8588472506333,591.3654174804688,43006100,0.0,0.0,0.0
2024-11-13 00:00:00-05:00,591.830972646838,593.6737115669744,589.4433456119366,591.6526489257812,47388600,0.0,0.0,0.0
2024-11-14 00:00:00-05:00,591.7814256378922,592.2668724936673,587.1547446119931,587.8482055664062,38904100,0.0,0.0,0.0
2024-11-15 00:00:00-05:00,584.2518853623797,584.7274757572158,578.4462357999879,580.3187255859375,75988800,0.0,0.0,0.0
2024-11-18 00:00:00-05:00,580.7843146541127,584.0240133120835,579.912529982768,582.6964721679688,37084100,0.0,0.0,0.0
2024-11-19 00:00:00-05:00,579.2883437539291,585.5596057832407,578.614656257366,584.8264770507812,49412000,0.0,0.0,0.0
2024-11-20 00:00:00-05:00,584.9057757265481,585.3119474433167,579.2090919252475,585.024658203125,50032600,0.0,0.0,0.0
2024-11-21 00:00:00-05:00,587.8978278493445,589.601850428936,582.0029860760487,588.165283203125,46750300,0.0,0.0,0.0
2024-11-22 00:00:00-05:00,588.1553378190617,590.6223004102239,587.6501175222468,589.9882202148438,38226400,0.0,0.0,0.0
2024-11-25 00:00:00-05:00,593.9611014741124,595.2886427548735,589.6811504715163,591.9895629882812,42441400,0.0,0.0,0.0
2024-11-26 00:00:00-05:00,593.2476840361431,595.7542539284485,592.5244722270152,595.08056640625,45621300,0.0,0.0,0.0
2024-11-27 00:00:00-05:00,594.8922955539285,595.2786333477459,591.7417891529773,593.2774047851562,34000200,0.0,0.0,0.0
2024-11-29 00:00:00-05:00,594.0997341515284,597.7555217105382,593.8223618450431,596.9629516601562,30177400,0.0,0.0,0.0
2024-12-02 00:00:00-05:00,597.3790448477079,598.7165635076802,596.8836810038409,598.032958984375,31746000,0.0,0.0,0.0
2024-12-03 00:00:00-05:00,597.7951044978051,598.5579235840632,596.7548526753004,598.3102416992188,26906600,0.0,0.0,0.0
2024-12-04 00:00:00-05:00,600.0143670916415,602.273194597734,599.3406795733608,602.0255126953125,42787600,0.0,0.0,0.0
2024-12-05 00:00:00-05:00,602.0255176569135,602.8379215598571,600.6781426092477,601.0347900390625,28762200,0.0,0.0,0.0
2024-12-06 00:00:00-05:00,601.80756893048,603.4224597376833,601.3914802745837,602.1741333007812,31241500,0.0,0.0,0.0
2024-12-09 00:00:00-05:00,602.0552196801261,602.2236264301217,598.4787077823735,599.0731201171875,34742700,0.0,0.0,0.0
2024-12-10 00:00:00-05:00,599.7568097134952,600.1828153588143,596.5468617112069,597.2106323242188,37234500,0.0,0.0,0.0
2024-12-11 00:00:00-05:00,600.162977513686,602.7883692976188,599.8855447683401,601.827392578125,28677700,0.0,0.0,0.0
2024-12-12 00:00:00-05:00,600.9555775780522,601.5301560606846,598.7264404296875,598.7264404296875,31543800,0.0,0.0,0.0
2024-12-13 00:00:00-05:00,600.777301060768,601.5005129311277,597.2205620137203,598.6076049804688,35904700,0.0,0.0,0.0
2024-12-16 00:00:00-05:00,600.3809211894165,602.1444453296839,599.5982681600832,601.16357421875,43695200,0.0,0.0,0.0
2024-12-17 00:00:00-05:00,598.5877190044964,599.5586127152293,597.2997852012516,598.686767578125,55773500,0.0,0.0,0.0
2024-12-18 00:00:00-05:00,598.3796413211339,600.7871021522338,580.4574127554304,580.8438110351562,108248700,0.0,0.0,0.0
2024-12-19 00:00:00-05:00,585.8766419728512,587.5014497021764,580.4177233806457,580.6654052734375,85919500,0.0,0.0,0.0
2024-12-20 00:00:00-05:00,578.3155242409914,592.2124929094322,577.4605847282822,587.6398315429688,125716700,1.966,0.0,0.0
2024-12-23 00:00:00-05:00,587.3813894981963,591.7651768174416,584.170527544758,591.1588134765625,57635800,0.0,0.0,0.0
2024-12-24 00:00:00-05:00,592.5206773116818,597.7693545388469,591.9341539525126,597.7295532226562,33160100,0.0,0.0,0.0
2024-12-26 00:00:00-05:00,595.9402471287322,598.9025328618192,594.5286958920398,597.7693481445312,41219100,0.0,0.0,0.0
2024-12-27 00:00:00-05:00,593.9918131022456,594.2304389583717,587.2521039804407,591.4768676757812,64969300,0.0,0.0,0.0
2024-12-30 00:00:00-05:00,584.3991760465713,588.2262908200153,580.9397987194927,584.7271728515625,56578800,0.0,0.0,0.0
2024-12-31 00:00:00-05:00,586.4071285917476,587.1328351597793,580.949737539049,582.5999145507812,57052700,0.0,0.0,0.0
2025-01-02 00:00:00-05:00,585.8903133449512,587.6199718025061,577.0530861463853,581.1685180664062,50204000,0.0,0.0,0.0
2025-01-03 00:00:00-05:00,584.041321201932,589.0811625401365,582.9478165136304,588.43505859375,37888500,0.0,0.0,0.0
2025-01-06 00:00:00-05:00,592.7294596379129,596.1390855434315,590.0752700038965,591.8248291015625,47679400,0.0,0.0,0.0
2025-01-07 00:00:00-05:00,593.8726113920105,594.2006689002225,583.2958358937603,585.1348266601562,60393100,0.0,0.0,0.0
2025-01-08 00:00:00-05:00,585.2043368516471,587.0731783463152,581.7251197011292,585.9896240234375,47304700,0.0,0.0,0.0
2025-01-10 00:00:00-05:00,582.4010384255205,582.470630044935,575.1145471146322,577.0430297851562,73105000,0.0,0.0,0.0
2025-01-13 00:00:00-05:00,572.3511203282558,578.2955919136582,571.9335705869851,577.937744140625,47910100,0.0,0.0,0.0
2025-01-14 00:00:00-05:00,580.8901300540899,581.5263443769164,574.9158069623404,578.7330322265625,48420600,0.0,0.0,0.0
2025-01-15 00:00:00-05:00,586.8247284588324,590.4132782739244,585.7014333708025,589.2601928710938,56900200,0.0,0.0,0.0
2025-01-16 00:00:00-05:00,590.6418988494736,590.8208227582206,587.4211471465483,588.126953125,43319700,0.0,0.0,0.0
2025-01-17 00:00:00-05:00,593.4153635662274,595.8010763252378,592.0733432585914,594.0316772460938,58070600,0.0,0.0,0.0
2025-01-21 00:00:00-05:00,597.1032436422324,599.4790665392256,595.1151195120758,599.4691162109375,42532900,0.0,0.0,0.0
2025-01-22 00:00:00-05:00,602.3220575789143,604.2107997343253,601.7653852603825,602.8389892578125,48196000,0.0,0.0,0.0
2025-01-23 00:00:00-05:00,602.202836913474,606.12939453125,601.9245310619552,606.12939453125,41152100,0.0,0.0,0.0
2025-01-24 00:00:00-05:00,606.1889641125276,607.1532358314879,603.1968276944665,604.35986328125,34604700,0.0,0.0,0.0
2025-01-27 00:00:00-05:00,591.2780535386339,596.1290812621284,591.1090799762113,595.8109741210938,70361100,0.0,0.0,0.0
2025-01-28 00:00:00-05:00,597.0535535930056,601.7753484093994,593.7035692823513,600.930419921875,44433300,0.0,0.0,0.0
2025-01-29 00:00:00-05:00,600.1351431494525,600.5427425880405,595.661863690058,598.2365112304688,37177400,0.0,0.0,0.0
2025-01-30 00:00:00-05:00,600.3737223226141,602.9979999567328,597.1529103972634,601.447265625,39281300,0.0,0.0,0.0
2025-01-31 00:00:00-05:00,603.8926637937758,606.3380781510739,597.4809517720367,598.2463989257812,66671500,0.0,0.0,0.0
2025-02-03 00:00:00-05:00,589.1507063992589,596.7254539577673,586.9836585279035,594.220458984375,65857200,0.0,0.0,0.0
2025-02-04 00:00:00-05:00,594.2801079680467,598.7235360264071,593.7333859975146,598.2066650390625,33457800,0.0,0.0,0.0
2025-02-05 00:00:00-05:00,597.0734426682163,600.7812746894733,595.0256772776311,600.6321411132812,30653100,0.0,0.0,0.0
2025-02-06 00:00:00-05:00,602.3916690883134,602.8489594864907,599.051635066865,602.7197265625,35771500,0.0,0.0,0.0
2025-02-07 00:00:00-05:00,603.2863528555321,604.518980132331,596.4869415034437,597.2026977539062,50788500,0.0,0.0,0.0
2025-02-10 00:00:00-05:00,600.4433453406357,601.904587470542,599.1609664310816,601.2584228515625,26048700,0.0,0.0,0.0
2025-02-11 00:00:00-05:00,598.9720772711535,602.2624202362164,598.8527946787375,601.7156982421875,30056700,0.0,0.0,0.0
2025-02-12 00:00:00-05:00,595.6420111533067,600.9602190183091,594.9561058904112,599.7772827148438,45076100,0.0,0.0,0.0
2025-02-13 00:00:00-05:00,600.8906707676058,606.3182719646068,599.6183027617225,606.1094970703125,40921300,0.0,0.0,0.0
2025-02-14 00:00:00-05:00,606.3182160659691,607.3619690957353,605.4533869264999,606.0796508789062,26910400,0.0,0.0,0.0
2025-02-18 00:00:00-05:00,607.2526454845143,607.8590087890625,604.767490295972,607.8590087890625,26749000,0.0,0.0,0.0
2025-02-19 00:00:00-05:00,606.4574136362269,609.5886727994638,605.9404819368957,609.2904663085938,31011100,0.0,0.0,0.0
2025-02-20 00:00:00-05:00,607.9087005473524,608.0478837995475,603.415581218095,606.755615234375,36554000,0.0,0.0,0.0
2025-02-21 00:00:00-05:00,606.5369101497928,606.6760934066054,595.9103837703437,596.3776245117188,76519800,0.0,0.0,0.0
2025-02-24 00:00:00-05:00,598.4452543900395,599.4492667675623,592.948062133992,593.663818359375,50737200,0.0,0.0,0.0
2025-02-25 00:00:00-05:00,593.6041803376665,594.3397765506367,586.0592226451632,590.71142578125,58266500,0.0,0.0,0.0
2025-02-26 00:00:00-05:00,592.3914043988187,596.0197552375269,588.3455644774521,591.0096435546875,43321600,0.0,0.0,0.0
2025-02-27 00:00:00-05:00,593.3059087957712,594.469005075742,581.178400354161,581.5759887695312,74196700,0.0,0.0,0.0
2025-02-28 00:00:00-05:00,582.0829842300604,591.1885661100836,578.9815154204292,590.6517944335938,88744100,0.0,0.0,0.0
2025-03-03 00:00:00-05:00,592.6399338326904,593.7930798421835,576.456634439968,580.3036499023438,74249200,0.0,0.0,0.0
2025-03-04 00:00:00-05:00,576.2677446518286,581.9140099307576,568.8520197647429,573.4346313476562,109648200,0.0,0.0,0.0
2025-03-05 00:00:00-05:00,573.2656687004999,581.4070396387077,569.6771191196135,579.5978393554688,71230500,0.0,0.0,0.0
2025-03-06 00:00:00-05:00,572.0628369267654,576.7249905948024,566.7346786412188,569.309326171875,80094900,0.0,0.0,0.0
2025-03-07 00:00:00-05:00,567.5100935122905,573.961547019556,562.2713666790576,572.500244140625,81158800,0.0,0.0,0.0
2025-03-10 00:00:00-04:00,564.2197277241329,566.1581002592635,552.2909826575575,557.2513427734375,99326600,0.0,0.0,0.0
2025-03-11 00:00:00-04:00,556.0783347089355,560.6708965233902,548.7421519304726,552.6189575195312,88102100,0.0,0.0,0.0
2025-03-12 00:00:00-04:00,558.831845264852,559.7662660181003,550.4022185020889,555.5514526367188,69588200,0.0,0.0,0.0
2025-03-13 00:00:00-04:00,555.1737170498407,555.7900306808465,546.4160326198083,548.1456909179688,74079400,0.0,0.0,0.0
2025-03-14 00:00:00-04:00,552.807850521361,560.4820413534102,548.2152885508418,559.4680786132812,62660300,0.0,0.0,0.0
2025-03-17 00:00:00-04:00,559.448191732102,566.3271452015323,559.0108019778189,563.7823486328125,49008700,0.0,0.0,0.0
2025-03-18 00:00:00-04:00,561.4462437696595,561.6649689744013,555.7403372080155,557.688720703125,66041400,0.0,0.0,0.0
2025-03-19 00:00:00-04:00,559.4879962192153,567.5597757254244,558.2951095487034,563.762451171875,66556000,0.0,0.0,0.0
2025-03-20 00:00:00-04:00,559.985054575032,567.182054918567,559.2593479394812,562.1322021484375,62958200,0.0,0.0,0.0
2025-03-21 00:00:00-04:00,557.6315290750271,563.2249787707245,556.3852134999472,562.317626953125,83763000,1.696,0.0,0.0
2025-03-24 00:00:00-04:00,569.117517223541,573.4547318251052,568.5193101051706,572.3878784179688,58766800,0.0,0.0,0.0
2025-03-25 00:00:00-04:00,573.6042314829477,574.7109450377018,571.9989917299893,573.7637939453125,38355700,0.0,0.0,0.0
2025-03-26 00:00:00-04:00,573.494584132638,574.631238497171,565.5181647693191,566.9140625,51848300,0.0,0.0,0.0
2025-03-27 00:00:00-04:00,565.5081892015498,569.2172558810057,563.2748014981253,565.4085083007812,42164200,0.0,0.0,0.0
2025-03-28 00:00:00-04:00,563.8631197528184,564.600928853177,553.4339288758671,554.0221557617188,71662700,0.0,0.0,0.0
2025-03-31 00:00:00-04:00,548.209331507722,559.0572663570716,545.2580345314915,557.7411499023438,95328200,0.0,0.0,0.0
2025-04-01 00:00:00-04:00,555.8068841455135,561.2806921988606,552.0479770454208,559.3164672851562,54609600,0.0,0.0,0.0
2025-04-02 00:00:00-04:00,553.4139605782862,565.747494747627,553.1746777226398,562.8560791015625,76014500,0.0,0.0,0.0
2025-04-03 00:00:00-04:00,543.5032260055101,546.3547813001727,535.1180419921875,535.1180419921875,125986000,0.0,0.0,0.0
2025-04-04 00:00:00-04:00,522.1264277357504,524.3199552475792,503.57129666287966,503.7906494140625,217965100,0.0,0.0,0.0
2025-04-07 00:00:00-04:00,487.74808166979307,521.6279038372442,480.37984959166755,502.893310546875,256611400,0.0,0.0,0.0
2025-04-08 00:00:00-04:00,520.321766684984,523.432565399183,487.71817046987917,495.0166015625,165816600,0.0,0.0,0.0
2025-04-09 00:00:00-04:00,491.98558084417215,547.0029296875,491.5967157695939,547.0029296875,241867300,0.0,0.0,0.0
2025-04-10 00:00:00-04:00,530.6013458963056,531.9274425958545,507.8187234468108,523.0337524414062,162331200,0.0,0.0,0.0
2025-04-11 00:00:00-04:00,521.4683746979002,534.8488005902628,518.5370382681921,532.3661499023438,97866300,0.0,0.0,0.0
2025-04-14 00:00:00-04:00,542.4463448071801,542.6757082402244,532.2863784402284,537.5308837890625,68034000,0.0,0.0,0.0
2025-04-15 00:00:00-04:00,538.079255112781,541.6287592452915,535.2276998357879,536.0253295898438,56892900,0.0,0.0,0.0
2025-04-16 00:00:00-04:00,530.1128095536914,536.3045268284891,518.7563681804631,524.1105346679688,83484800,0.0,0.0,0.0
2025-04-17 00:00:00-04:00,526.0847532599682,529.604316656272,522.3657063534529,524.8583374023438,79741000,0.0,0.0,0.0
2025-04-21 00:00:00-04:00,519.6238052831814,520.1622525299349,506.96125797993665,512.3652954101562,69368100,0.0,0.0,0.0
2025-04-22 00:00:00-04:00,518.6068942866489,527.7398682752878,517.6596822546041,525.6959228515625,75948100,0.0,0.0,0.0
2025-04-23 00:00:00-04:00,538.8370393033936,543.8223014706125,532.306358035387,533.841796875,90590700,0.0,0.0,0.0
2025-04-24 00:00:00-04:00,535.137968583152,545.8164223668259,533.8717533370633,545.07861328125,64150400,0.0,0.0,0.0
2025-04-25 00:00:00-04:00,545.0387382920208,549.4257324957449,542.0874411745963,549.0169677734375,61119600,0.0,0.0,0.0
2025-04-28 00:00:00-04:00,549.7647656303432,551.9183721484593,543.4135463851055,549.226318359375,47613800,0.0,0.0,0.0
2025-04-29 00:00:00-04:00,547.2920086038646,553.8127702769649,546.9330843434874,552.6860961914062,47775100,0.0,0.0,0.0
2025-04-30 00:00:00-04:00,545.9560300157574,554.8796618213433,539.9238747243568,552.9054565429688,93101500,0.0,0.0,0.0
2025-05-01 00:00:00-04:00,558.7182765361568,562.4073827721945,556.2156651498251,556.8238525390625,63186100,0.0,0.0,0.0
2025-05-02 00:00:00-04:00,563.0653709624233,566.7046364907385,560.7223222120272,565.0894165039062,60717300,0.0,0.0,0.0
2025-05-05 00:00:00-04:00,560.9117673476358,564.9797581165675,560.0443366413908,561.8489990234375,38659200,0.0,0.0,0.0
2025-05-06 00:00:00-04:00,556.2854623092777,561.6894695117311,555.3183506499339,557.1528930664062,48264700,0.0,0.0,0.0
2025-05-07 00:00:00-04:00,558.4989192920236,562.1580845152806,554.4009877287364,559.4959716796875,55588000,0.0,0.0,0.0
2025-05-08 00:00:00-04:00,563.5739323580718,568.6289957190513,560.0443884974118,563.3944702148438,65130800,0.0,0.0,0.0
2025-05-09 00:00:00-04:00,564.8102205798259,565.8272334952061,561.1012148853195,562.6765747070312,37603400,0.0,0.0,0.0
2025-05-12 00:00:00-04:00,579.7560672258437,581.2815867067962,575.3391321114739,581.2716064453125,78993600,0.0,0.0,0.0
2025-05-13 00:00:00-04:00,581.6903470478828,587.343678293745,581.1220807001266,585.1102905273438,67947200,0.0,0.0,0.0
2025-05-14 00:00:00-04:00,586.0774155967079,587.2439499583633,583.8140869943453,585.8580932617188,66283500,0.0,0.0,0.0
2025-05-15 00:00:00-04:00,583.8340232035316,589.2280501171933,583.3753571741278,588.7196044921875,71268100,0.0,0.0,0.0
2025-05-16 00:00:00-04:00,589.5072306166389,592.7476509117832,587.5430666021017,592.4485473632812,76052100,0.0,0.0,0.0
2025-05-19 00:00:00-04:00,586.3665146930052,593.784587269064,586.3665146930052,593.0966186523438,68168500,0.0,0.0,0.0
2025-05-20 00:00:00-04:00,591.341882776371,592.2990142108393,587.8621184990102,591.1025390625,60614500,0.0,0.0,0.0
2025-05-21 00:00:00-04:00,586.7055374013049,590.8333490882792,580.1050551487234,581.1419677734375,95197700,0.0,0.0,0.0
2025-05-22 00:00:00-04:00,580.942551785946,584.8909013825514,579.6962362276395,581.371337890625,70860400,0.0,0.0,0.0
2025-05-23 00:00:00-04:00,574.2822361785879,580.0950688548037,573.9033513887334,577.4030151367188,76029000,0.0,0.0,0.0
2025-05-27 00:00:00-04:00,584.3425491795706,589.5670943925401,576.725053693289,589.4075927734375,72588500,0.0,0.0,0.0
2025-05-28 00:00:00-04:00,589.8163475692377,591.0228029471133,585.2598105493923,585.9976196289062,68445500,0.0,0.0,0.0
2025-05-29 00:00:00-04:00,591.3119286527991,591.4515306022613,584.342541704147,588.310791015625,69973300,0.0,0.0,0.0
2025-05-30 00:00:00-04:00,587.194104951146,589.3876325602934,581.5208739520402,587.6527709960938,90601200,0.0,0.0,0.0
2025-06-02 00:00:00-04:00,586.0275300945058,591.0426720366128,583.3354764354921,590.9629516601562,61630500,0.0,0.0,0.0
2025-06-03 00:00:00-04:00,590.5940612123461,595.3200799781005,590.1054544048488,594.3330078125,63606200,0.0,0.0,0.0
2025-06-04 00:00:00-04:00,595.2004551527299,596.1875273458553,593.7347563998676,594.1734619140625,57314200,0.0,0.0,0.0
2025-06-05 00:00:00-04:00,595.8684581600321,597.2344151426059,589.3078360260068,591.3019409179688,92278700,0.0,0.0,0.0
2025-06-06 00:00:00-04:00,596.8953968767723,599.0590445233215,595.1007146259882,597.3740234375,66588700,0.0,0.0,0.0
2025-06-09 00:00:00-04:00,597.9522747414663,599.477794222525,596.7259196839311,597.9124145507812,53016400,0.0,0.0,0.0
2025-06-10 00:00:00-04:00,598.4507520987654,601.6911723434343,597.3241388928317,601.3023681640625,66247000,0.0,0.0,0.0
2025-06-11 00:00:00-04:00,602.4091389302424,603.2765697174132,597.5036577794746,599.5874633789062,73658200,0.0,0.0,0.0
2025-06-12 00:00:00-04:00,598.2414316391353,601.9703979492188,597.7528856906831,601.9703979492188,64129000,0.0,0.0,0.0
2025-06-13 00:00:00-04:00,596.73587404184,600.0759753105004,593.7247562563699,595.2402954101562,89506000,0.0,0.0,0.0
2025-06-16 00:00:00-04:00,598.6303165073551,602.6683667667999,598.4507935133779,600.903564453125,79984100,0.0,0.0,0.0
2025-06-17 00:00:00-04:00,598.4408921774705,599.9763310919831,595.0010489432416,595.768798828125,82209400,0.0,0.0,0.0
2025-06-18 00:00:00-04:00,596.6760685598517,599.4478427165867,594.711843595377,595.6790161132812,76605000,0.0,0.0,0.0
2025-06-20 00:00:00-04:00,598.3800048828125,599.4600219726562,592.8599853515625,594.280029296875,94051400,1.761,0.0,0.0
2025-06-23 00:00:00-04:00,595.0399780273438,600.5399780273438,591.8900146484375,600.1500244140625,87426000,0.0,0.0,0.0
2025-06-24 00:00:00-04:00,604.3300170898438,607.8499755859375,603.4099731445312,606.780029296875,67735300,0.0,0.0,0.0
2025-06-25 00:00:00-04:00,607.9099731445312,608.6099853515625,605.5399780273438,607.1199951171875,62114800,0.0,0.0,0.0
2025-06-26 00:00:00-04:00,608.989990234375,612.3099975585938,608.3699951171875,611.8699951171875,78548400,0.0,0.0,0.0
2025-06-27 00:00:00-04:00,612.8800048828125,616.3900146484375,610.8300170898438,614.9099731445312,86258400,0.0,0.0,0.0
2025-06-30 00:00:00-04:00,617.3800048828125,619.219970703125,615.0399780273438,617.8499755859375,92502500,0.0,0.0,0.0
2025-07-01 00:00:00-04:00,616.3599853515625,618.8300170898438,615.52001953125,617.6500244140625,70030100,0.0,0.0,0.0
2025-07-02 00:00:00-04:00,617.239990234375,620.489990234375,616.6099853515625,620.4500122070312,66510400,0.0,0.0,0.0
2025-07-03 00:00:00-04:00,622.4500122070312,626.280029296875,622.4299926757812,625.3400268554688,51065800,0.0,0.0,0.0
2025-07-07 00:00:00-04:00,623.3599853515625,624.030029296875,617.8699951171875,620.6799926757812,74814500,0.0,0.0,0.0
2025-07-08 00:00:00-04:00,621.3499755859375,622.1099853515625,619.52001953125,620.3400268554688,59024600,0.0,0.0,0.0
2025-07-09 00:00:00-04:00,622.77001953125,624.719970703125,620.9099731445312,624.0599975585938,66113300,0.0,0.0,0.0
2025-07-10 00:00:00-04:00,624.2000122070312,626.8699951171875,623.010009765625,625.8200073242188,57529000,0.0,0.0,0.0
2025-07-11 00:00:00-04:00,622.739990234375,624.8599853515625,621.530029296875,623.6199951171875,63624600,0.0,0.0,0.0
